TRUNCATE accepted_tests, tests, emergency_contacts, relative_conditions, relatives, report_creators, specialized_labs, insurance_covers, insurance_providers, immunized_patients, covid_exams, blood_exams, administered_vaccines, referrals, referrable_doctors, prescriptions, pharmacies, immunized_employees, immunizations, exams, lab_reports, archived_files, diagnoses, appointment_medical_conditions, medical_conditions, appointment_employees, employees, appointments, patients;

/* INSERT DATA INTO `medical_conditions` TABLE */
INSERT INTO medical_conditions (icd_code, name, parent_code) VALUES
('R000', 'Tachycardia, unspecified', 'R00'),
('R001', 'Bradycardia, unspecified', 'R00'),
('R002', 'Palpitations', 'R00'),
('R008', 'Other abnormalities of heart beat', 'R00'),
('R009', 'Unspecified abnormalities of heart beat', 'R00'),
('R010', 'Benign and innocent cardiac murmurs', 'R01'),
('R011', 'Cardiac murmur, unspecified', 'R01'),
('R012', 'Other cardiac sounds', 'R01'),
('R030', 'Elevated blood-pressure reading, w/o diagnosis of htn', 'R03'),
('R031', 'Nonspecific low blood-pressure reading', 'R03'),
('R040', 'Epistaxis', 'R04'),
('R041', 'Hemorrhage from throat', 'R04'),
('R042', 'Hemoptysis', 'R04'),
('R0481', 'Acute idiopathic pulmonary hemorrhage in infants', 'R048'),
('R0489', 'Hemorrhage from other sites in respiratory passages', 'R048'),
('R049', 'Hemorrhage from respiratory passages, unspecified', 'R04'),
('R05', 'Cough', DEFAULT),
('R0600', 'Dyspnea, unspecified', 'R060'),
('R0601', 'Orthopnea', 'R060'),
('R0602', 'Shortness of breath', 'R060'),
('R0603', 'Acute respiratory distress', 'R060'),
('R0609', 'Other forms of dyspnea', 'R060'),
('R061', 'Stridor', 'R06'),
('R062', 'Wheezing', 'R06'),
('R063', 'Periodic breathing', 'R06'),
('R064', 'Hyperventilation', 'R06'),
('R065', 'Mouth breathing', 'R06'),
('R066', 'Hiccough', 'R06'),
('R067', 'Sneezing', 'R06'),
('R0681', 'Apnea, not elsewhere classified', 'R068'),
('R0682', 'Tachypnea, not elsewhere classified', 'R068'),
('R0683', 'Snoring', 'R068'),
('R0689', 'Other abnormalities of breathing', 'R068'),
('R069', 'Unspecified abnormalities of breathing', 'R06'),
('R070', 'Pain in throat', 'R07'),
('R071', 'Chest pain on breathing', 'R07'),
('R072', 'Precordial pain', 'R07'),
('R0781', 'Pleurodynia', 'R078'),
('R0782', 'Intercostal pain', 'R078'),
('R0789', 'Other chest pain', 'R078'),
('R079', 'Chest pain, unspecified', 'R07'),
('R0901', 'Asphyxia', 'R090'),
('R0902', 'Hypoxemia', 'R090'),
('R091', 'Pleurisy', 'R09'),
('R092', 'Respiratory arrest', 'R09'),
('R093', 'Abnormal sputum', 'R09'),
('R0981', 'Nasal congestion', 'R098'),
('R0982', 'Postnasal drip', 'R098'),
('R0989', 'Oth symptoms and signs involving the circ and resp systems', 'R098'),
('R100', 'Acute abdomen', 'R10'),
('R1010', 'Upper abdominal pain, unspecified', 'R101'),
('R1011', 'Right upper quadrant pain', 'R101'),
('R1012', 'Left upper quadrant pain', 'R101'),
('R1013', 'Epigastric pain', 'R101'),
('R102', 'Pelvic and perineal pain', 'R10'),
('R1030', 'Lower abdominal pain, unspecified', 'R103'),
('R1031', 'Right lower quadrant pain', 'R103'),
('R1032', 'Left lower quadrant pain', 'R103'),
('R1033', 'Periumbilical pain', 'R103'),
('R10811', 'Right upper quadrant abdominal tenderness', 'R1081'),
('R10812', 'Left upper quadrant abdominal tenderness', 'R1081'),
('R10813', 'Right lower quadrant abdominal tenderness', 'R1081'),
('R10814', 'Left lower quadrant abdominal tenderness', 'R1081'),
('R10815', 'Periumbilic abdominal tenderness', 'R1081'),
('R10816', 'Epigastric abdominal tenderness', 'R1081'),
('R10817', 'Generalized abdominal tenderness', 'R1081'),
('R10819', 'Abdominal tenderness, unspecified site', 'R1081'),
('R10821', 'Right upper quadrant rebound abdominal tenderness', 'R1082'),
('R10822', 'Left upper quadrant rebound abdominal tenderness', 'R1082'),
('R10823', 'Right lower quadrant rebound abdominal tenderness', 'R1082'),
('R10824', 'Left lower quadrant rebound abdominal tenderness', 'R1082'),
('R10825', 'Periumbilic rebound abdominal tenderness', 'R1082'),
('R10826', 'Epigastric rebound abdominal tenderness', 'R1082'),
('R10827', 'Generalized rebound abdominal tenderness', 'R1082'),
('R10829', 'Rebound abdominal tenderness, unspecified site', 'R1082'),
('R1083', 'Colic', 'R108'),
('R1084', 'Generalized abdominal pain', 'R108'),
('R109', 'Unspecified abdominal pain', 'R10'),
('R110', 'Nausea', 'R11'),
('R1110', 'Vomiting, unspecified', 'R111'),
('R1111', 'Vomiting without nausea', 'R111'),
('R1112', 'Projectile vomiting', 'R111'),
('R1113', 'Vomiting of fecal matter', 'R111'),
('R1114', 'Bilious vomiting', 'R111'),
('R112', 'Nausea with vomiting, unspecified', 'R11'),
('R12', 'Heartburn', DEFAULT),
('R130', 'Aphagia', 'R13'),
('R1310', 'Dysphagia, unspecified', 'R131'),
('R1311', 'Dysphagia, oral phase', 'R131'),
('R1312', 'Dysphagia, oropharyngeal phase', 'R131'),
('R1313', 'Dysphagia, pharyngeal phase', 'R131'),
('R1314', 'Dysphagia, pharyngoesophageal phase', 'R131'),
('R1319', 'Other dysphagia', 'R131'),
('R140', 'Abdominal distension (gaseous)', 'R14'),
('R141', 'Gas pain', 'R14'),
('R142', 'Eructation', 'R14'),
('R143', 'Flatulence', 'R14'),
('R150', 'Incomplete defecation', 'R15'),
('R151', 'Fecal smearing', 'R15'),
('R152', 'Fecal urgency', 'R15'),
('R159', 'Full incontinence of feces', 'R15'),
('R160', 'Hepatomegaly, not elsewhere classified', 'R16'),
('R161', 'Splenomegaly, not elsewhere classified', 'R16'),
('R162', 'Hepatomegaly with splenomegaly, not elsewhere classified', 'R16'),
('R17', 'Unspecified jaundice', DEFAULT),
('R180', 'Malignant ascites', 'R18'),
('R188', 'Other ascites', 'R18'),
('R1900', 'Intra-abd and pelvic swelling, mass and lump, unsp site', 'R190'),
('R1901', 'Right upper quadrant abdominal swelling, mass and lump', 'R190'),
('R1902', 'Left upper quadrant abdominal swelling, mass and lump', 'R190'),
('R1903', 'Right lower quadrant abdominal swelling, mass and lump', 'R190'),
('R1904', 'Left lower quadrant abdominal swelling, mass and lump', 'R190'),
('R1905', 'Periumbilic swelling, mass or lump', 'R190'),
('R1906', 'Epigastric swelling, mass or lump', 'R190'),
('R1907', 'Generalized intra-abd and pelvic swelling, mass and lump', 'R190'),
('R1909', 'Other intra-abdominal and pelvic swelling, mass and lump', 'R190'),
('R1911', 'Absent bowel sounds', 'R191'),
('R1912', 'Hyperactive bowel sounds', 'R191'),
('R1915', 'Other abnormal bowel sounds', 'R191'),
('R192', 'Visible peristalsis', 'R19'),
('R1930', 'Abdominal rigidity, unspecified site', 'R193'),
('R1931', 'Right upper quadrant abdominal rigidity', 'R193'),
('R1932', 'Left upper quadrant abdominal rigidity', 'R193'),
('R1933', 'Right lower quadrant abdominal rigidity', 'R193'),
('R1934', 'Left lower quadrant abdominal rigidity', 'R193'),
('R1935', 'Periumbilic abdominal rigidity', 'R193'),
('R1936', 'Epigastric abdominal rigidity', 'R193'),
('R1937', 'Generalized abdominal rigidity', 'R193'),
('R194', 'Change in bowel habit', 'R19'),
('R195', 'Other fecal abnormalities', 'R19'),
('R196', 'Halitosis', 'R19'),
('R197', 'Diarrhea, unspecified', 'R19'),
('R198', 'Oth symptoms and signs involving the dgstv sys and abdomen', 'R19'),
('R200', 'Anesthesia of skin', 'R20'),
('R201', 'Hypoesthesia of skin', 'R20'),
('R202', 'Paresthesia of skin', 'R20'),
('R203', 'Hyperesthesia', 'R20'),
('R208', 'Other disturbances of skin sensation', 'R20'),
('R209', 'Unspecified disturbances of skin sensation', 'R20'),
('R21', 'Rash and other nonspecific skin eruption', DEFAULT),
('R220', 'Localized swelling, mass and lump, head', 'R22'),
('R221', 'Localized swelling, mass and lump, neck', 'R22'),
('R222', 'Localized swelling, mass and lump, trunk', 'R22'),
('R2230', 'Localized swelling, mass and lump, unspecified upper limb', 'R223'),
('R2231', 'Localized swelling, mass and lump, right upper limb', 'R223'),
('R2232', 'Localized swelling, mass and lump, left upper limb', 'R223'),
('R2233', 'Localized swelling, mass and lump, upper limb, bilateral', 'R223'),
('R2240', 'Localized swelling, mass and lump, unspecified lower limb', 'R224'),
('R2241', 'Localized swelling, mass and lump, right lower limb', 'R224'),
('R2242', 'Localized swelling, mass and lump, left lower limb', 'R224'),
('R2243', 'Localized swelling, mass and lump, lower limb, bilateral', 'R224'),
('R229', 'Localized swelling, mass and lump, unspecified', 'R22'),
('R230', 'Cyanosis', 'R23'),
('R231', 'Pallor', 'R23'),
('R232', 'Flushing', 'R23'),
('R233', 'Spontaneous ecchymoses', 'R23'),
('R234', 'Changes in skin texture', 'R23'),
('R238', 'Other skin changes', 'R23'),
('R239', 'Unspecified skin changes', 'R23'),
('R250', 'Abnormal head movements', 'R25'),
('R251', 'Tremor, unspecified', 'R25'),
('R252', 'Cramp and spasm', 'R25'),
('R253', 'Fasciculation', 'R25'),
('R258', 'Other abnormal involuntary movements', 'R25'),
('R259', 'Unspecified abnormal involuntary movements', 'R25'),
('R260', 'Ataxic gait', 'R26'),
('R261', 'Paralytic gait', 'R26'),
('R262', 'Difficulty in walking, not elsewhere classified', 'R26'),
('R2681', 'Unsteadiness on feet', 'R268'),
('R2689', 'Other abnormalities of gait and mobility', 'R268'),
('R269', 'Unspecified abnormalities of gait and mobility', 'R26'),
('R270', 'Ataxia, unspecified', 'R27'),
('R278', 'Other lack of coordination', 'R27'),
('R279', 'Unspecified lack of coordination', 'R27'),
('R290', 'Tetany', 'R29'),
('R291', 'Meningismus', 'R29'),
('R292', 'Abnormal reflex', 'R29'),
('R293', 'Abnormal posture', 'R29'),
('R294', 'Clicking hip', 'R29'),
('R295', 'Transient paralysis', 'R29'),
('R296', 'Repeated falls', 'R29'),
('R29700', 'NIHSS score 0', 'R2970'),
('R29701', 'NIHSS score 1', 'R2970'),
('R29702', 'NIHSS score 2', 'R2970'),
('R29703', 'NIHSS score 3', 'R2970'),
('R29704', 'NIHSS score 4', 'R2970'),
('R29705', 'NIHSS score 5', 'R2970'),
('R29706', 'NIHSS score 6', 'R2970'),
('R29707', 'NIHSS score 7', 'R2970'),
('R29708', 'NIHSS score 8', 'R2970'),
('R29709', 'NIHSS score 9', 'R2970'),
('R29710', 'NIHSS score 10', 'R2971'),
('R29711', 'NIHSS score 11', 'R2971'),
('R29712', 'NIHSS score 12', 'R2971'),
('R29713', 'NIHSS score 13', 'R2971'),
('R29714', 'NIHSS score 14', 'R2971'),
('R29715', 'NIHSS score 15', 'R2971'),
('R29716', 'NIHSS score 16', 'R2971'),
('R29717', 'NIHSS score 17', 'R2971'),
('R29718', 'NIHSS score 18', 'R2971'),
('R29719', 'NIHSS score 19', 'R2971'),
('R29720', 'NIHSS score 20', 'R2972'),
('R29721', 'NIHSS score 21', 'R2972'),
('R29722', 'NIHSS score 22', 'R2972'),
('R29723', 'NIHSS score 23', 'R2972'),
('R29724', 'NIHSS score 24', 'R2972'),
('R29725', 'NIHSS score 25', 'R2972'),
('R29726', 'NIHSS score 26', 'R2972'),
('R29727', 'NIHSS score 27', 'R2972'),
('R29728', 'NIHSS score 28', 'R2972'),
('R29729', 'NIHSS score 29', 'R2972'),
('R29730', 'NIHSS score 30', 'R2973'),
('R29731', 'NIHSS score 31', 'R2973'),
('R29732', 'NIHSS score 32', 'R2973'),
('R29733', 'NIHSS score 33', 'R2973'),
('R29734', 'NIHSS score 34', 'R2973'),
('R29735', 'NIHSS score 35', 'R2973'),
('R29736', 'NIHSS score 36', 'R2973'),
('R29737', 'NIHSS score 37', 'R2973'),
('R29738', 'NIHSS score 38', 'R2973'),
('R29739', 'NIHSS score 39', 'R2973'),
('R29740', 'NIHSS score 40', 'R2974'),
('R29741', 'NIHSS score 41', 'R2974'),
('R29742', 'NIHSS score 42', 'R2974'),
('R29810', 'Facial weakness', 'R2981'),
('R29818', 'Other symptoms and signs involving the nervous system', 'R2981'),
('R29890', 'Loss of height', 'R2989'),
('R29891', 'Ocular torticollis', 'R2989'),
('R29898', 'Oth symptoms and signs involving the musculoskeletal system', 'R2989'),
('R2990', 'Unspecified symptoms and signs involving the nervous system', 'R299'),
('R2991', 'Unsp symptoms and signs involving the musculoskeletal system', 'R299'),
('R300', 'Dysuria', 'R30'),
('R301', 'Vesical tenesmus', 'R30'),
('R309', 'Painful micturition, unspecified', 'R30'),
('R310', 'Gross hematuria', 'R31'),
('R311', 'Benign essential microscopic hematuria', 'R31'),
('R3121', 'Asymptomatic microscopic hematuria', 'R312'),
('R3129', 'Other microscopic hematuria', 'R312'),
('R319', 'Hematuria, unspecified', 'R31'),
('R32', 'Unspecified urinary incontinence', DEFAULT),
('R330', 'Drug induced retention of urine', 'R33'),
('R338', 'Other retention of urine', 'R33'),
('R339', 'Retention of urine, unspecified', 'R33'),
('R34', 'Anuria and oliguria', DEFAULT),
('R350', 'Frequency of micturition', 'R35'),
('R351', 'Nocturia', 'R35'),
('R358', 'Other polyuria', 'R35'),
('R360', 'Urethral discharge without blood', 'R36'),
('R361', 'Hematospermia', 'R36'),
('R369', 'Urethral discharge, unspecified', 'R36'),
('R37', 'Sexual dysfunction, unspecified', DEFAULT),
('R390', 'Extravasation of urine', 'R39'),
('R3911', 'Hesitancy of micturition', 'R391'),
('R3912', 'Poor urinary stream', 'R391'),
('R3913', 'Splitting of urinary stream', 'R391'),
('R3914', 'Feeling of incomplete bladder emptying', 'R391'),
('R3915', 'Urgency of urination', 'R391'),
('R3916', 'Straining to void', 'R391'),
('R39191', 'Need to immediately re-void', 'R3919'),
('R39192', 'Position dependent micturition', 'R3919'),
('R39198', 'Other difficulties with micturition', 'R3919'),
('R392', 'Extrarenal uremia', 'R39'),
('R3981', 'Functional urinary incontinence', 'R398'),
('R3982', 'Chronic bladder pain', 'R398'),
('R3983', 'Unilateral non-palpable testicle', 'R398'),
('R3984', 'Bilateral non-palpable testicles', 'R398'),
('R3989', 'Other symptoms and signs involving the genitourinary system', 'R398'),
('R399', 'Unsp symptoms and signs involving the genitourinary system', 'R39'),
('R400', 'Somnolence', 'R40'),
('R401', 'Stupor', 'R40'),
('R4020', 'Unspecified coma', 'R402'),
('R402110', 'Coma scale, eyes open, never, unspecified time', 'R40211'),
('R402111', 'Coma scale, eyes open, never, in the field', 'R40211'),
('R402112', 'Coma scale, eyes open, never, EMR', 'R40211'),
('R402113', 'Coma scale, eyes open, never, at hospital admission', 'R40211'),
('R402114', 'Coma scale, eyes open, never, 24+hrs', 'R40211'),
('R402120', 'Coma scale, eyes open, to pain, unspecified time', 'R40212'),
('R402121', 'Coma scale, eyes open, to pain, in the field', 'R40212'),
('R402122', 'Coma scale, eyes open, to pain, EMR', 'R40212'),
('R402123', 'Coma scale, eyes open, to pain, at hospital admission', 'R40212'),
('R402124', 'Coma scale, eyes open, to pain, 24+hrs', 'R40212'),
('R402130', 'Coma scale, eyes open, to sound, unspecified time', 'R40213'),
('R402131', 'Coma scale, eyes open, to sound, in the field', 'R40213'),
('R402132', 'Coma scale, eyes open, to sound, EMR', 'R40213'),
('R402133', 'Coma scale, eyes open, to sound, at hospital admission', 'R40213'),
('R402134', 'Coma scale, eyes open, to sound, 24+hrs', 'R40213'),
('R402140', 'Coma scale, eyes open, spontaneous, unspecified time', 'R40214'),
('R402141', 'Coma scale, eyes open, spontaneous, in the field', 'R40214'),
('R402142', 'Coma scale, eyes open, spontaneous, EMR', 'R40214'),
('R402143', 'Coma scale, eyes open, spontaneous, at hospital admission', 'R40214'),
('R402144', 'Coma scale, eyes open, spontaneous, 24+hrs', 'R40214'),
('R402210', 'Coma scale, best verbal response, none, unspecified time', 'R40221'),
('R402211', 'Coma scale, best verbal response, none, in the field', 'R40221'),
('R402212', 'Coma scale, best verbal response, none, EMR', 'R40221'),
('R402213', 'Coma scale, best verbal response, none, admit', 'R40221'),
('R402214', 'Coma scale, best verbal response, none, 24+hrs', 'R40221'),
('R402220', 'Coma scale, best verb, incomprehensible words, unsp time', 'R40222'),
('R402221', 'Coma scale, best verb, incomprehensible words, in the field', 'R40222'),
('R402222', 'Coma scale, best verb, incomprehensible words, EMR', 'R40222'),
('R402223', 'Coma scale, best verb, incomprehensible words, admit', 'R40222'),
('R402224', 'Coma scale, best verb, incomprehensible words, 24+hrs', 'R40222'),
('R402230', 'Coma scale, best verb, inappropriate words, unsp time', 'R40223'),
('R402231', 'Coma scale, best verb, inappropriate words, in the field', 'R40223'),
('R402232', 'Coma scale, best verbal response, inappropriate words, EMR', 'R40223'),
('R402233', 'Coma scale, best verbal response, inappropriate words, admit', 'R40223'),
('R402234', 'Coma scale, best verb, inappropriate words, 24+hrs', 'R40223'),
('R402240', 'Coma scale, best verb, confused conversation, unsp time', 'R40224'),
('R402241', 'Coma scale, best verb, confused conversation, in the field', 'R40224'),
('R402242', 'Coma scale, best verbal response, confused conversation, EMR', 'R40224'),
('R402243', 'Coma scale, best verb, confused conversation, admit', 'R40224'),
('R402244', 'Coma scale, best verb, confused conversation, 24+hrs', 'R40224'),
('R402250', 'Coma scale, best verbal response, oriented, unspecified time', 'R40225'),
('R402251', 'Coma scale, best verbal response, oriented, in the field', 'R40225'),
('R402252', 'Coma scale, best verbal response, oriented, EMR', 'R40225'),
('R402253', 'Coma scale, best verbal response, oriented, admit', 'R40225'),
('R402254', 'Coma scale, best verbal response, oriented, 24+hrs', 'R40225'),
('R402310', 'Coma scale, best motor response, none, unspecified time', 'R40231'),
('R402311', 'Coma scale, best motor response, none, in the field', 'R40231'),
('R402312', 'Coma scale, best motor response, none, EMR', 'R40231'),
('R402313', 'Coma scale, best motor response, none, at hospital admission', 'R40231'),
('R402314', 'Coma scale, best motor response, none, 24+hrs', 'R40231'),
('R402320', 'Coma scale, best motor response, extension, unspecified time', 'R40232'),
('R402321', 'Coma scale, best motor response, extension, in the field', 'R40232'),
('R402322', 'Coma scale, best motor response, extension, EMR', 'R40232'),
('R402323', 'Coma scale, best motor response, extension, admit', 'R40232'),
('R402324', 'Coma scale, best motor response, extension, 24+hrs', 'R40232'),
('R402330', 'Coma scale, best motor response, abnormal, unspecified time', 'R40233'),
('R402331', 'Coma scale, best motor response, abnormal, in the field', 'R40233'),
('R402332', 'Coma scale, best motor response, abnormal, EMR', 'R40233'),
('R402333', 'Coma scale, best motor response, abnormal, admit', 'R40233'),
('R402334', 'Coma scale, best motor response, abnormal, 24+hrs', 'R40233'),
('R402340', 'Coma scale, best motor, flexion withdrawal, unsp time', 'R40234'),
('R402341', 'Coma scale, best motor, flexion withdrawal, in the field', 'R40234'),
('R402342', 'Coma scale, best motor response, flexion withdrawal, EMR', 'R40234'),
('R402343', 'Coma scale, best motor response, flexion withdrawal, admit', 'R40234'),
('R402344', 'Coma scale, best motor response, flexion withdrawal, 24+hrs', 'R40234'),
('R402350', 'Coma scale, best motor response, localizes pain, unsp time', 'R40235'),
('R402351', 'Coma scale, best motor, localizes pain, in the field', 'R40235'),
('R402352', 'Coma scale, best motor response, localizes pain, EMR', 'R40235'),
('R402353', 'Coma scale, best motor response, localizes pain, admit', 'R40235'),
('R402354', 'Coma scale, best motor response, localizes pain, 24+hrs', 'R40235'),
('R402360', 'Coma scale, best motor response, obeys commands, unsp time', 'R40236'),
('R402361', 'Coma scale, best motor, obeys commands, in the field', 'R40236'),
('R402362', 'Coma scale, best motor response, obeys commands, EMR', 'R40236'),
('R402363', 'Coma scale, best motor response, obeys commands, admit', 'R40236'),
('R402364', 'Coma scale, best motor response, obeys commands, 24+hrs', 'R40236'),
('R402410', 'Glasgow coma scale score 13-15, unspecified time', 'R40241'),
('R402411', 'Glasgow coma scale score 13-15, in the field', 'R40241'),
('R402412', 'Glasgow coma scale score 13-15, EMR', 'R40241'),
('R402413', 'Glasgow coma scale score 13-15, at hospital admission', 'R40241'),
('R402414', 'Glasgow coma scale score 13-15, 24+hrs', 'R40241'),
('R402420', 'Glasgow coma scale score 9-12, unspecified time', 'R40242'),
('R402421', 'Glasgow coma scale score 9-12, in the field', 'R40242'),
('R402422', 'Glasgow coma scale score 9-12, EMR', 'R40242'),
('R402423', 'Glasgow coma scale score 9-12, at hospital admission', 'R40242'),
('R402424', 'Glasgow coma scale score 9-12, 24+hrs', 'R40242'),
('R402430', 'Glasgow coma scale score 3-8, unspecified time', 'R40243'),
('R402431', 'Glasgow coma scale score 3-8, in the field', 'R40243'),
('R402432', 'Glasgow coma scale score 3-8, EMR', 'R40243'),
('R402433', 'Glasgow coma scale score 3-8, at hospital admission', 'R40243'),
('R402434', 'Glasgow coma scale score 3-8, 24+hrs', 'R40243'),
('R402440', 'Other coma, without Glasgow, or w/part score, unsp time', 'R40244'),
('R402441', 'Other coma, without Glasgow, or w/part score, in the field', 'R40244'),
('R402442', 'Other coma, without documented Glasgow, or w/part score, EMR', 'R40244'),
('R402443', 'Other coma, without Glasgow, or w/part score, admit', 'R40244'),
('R402444', 'Other coma, without Glasgow, or w/part score, 24+hrs', 'R40244'),
('R403', 'Persistent vegetative state', 'R40'),
('R404', 'Transient alteration of awareness', 'R40'),
('R410', 'Disorientation, unspecified', 'R41'),
('R411', 'Anterograde amnesia', 'R41'),
('R412', 'Retrograde amnesia', 'R41'),
('R413', 'Other amnesia', 'R41'),
('R414', 'Neurologic neglect syndrome', 'R41'),
('R4181', 'Age-related cognitive decline', 'R418'),
('R4182', 'Altered mental status, unspecified', 'R418'),
('R4183', 'Borderline intellectual functioning', 'R418'),
('R41840', 'Attention and concentration deficit', 'R4184'),
('R41841', 'Cognitive communication deficit', 'R4184'),
('R41842', 'Visuospatial deficit', 'R4184'),
('R41843', 'Psychomotor deficit', 'R4184'),
('R41844', 'Frontal lobe and executive function deficit', 'R4184'),
('R4189', 'Oth symptoms and signs w cognitive functions and awareness', 'R418'),
('R419', 'Unsp symptoms and signs w cognitive functions and awareness', 'R41'),
('R42', 'Dizziness and giddiness', DEFAULT),
('R430', 'Anosmia', 'R43'),
('R431', 'Parosmia', 'R43'),
('R432', 'Parageusia', 'R43'),
('R438', 'Other disturbances of smell and taste', 'R43'),
('R439', 'Unspecified disturbances of smell and taste', 'R43'),
('R440', 'Auditory hallucinations', 'R44'),
('R441', 'Visual hallucinations', 'R44'),
('R442', 'Other hallucinations', 'R44'),
('R443', 'Hallucinations, unspecified', 'R44'),
('R448', 'Oth symptoms and signs w general sensations and perceptions', 'R44'),
('R449', 'Unsp symptoms and signs w general sensations and perceptions', 'R44'),
('R450', 'Nervousness', 'R45'),
('R451', 'Restlessness and agitation', 'R45'),
('R452', 'Unhappiness', 'R45'),
('R453', 'Demoralization and apathy', 'R45'),
('R454', 'Irritability and anger', 'R45'),
('R455', 'Hostility', 'R45'),
('R456', 'Violent behavior', 'R45'),
('R457', 'State of emotional shock and stress, unspecified', 'R45'),
('R4581', 'Low self-esteem', 'R458'),
('R4582', 'Worries', 'R458'),
('R4583', 'Excessive crying of child, adolescent or adult', 'R458'),
('R4584', 'Anhedonia', 'R458'),
('R45850', 'Homicidal ideations', 'R4585'),
('R45851', 'Suicidal ideations', 'R4585'),
('R4586', 'Emotional lability', 'R458'),
('R4587', 'Impulsiveness', 'R458'),
('R4589', 'Other symptoms and signs involving emotional state', 'R458'),
('R460', 'Very low level of personal hygiene', 'R46'),
('R461', 'Bizarre personal appearance', 'R46'),
('R462', 'Strange and inexplicable behavior', 'R46'),
('R463', 'Overactivity', 'R46'),
('R464', 'Slowness and poor responsiveness', 'R46'),
('R465', 'Suspiciousness and marked evasiveness', 'R46'),
('R466', 'Undue concern and preoccupation with stressful events', 'R46'),
('R467', 'Verbosity and circumstantial detail obscuring rsn for cntct', 'R46'),
('R4681', 'Obsessive-compulsive behavior', 'R468'),
('R4689', 'Other symptoms and signs involving appearance and behavior', 'R468'),
('R4701', 'Aphasia', 'R470'),
('R4702', 'Dysphasia', 'R470'),
('R471', 'Dysarthria and anarthria', 'R47'),
('R4781', 'Slurred speech', 'R478'),
('R4782', 'Fluency disorder in conditions classified elsewhere', 'R478'),
('R4789', 'Other speech disturbances', 'R478'),
('R479', 'Unspecified speech disturbances', 'R47'),
('R480', 'Dyslexia and alexia', 'R48'),
('R481', 'Agnosia', 'R48'),
('R482', 'Apraxia', 'R48'),
('R483', 'Visual agnosia', 'R48'),
('R488', 'Other symbolic dysfunctions', 'R48'),
('R489', 'Unspecified symbolic dysfunctions', 'R48'),
('R490', 'Dysphonia', 'R49'),
('R491', 'Aphonia', 'R49'),
('R4921', 'Hypernasality', 'R492'),
('R4922', 'Hyponasality', 'R492'),
('R498', 'Other voice and resonance disorders', 'R49'),
('R499', 'Unspecified voice and resonance disorder', 'R49'),
('R502', 'Drug induced fever', 'R50'),
('R5081', 'Fever presenting with conditions classified elsewhere', 'R508'),
('R5082', 'Postprocedural fever', 'R508'),
('R5083', 'Postvaccination fever', 'R508'),
('R5084', 'Febrile nonhemolytic transfusion reaction', 'R508'),
('R509', 'Fever, unspecified', 'R50'),
('R51', 'Headache', DEFAULT),
('R52', 'Pain, unspecified', DEFAULT),
('R530', 'Neoplastic (malignant) related fatigue', 'R53'),
('R531', 'Weakness', 'R53'),
('R532', 'Functional quadriplegia', 'R53'),
('R5381', 'Other malaise', 'R538'),
('R5382', 'Chronic fatigue, unspecified', 'R538'),
('R5383', 'Other fatigue', 'R538'),
('R54', 'Age-related physical debility', DEFAULT),
('R55', 'Syncope and collapse', DEFAULT),
('R5600', 'Simple febrile convulsions', 'R560'),
('R5601', 'Complex febrile convulsions', 'R560'),
('R561', 'Post traumatic seizures', 'R56'),
('R569', 'Unspecified convulsions', 'R56'),
('R570', 'Cardiogenic shock', 'R57'),
('R571', 'Hypovolemic shock', 'R57'),
('R578', 'Other shock', 'R57'),
('R579', 'Shock, unspecified', 'R57'),
('R58', 'Hemorrhage, not elsewhere classified', DEFAULT),
('R590', 'Localized enlarged lymph nodes', 'R59'),
('R591', 'Generalized enlarged lymph nodes', 'R59'),
('R599', 'Enlarged lymph nodes, unspecified', 'R59'),
('R600', 'Localized edema', 'R60'),
('R601', 'Generalized edema', 'R60'),
('R609', 'Edema, unspecified', 'R60'),
('R61', 'Generalized hyperhidrosis', DEFAULT),
('R620', 'Delayed milestone in childhood', 'R62'),
('R6250', 'Unsp lack of expected normal physiol dev in childhood', 'R625'),
('R6251', 'Failure to thrive (child)', 'R625'),
('R6252', 'Short stature (child)', 'R625'),
('R6259', 'Oth lack of expected normal physiol development in childhood', 'R625'),
('R627', 'Adult failure to thrive', 'R62'),
('R630', 'Anorexia', 'R63'),
('R631', 'Polydipsia', 'R63'),
('R632', 'Polyphagia', 'R63'),
('R633', 'Feeding difficulties', 'R63'),
('R634', 'Abnormal weight loss', 'R63'),
('R635', 'Abnormal weight gain', 'R63'),
('R636', 'Underweight', 'R63'),
('R638', 'Other symptoms and signs concerning food and fluid intake', 'R63'),
('R64', 'Cachexia', DEFAULT),
('R6510', 'SIRS of non-infectious origin w/o acute organ dysfunction', 'R651'),
('R6511', 'SIRS of non-infectious origin w acute organ dysfunction', 'R651'),
('R6520', 'Severe sepsis without septic shock', 'R652'),
('R6521', 'Severe sepsis with septic shock', 'R652'),
('R680', 'Hypothermia, not associated w low environmental temperature', 'R68'),
('R6811', 'Excessive crying of infant (baby)', 'R681'),
('R6812', 'Fussy infant (baby)', 'R681'),
('R6813', 'Apparent life threatening event in infant (ALTE)', 'R681'),
('R6819', 'Other nonspecific symptoms peculiar to infancy', 'R681'),
('R682', 'Dry mouth, unspecified', 'R68'),
('R683', 'Clubbing of fingers', 'R68'),
('R6881', 'Early satiety', 'R688'),
('R6882', 'Decreased libido', 'R688'),
('R6883', 'Chills (without fever)', 'R688'),
('R6884', 'Jaw pain', 'R688'),
('R6889', 'Other general symptoms and signs', 'R688'),
('R69', 'Illness, unspecified', DEFAULT),
('R700', 'Elevated erythrocyte sedimentation rate', 'R70'),
('R701', 'Abnormal plasma viscosity', 'R70'),
('R710', 'Precipitous drop in hematocrit', 'R71'),
('R718', 'Other abnormality of red blood cells', 'R71'),
('R7301', 'Impaired fasting glucose', 'R730'),
('R7302', 'Impaired glucose tolerance (oral)', 'R730'),
('R7303', 'Prediabetes', 'R730'),
('R7309', 'Other abnormal glucose', 'R730'),
('R739', 'Hyperglycemia, unspecified', 'R73'),
('R740', 'Nonspec elev of levels of transamns & lactic acid dehydrgnse', 'R74'),
('R748', 'Abnormal levels of other serum enzymes', 'R74'),
('R749', 'Abnormal serum enzyme level, unspecified', 'R74'),
('R75', 'Inconclusive laboratory evidence of human immunodef virus', DEFAULT),
('R760', 'Raised antibody titer', 'R76'),
('R7611', 'Nonspecific reaction to skin test w/o active tuberculosis', 'R761'),
('R7612', 'Nonspec reaction to gamma intrfrn respns w/o actv tubrclosis', 'R761'),
('R768', 'Other specified abnormal immunological findings in serum', 'R76'),
('R769', 'Abnormal immunological finding in serum, unspecified', 'R76'),
('R770', 'Abnormality of albumin', 'R77'),
('R771', 'Abnormality of globulin', 'R77'),
('R772', 'Abnormality of alphafetoprotein', 'R77'),
('R778', 'Other specified abnormalities of plasma proteins', 'R77'),
('R779', 'Abnormality of plasma protein, unspecified', 'R77'),
('R780', 'Finding of alcohol in blood', 'R78'),
('R781', 'Finding of opiate drug in blood', 'R78'),
('R782', 'Finding of cocaine in blood', 'R78'),
('R783', 'Finding of hallucinogen in blood', 'R78'),
('R784', 'Finding of other drugs of addictive potential in blood', 'R78'),
('R785', 'Finding of other psychotropic drug in blood', 'R78'),
('R786', 'Finding of steroid agent in blood', 'R78'),
('R7871', 'Abnormal lead level in blood', 'R787'),
('R7879', 'Finding of abnormal level of heavy metals in blood', 'R787'),
('R7881', 'Bacteremia', 'R788'),
('R7889', 'Finding of oth substances, not normally found in blood', 'R788'),
('R789', 'Finding of unsp substance, not normally found in blood', 'R78'),
('R790', 'Abnormal level of blood mineral', 'R79'),
('R791', 'Abnormal coagulation profile', 'R79'),
('R7981', 'Abnormal blood-gas level', 'R798'),
('R7982', 'Elevated C-reactive protein (CRP)', 'R798'),
('R7989', 'Other specified abnormal findings of blood chemistry', 'R798'),
('R799', 'Abnormal finding of blood chemistry, unspecified', 'R79'),
('R800', 'Isolated proteinuria', 'R80'),
('R801', 'Persistent proteinuria, unspecified', 'R80'),
('R802', 'Orthostatic proteinuria, unspecified', 'R80'),
('R803', 'Bence Jones proteinuria', 'R80'),
('R808', 'Other proteinuria', 'R80'),
('R809', 'Proteinuria, unspecified', 'R80'),
('R81', 'Glycosuria', DEFAULT),
('R820', 'Chyluria', 'R82'),
('R821', 'Myoglobinuria', 'R82'),
('R822', 'Biliuria', 'R82'),
('R823', 'Hemoglobinuria', 'R82'),
('R824', 'Acetonuria', 'R82'),
('R825', 'Elevated urine levels of drug/meds/biol subst', 'R82'),
('R826', 'Abnormal urine levels of substances chiefly nonmed source', 'R82'),
('R8271', 'Bacteriuria', 'R827'),
('R8279', 'Other abnormal findings on microbiolog examination of urine', 'R827'),
('R828', 'Abnormal findings on cytolog and histolog exam of urine', 'R82'),
('R8290', 'Unspecified abnormal findings in urine', 'R829'),
('R8291', 'Other chromoabnormalities of urine', 'R829'),
('R8299', 'Other abnormal findings in urine', 'R829'),
('R830', 'Abnormal level of enzymes in cerebrospinal fluid', 'R83'),
('R831', 'Abnormal level of hormones in cerebrospinal fluid', 'R83'),
('R832', 'Abn lev drug/meds/biol subst in cerebrospinal fluid', 'R83'),
('R833', 'Abn lev substances chiefly nonmedicinal as to source in CSF', 'R83'),
('R834', 'Abnormal immunological findings in cerebrospinal fluid', 'R83'),
('R835', 'Abnormal microbiological findings in cerebrospinal fluid', 'R83'),
('R836', 'Abnormal cytological findings in cerebrospinal fluid', 'R83'),
('R838', 'Other abnormal findings in cerebrospinal fluid', 'R83'),
('R839', 'Unspecified abnormal finding in cerebrospinal fluid', 'R83'),
('R840', 'Abnormal level of enzymes in specimens from resp org/thrx', 'R84'),
('R841', 'Abnormal level of hormones in specimens from resp org/thrx', 'R84'),
('R842', 'Abn lev drug/meds/biol subst in specimens from resp org/thrx', 'R84'),
('R843', 'Abn lev substnc nonmed source in specmn from resp org/thrx', 'R84'),
('R844', 'Abnormal immunolog findings in specimens from resp org/thrx', 'R84'),
('R845', 'Abnormal microbiolog findings in specmn from resp org/thrx', 'R84'),
('R846', 'Abnormal cytolog findings in specimens from resp org/thrx', 'R84'),
('R847', 'Abnormal histolog findings in specimens from resp org/thrx', 'R84'),
('R848', 'Oth abnormal findings in specimens from resp org/thrx', 'R84'),
('R849', 'Unsp abnormal finding in specimens from resp org/thrx', 'R84'),
('R850', 'Abn lev enzymes in specimens from dgstv org/abd cav', 'R85'),
('R851', 'Abn lev hormones in specimens from dgstv org/abd cav', 'R85'),
('R852', 'Abn lev drug/meds/biol subst in specmn fr dgstv org/abd cav', 'R85'),
('R853', 'Abn lev substnc nonmed source in specmn fr dgstv org/abd cav', 'R85'),
('R854', 'Abnormal immunolog findings in specmn from dgstv org/abd cav', 'R85'),
('R855', 'Abn microbiolog findings in specmn from dgstv org/abd cav', 'R85'),
('R85610', 'Atyp squam cell of undet signfc cyto smr anus (ASC-US)', 'R8561'),
('R85611', 'Atyp squam cell not excl hi grd intrepith lesn cyto smr anus', 'R8561'),
('R85612', 'Low grade intrepith lesion cyto smr anus (LGSIL)', 'R8561'),
('R85613', 'High grade intrepith lesion cyto smr anus (HGSIL)', 'R8561'),
('R85614', 'Cytologic evidence of malignancy on smear of anus', 'R8561'),
('R85615', 'Unsatisfactory cytologic smear of anus', 'R8561'),
('R85616', 'Satisfactory anal smear but lacking transformation zone', 'R8561'),
('R85618', 'Other abnormal cytological findings on specimens from anus', 'R8561'),
('R85619', 'Unsp abnormal cytological findings in specimens from anus', 'R8561'),
('R8569', 'Abn cytolog findings in specmn from oth dgstv org/abd cav', 'R856'),
('R857', 'Abnormal histolog findings in specmn from dgstv org/abd cav', 'R85'),
('R8581', 'Anal high risk human papillomavirus (HPV) DNA test positive', 'R858'),
('R8582', 'Anal low risk human papillomavirus (HPV) DNA test positive', 'R858'),
('R8589', 'Oth abnormal findings in specimens from dgstv org/abd cav', 'R858'),
('R859', 'Unsp abnormal finding in specimens from dgstv org/abd cav', 'R85'),
('R860', 'Abn lev enzymes in specimens from male genital organs', 'R86'),
('R861', 'Abn lev hormones in specimens from male genital organs', 'R86'),
('R862', 'Abn lev drug/meds/biol subst in specmn from male gntl organs', 'R86'),
('R863', 'Abn lev substnc nonmed source in specmn from male gntl org', 'R86'),
('R864', 'Abn immunolog findings in specmn from male genital organs', 'R86'),
('R865', 'Abn microbiolog findings in specmn from male genital organs', 'R86'),
('R866', 'Abnormal cytolog findings in specmn from male genital organs', 'R86'),
('R867', 'Abn histolog findings in specmn from male genital organs', 'R86'),
('R868', 'Oth abnormal findings in specimens from male genital organs', 'R86'),
('R869', 'Unsp abnormal finding in specimens from male genital organs', 'R86'),
('R870', 'Abn lev enzymes in specimens from female genital organs', 'R87'),
('R871', 'Abn lev hormones in specimens from female genital organs', 'R87'),
('R872', 'Abn lev drug/meds/biol subst in specmn from fem gntl organs', 'R87'),
('R873', 'Abn lev substnc nonmed source in specmn from fem gntl organs', 'R87'),
('R874', 'Abn immunolog findings in specmn from female genital organs', 'R87'),
('R875', 'Abn microbiolog find in specmn from female genital organs', 'R87'),
('R87610', 'Atyp squam cell of undet signfc cyto smr crvx (ASC-US)', 'R8761'),
('R87611', 'Atyp squam cell not excl hi grd intrepith lesn cyto smr crvx', 'R8761'),
('R87612', 'Low grade intrepith lesion cyto smr crvx (LGSIL)', 'R8761'),
('R87613', 'High grade intrepith lesion cyto smr crvx (HGSIL)', 'R8761'),
('R87614', 'Cytologic evidence of malignancy on smear of cervix', 'R8761'),
('R87615', 'Unsatisfactory cytologic smear of cervix', 'R8761'),
('R87616', 'Satisfactory cervical smear but lacking transformation zone', 'R8761'),
('R87618', 'Oth abnormal cytolog findings on specimens from cervix uteri', 'R8761'),
('R87619', 'Unsp abnormal cytolog findings in specmn from cervix uteri', 'R8761'),
('R87620', 'Atyp squam cell of undet signfc cyto smr vagn (ASC-US)', 'R8762'),
('R87621', 'Atyp squam cell not excl hi grd intrepith lesn cyto smr vagn', 'R8762'),
('R87622', 'Low grade intrepith lesion cyto smr vagn (LGSIL)', 'R8762'),
('R87623', 'High grade intrepith lesion cyto smr vagn (HGSIL)', 'R8762'),
('R87624', 'Cytologic evidence of malignancy on smear of vagina', 'R8762'),
('R87625', 'Unsatisfactory cytologic smear of vagina', 'R8762'),
('R87628', 'Other abnormal cytological findings on specimens from vagina', 'R8762'),
('R87629', 'Unsp abnormal cytological findings in specimens from vagina', 'R8762'),
('R8769', 'Abn cytolog find in specmn from oth female genital organs', 'R876'),
('R877', 'Abn histolog findings in specmn from female genital organs', 'R87'),
('R87810', 'Cervical high risk HPV DNA test positive', 'R8781'),
('R87811', 'Vaginal high risk HPV DNA test positive', 'R8781'),
('R87820', 'Cervical low risk HPV DNA test positive', 'R8782'),
('R87821', 'Vaginal low risk HPV DNA test positive', 'R8782'),
('R8789', 'Oth abnormal findings in specmn from female genital organs', 'R878'),
('R879', 'Unsp abnormal finding in specmn from female genital organs', 'R87'),
('R880', 'Cloudy (hemodialysis) (peritoneal) dialysis effluent', 'R88'),
('R888', 'Abnormal findings in other body fluids and substances', 'R88'),
('R890', 'Abnormal level of enzymes in specimens from oth org/tiss', 'R89'),
('R891', 'Abnormal level of hormones in specimens from oth org/tiss', 'R89'),
('R892', 'Abn lev drug/meds/biol subst in specimens from oth org/tiss', 'R89'),
('R893', 'Abn lev substnc nonmed source in specmn from oth org/tiss', 'R89'),
('R894', 'Abnormal immunolog findings in specimens from oth org/tiss', 'R89'),
('R895', 'Abnormal microbiolog findings in specimens from oth org/tiss', 'R89'),
('R896', 'Abnormal cytological findings in specimens from oth org/tiss', 'R89'),
('R897', 'Abnormal histolog findings in specimens from oth org/tiss', 'R89'),
('R898', 'Oth abnormal findings in specimens from oth org/tiss', 'R89'),
('R899', 'Unsp abnormal finding in specimens from oth org/tiss', 'R89'),
('R900', 'Intcrn space-occupying lesion found on dx imaging of cnsl', 'R90'),
('R9081', 'Abnormal echoencephalogram', 'R908'),
('R9082', 'White matter disease, unspecified', 'R908'),
('R9089', 'Oth abnormal findings on diagnostic imaging of cnsl', 'R908'),
('R911', 'Solitary pulmonary nodule', 'R91'),
('R918', 'Other nonspecific abnormal finding of lung field', 'R91'),
('R920', 'Mammographic microcalcification found on dx imaging of brst', 'R92'),
('R921', 'Mammographic calcifcn found on diagnostic imaging of breast', 'R92'),
('R922', 'Inconclusive mammogram', 'R92'),
('R928', 'Oth abn and inconclusive findings on dx imaging of breast', 'R92'),
('R930', 'Abnormal findings on dx imaging of skull and head, NEC', 'R93'),
('R931', 'Abnormal findings on dx imaging of heart and cor circ', 'R93'),
('R932', 'Abnormal findings on dx imaging of liver and biliary tract', 'R93'),
('R933', 'Abnormal findings on dx imaging of prt digestive tract', 'R93'),
('R9341', 'Abn radlgc find on dx imaging renal pelv, ureter, or blddr', 'R934'),
('R93421', 'Abnormal radiologic findings on dx imaging of r kidney', 'R9342'),
('R93422', 'Abnormal radiologic findings on dx imaging of left kidney', 'R9342'),
('R93429', 'Abnormal radiologic findings on dx imaging of unsp kidney', 'R9342'),
('R9349', 'Abn radlgc findings on dx imaging of other urinary organs', 'R934'),
('R935', 'Abn findings on dx imaging of abd regions, inc retroperiton', 'R93'),
('R936', 'Abnormal findings on diagnostic imaging of limbs', 'R93'),
('R937', 'Abnormal findings on diagnostic imaging of prt ms sys', 'R93'),
('R938', 'Abnormal findings on diagnostic imaging of body structures', 'R93'),
('R939', 'Dx imaging inconclusive due to excess body fat of patient', 'R93'),
('R9401', 'Abnormal electroencephalogram [EEG]', 'R940'),
('R9402', 'Abnormal brain scan', 'R940'),
('R9409', 'Abnormal results of function studies of cnsl', 'R940'),
('R94110', 'Abnormal electro-oculogram [EOG]', 'R9411'),
('R94111', 'Abnormal electroretinogram [ERG]', 'R9411'),
('R94112', 'Abnormal visually evoked potential [VEP]', 'R9411'),
('R94113', 'Abnormal oculomotor study', 'R9411'),
('R94118', 'Abnormal results of other function studies of eye', 'R9411'),
('R94120', 'Abnormal auditory function study', 'R9412'),
('R94121', 'Abnormal vestibular function study', 'R9412'),
('R94128', 'Abn results of function studies of ear and oth sp senses', 'R9412'),
('R94130', 'Abnormal response to nerve stimulation, unspecified', 'R9413'),
('R94131', 'Abnormal electromyogram [EMG]', 'R9413'),
('R94138', 'Abnormal results of function studies of prph nervous sys', 'R9413'),
('R942', 'Abnormal results of pulmonary function studies', 'R94'),
('R9430', 'Abnormal result of cardiovascular function study, unsp', 'R943'),
('R9431', 'Abnormal electrocardiogram [ECG] [EKG]', 'R943'),
('R9439', 'Abnormal result of other cardiovascular function study', 'R943'),
('R944', 'Abnormal results of kidney function studies', 'R94'),
('R945', 'Abnormal results of liver function studies', 'R94'),
('R946', 'Abnormal results of thyroid function studies', 'R94'),
('R947', 'Abnormal results of other endocrine function studies', 'R94'),
('R948', 'Abnormal results of function studies of organs and systems', 'R94'),
('R970', 'Elevated carcinoembryonic antigen [CEA]', 'R97'),
('R971', 'Elevated cancer antigen 125 [CA 125]', 'R97'),
('R9720', 'Elevated prostate specific antigen [PSA]', 'R972'),
('R9721', 'Rising PSA fol treatment for malignant neoplasm of prostate', 'R972'),
('R978', 'Other abnormal tumor markers', 'R97'),
('R99', 'Ill-defined and unknown cause of mortality', DEFAULT),
('R00', 'Abnormalities of heart beat', DEFAULT),
('R01', 'Cardiac murmurs and other cardiac sounds', DEFAULT),
('R03', 'Abnormal blood-pressure reading, without diagnosis', DEFAULT),
('R04', 'Hemorrhage from respiratory passages', DEFAULT),
('R048', 'Hemorrhage from other sites in respiratory passages', 'R04'),
('R06', 'Abnormalities of breathing', DEFAULT),
('R060', 'Dyspnea', 'R06'),
('R068', 'Other abnormalities of breathing', 'R06'),
('R07', 'Pain in throat and chest', DEFAULT),
('R078', 'Other chest pain', 'R07'),
('R09', 'Other symptoms and signs involving the circulatory and respiratory system', DEFAULT),
('R090', 'Asphyxia and hypoxemia', 'R09'),
('R098', 'Other specified symptoms and signs involving the circulatory and respiratory systems', 'R09'),
('R10', 'Abdominal and pelvic pain', DEFAULT),
('R101', 'Pain localized to upper abdomen', 'R10'),
('R103', 'Pain localized to other parts of lower abdomen', 'R10'),
('R108', 'Other abdominal pain', 'R10'),
('R1081', 'Abdominal tenderness', 'R108'),
('R1082', 'Rebound abdominal tenderness', 'R108'),
('R11', 'Nausea and vomiting', DEFAULT),
('R111', 'Vomiting', 'R11'),
('R13', 'Aphagia and dysphagia', DEFAULT),
('R131', 'Dysphagia', 'R13'),
('R14', 'Flatulence and related conditions', DEFAULT),
('R15', 'Fecal incontinence', DEFAULT),
('R16', 'Hepatomegaly and splenomegaly, not elsewhere classified', DEFAULT),
('R18', 'Ascites', DEFAULT),
('R19', 'Other symptoms and signs involving the digestive system and abdomen', DEFAULT),
('R190', 'Intra-abdominal and pelvic swelling, mass and lump', 'R19'),
('R191', 'Abnormal bowel sounds', 'R19'),
('R193', 'Abdominal rigidity', 'R19'),
('R20', 'Disturbances of skin sensation', DEFAULT),
('R22', 'Localized swelling, mass and lump of skin and subcutaneous tissue', DEFAULT),
('R223', 'Localized swelling, mass and lump, upper limb', 'R22'),
('R224', 'Localized swelling, mass and lump, lower limb', 'R22'),
('R23', 'Other skin changes', DEFAULT),
('R25', 'Abnormal involuntary movements', DEFAULT),
('R26', 'Abnormalities of gait and mobility', DEFAULT),
('R268', 'Other abnormalities of gait and mobility', 'R26'),
('R27', 'Other lack of coordination', DEFAULT),
('R29', 'Other symptoms and signs involving the nervous and musculoskeletal systems', DEFAULT),
('R297', 'National Institutes of Health Stroke Scale (NIHSS) score', 'R29'),
('R2970', 'NIHSS score 0-9', 'R297'),
('R2971', 'NIHSS score 10-19', 'R297'),
('R2972', 'NIHSS score 20-29', 'R297'),
('R2973', 'NIHSS score 30-39', 'R297'),
('R2974', 'NIHSS score 40-42', 'R297'),
('R298', 'Other symptoms and signs involving the nervous and musculoskeletal systems', 'R29'),
('R2981', 'Other symptoms and signs involving the nervous system', 'R298'),
('R2989', 'Other symptoms and signs involving the musculoskeletal system', 'R298'),
('R299', 'Unspecified symptoms and signs involving the nervous and musculoskeletal systems', 'R29'),
('R30', 'Pain associated with micturition', DEFAULT),
('R31', 'Hematuria', DEFAULT),
('R312', 'Other microscopic hematuria', 'R31'),
('R33', 'Retention of urine', DEFAULT),
('R35', 'Polyuria', DEFAULT),
('R36', 'Urethral discharge', DEFAULT),
('R39', 'Other and unspecified symptoms and signs involving the genitourinary system', DEFAULT),
('R391', 'Other difficulties with micturition', 'R39'),
('R3919', 'Other difficulties with micturition', 'R391'),
('R398', 'Other symptoms and signs involving the genitourinary system', 'R39'),
('R40', 'Somnolence, stupor and coma', DEFAULT),
('R402', 'Coma', 'R40'),
('R4021', 'Coma scale, eyes open', 'R402'),
('R40211', 'Coma scale, eyes open, never', 'R4021'),
('R40212', 'Coma scale, eyes open, to pain', 'R4021'),
('R40213', 'Coma scale, eyes open, to sound', 'R4021'),
('R40214', 'Coma scale, eyes open, spontaneous', 'R4021'),
('R4022', 'Coma scale, best verbal response', 'R402'),
('R40221', 'Coma scale, best verbal response, none', 'R4022'),
('R40222', 'Coma scale, best verbal response, incomprehensible words', 'R4022'),
('R40223', 'Coma scale, best verbal response, inappropriate words', 'R4022'),
('R40224', 'Coma scale, best verbal response, confused conversation', 'R4022'),
('R40225', 'Coma scale, best verbal response, oriented', 'R4022'),
('R4023', 'Coma scale, best motor response', 'R402'),
('R40231', 'Coma scale, best motor response, none', 'R4023'),
('R40232', 'Coma scale, best motor response, extension', 'R4023'),
('R40233', 'Coma scale, best motor response, abnormal', 'R4023'),
('R40234', 'Coma scale, best motor response, flexion withdrawal', 'R4023'),
('R40235', 'Coma scale, best motor response, localizes pain', 'R4023'),
('R40236', 'Coma scale, best motor response, obeys commands', 'R4023'),
('R4024', 'Glasgow coma scale, total score', 'R402'),
('R40241', 'Glasgow coma scale score 13-15', 'R4024'),
('R40242', 'Glasgow coma scale score 9-12', 'R4024'),
('R40243', 'Glasgow coma scale score 3-8', 'R4024'),
('R40244', 'Other coma, without documented Glasgow coma scale score, or with partial score reported', 'R4024'),
('R41', 'Other symptoms and signs involving cognitive functions and awareness', DEFAULT),
('R418', 'Other symptoms and signs involving cognitive functions and awareness', 'R41'),
('R4184', 'Other specified cognitive deficit', 'R418'),
('R43', 'Disturbances of smell and taste', DEFAULT),
('R44', 'Other symptoms and signs involving general sensations and perceptions', DEFAULT),
('R45', 'Symptoms and signs involving emotional state', DEFAULT),
('R458', 'Other symptoms and signs involving emotional state', 'R45'),
('R4585', 'Homicidal and suicidal ideations', 'R458'),
('R46', 'Symptoms and signs involving appearance and behavior', DEFAULT),
('R468', 'Other symptoms and signs involving appearance and behavior', 'R46'),
('R47', 'Speech disturbances, not elsewhere classified', DEFAULT),
('R470', 'Dysphasia and aphasia', 'R47'),
('R478', 'Other speech disturbances', 'R47'),
('R48', 'Dyslexia and other symbolic dysfunctions, not elsewhere classified', DEFAULT),
('R49', 'Voice and resonance disorders', DEFAULT),
('R492', 'Hypernasality and hyponasality', 'R49'),
('R50', 'Fever of other and unknown origin', DEFAULT),
('R508', 'Other specified fever', 'R50'),
('R53', 'Malaise and fatigue', DEFAULT),
('R538', 'Other malaise and fatigue', 'R53'),
('R56', 'Convulsions, not elsewhere classified', DEFAULT),
('R560', 'Febrile convulsions', 'R56'),
('R57', 'Shock, not elsewhere classified', DEFAULT),
('R59', 'Enlarged lymph nodes', DEFAULT),
('R60', 'Edema, not elsewhere classified', DEFAULT),
('R62', 'Lack of expected normal physiological development in childhood and adults', DEFAULT),
('R625', 'Other and unspecified lack of expected normal physiological development in childhood', 'R62'),
('R63', 'Symptoms and signs concerning food and fluid intake', DEFAULT),
('R65', 'Symptoms and signs specifically associated with systemic inflammation and infection', DEFAULT),
('R651', 'Systemic inflammatory response syndrome (SIRS) of non-infectious origin', 'R65'),
('R652', 'Severe sepsis', 'R65'),
('R68', 'Other general symptoms and signs', DEFAULT),
('R681', 'Nonspecific symptoms peculiar to infancy', 'R68'),
('R688', 'Other general symptoms and signs', 'R68'),
('R70', 'Elevated erythrocyte sedimentation rate and abnormality of plasma viscosity', DEFAULT),
('R71', 'Abnormality of red blood cells', DEFAULT),
('R73', 'Elevated blood glucose level', DEFAULT),
('R730', 'Abnormal glucose', 'R73'),
('R74', 'Abnormal serum enzyme levels', DEFAULT),
('R76', 'Other abnormal immunological findings in serum', DEFAULT),
('R761', 'Nonspecific reaction to test for tuberculosis', 'R76'),
('R77', 'Other abnormalities of plasma proteins', DEFAULT),
('R78', 'Findings of drugs and other substances, not normally found in blood', DEFAULT),
('R787', 'Finding of abnormal level of heavy metals in blood', 'R78'),
('R788', 'Finding of other specified substances, not normally found in blood', 'R78'),
('R79', 'Other abnormal findings of blood chemistry', DEFAULT),
('R798', 'Other specified abnormal findings of blood chemistry', 'R79'),
('R80', 'Proteinuria', DEFAULT),
('R82', 'Other and unspecified abnormal findings in urine', DEFAULT),
('R827', 'Abnormal findings on microbiological examination of urine', 'R82'),
('R829', 'Other and unspecified abnormal findings in urine', 'R82'),
('R83', 'Abnormal findings in cerebrospinal fluid', DEFAULT),
('R84', 'Abnormal findings in specimens from respiratory organs and thorax', DEFAULT),
('R85', 'Abnormal findings in specimens from digestive organs and abdominal cavity', DEFAULT),
('R856', 'Abnormal cytological findings in specimens from digestive organs and abdominal cavity', 'R85'),
('R8561', 'Abnormal cytologic smear of anus', 'R856'),
('R858', 'Other abnormal findings in specimens from digestive organs and abdominal cavity', 'R85'),
('R86', 'Abnormal findings in specimens from male genital organs', DEFAULT),
('R87', 'Abnormal findings in specimens from female genital organs', DEFAULT),
('R876', 'Abnormal cytological findings in specimens from female genital organs', 'R87'),
('R8761', 'Abnormal cytological findings in specimens from cervix uteri', 'R876'),
('R8762', 'Abnormal cytological findings in specimens from vagina', 'R876'),
('R878', 'Other abnormal findings in specimens from female genital organs', 'R87'),
('R8781', 'High risk human papillomavirus (HPV) DNA test positive from female genital organs', 'R878'),
('R8782', 'Low risk human papillomavirus (HPV) DNA test positive from female genital organs', 'R878'),
('R88', 'Abnormal findings in other body fluids and substances', DEFAULT),
('R89', 'Abnormal findings in specimens from other organs, systems and tissues', DEFAULT),
('R90', 'Abnormal findings on diagnostic imaging of central nervous system', DEFAULT),
('R908', 'Other abnormal findings on diagnostic imaging of central nervous system', 'R90'),
('R91', 'Abnormal findings on diagnostic imaging of lung', DEFAULT),
('R92', 'Abnormal and inconclusive findings on diagnostic imaging of breast', DEFAULT),
('R93', 'Abnormal findings on diagnostic imaging of other body structures', DEFAULT),
('R934', 'Abnormal findings on diagnostic imaging of urinary organs', 'R93'),
('R9342', 'Abnormal radiologic findings on diagnostic imaging of kidney', 'R934'),
('R94', 'Abnormal results of function studies', DEFAULT),
('R940', 'Abnormal results of function studies of central nervous system', 'R94'),
('R941', 'Abnormal results of function studies of peripheral nervous system and special senses', 'R94'),
('R9411', 'Abnormal results of function studies of eye', 'R941'),
('R9412', 'Abnormal results of function studies of ear and other special senses', 'R941'),
('R9413', 'Abnormal results of function studies of peripheral nervous system', 'R941'),
('R943', 'Abnormal results of cardiovascular function studies', 'R94'),
('R97', 'Abnormal tumor markers', DEFAULT),
('R972', 'Elevated prostate specific antigen [PSA]', 'R97');
/* INSERT DATA INTO `tests` TABLE */
INSERT INTO tests (test_id, test_name) VALUES
(1, 'strategize seamless methodologies'),
(2, 'transition web-enabled solutions'),
(3, 'brand killer portals'),
(4, 'deliver frictionless mindshare'),
(5, 'enable collaborative supply-chains'),
(6, 'morph user-centric content'),
(7, 'target scalable solutions'),
(8, 'morph ubiquitous partnerships'),
(9, 'utilize 24/365 metrics'),
(10, 'transform dot-com synergies'),
(11, 'transition killer ROI'),
(12, 're-intermediate virtual web services'),
(13, 'disintermediate real-time synergies'),
(14, 'innovate vertical web-readiness'),
(15, 'expedite frictionless content'),
(16, 'transition web-enabled interfaces'),
(17, 'transition rich relationships'),
(18, 'iterate synergistic infrastructures'),
(19, 'benchmark user-centric initiatives'),
(20, 'scale proactive ROI'),
(21, 'implement real-time convergence'),
(22, 'extend best-of-breed architectures'),
(23, 'aggregate turn-key ROI'),
(24, 'generate virtual models'),
(25, 'repurpose B2C e-business'),
(26, 'benchmark transparent applications'),
(27, 'whiteboard bleeding-edge synergies'),
(28, 'streamline user-centric metrics'),
(29, 'integrate global mindshare'),
(30, 'evolve next-generation content'),
(31, 'facilitate dynamic markets'),
(32, 'facilitate global vortals'),
(33, 'repurpose efficient models'),
(34, 'syndicate open-source niches'),
(35, 'productize intuitive bandwidth'),
(36, 'exploit granular platforms'),
(37, 'deliver back-end schemas'),
(38, 'unleash wireless metrics'),
(39, 'grow next-generation web services'),
(40, 'leverage next-generation channels');
/* INSERT DATA INTO `specialized_labs` TABLE */
INSERT INTO specialized_labs (address, lab_id, phone_number) VALUES
('16670 Welch Dam\nLake Philipshire, IN 06885', 1, '+1-191-274-1644x15881'),
('USNS Newman\nFPO AP 22567', 2, '(009)628-4668x07828'),
('28215 Joy Islands Apt. 591\nWest Jamiemouth, TX 64094', 3, '001-744-436-0081'),
('26852 Douglas Bypass\nNewmanville, CA 69229', 4, '+1-811-576-6878'),
('655 John Club\nRodriguezchester, RI 32468', 5, '001-457-695-9785'),
('0375 Sandra Trace Suite 826\nGailshire, IL 04078', 6, '8810950525'),
('4334 Amanda Way Suite 739\nClaireberg, IA 19365', 7, '992.975.9569x286'),
('734 Hill Flats\nMeganmouth, AK 06179', 8, '828-917-7329x593'),
('10524 Parker Mall Suite 531\nPort Courtneyhaven, TN 76853', 9, '928.714.8476'),
('USNS Ramirez\nFPO AE 24579', 10, '919-300-1419x62998');
/* INSERT DATA INTO `accepted_tests` TABLE */
INSERT INTO accepted_tests (lab_id, test_id) VALUES
(1, 35),
(2, 10),
(2, 28),
(2, 27),
(3, 35),
(4, 1),
(4, 19),
(4, 22),
(5, 21),
(5, 6),
(6, 17),
(7, 17),
(7, 11),
(8, 38),
(9, 10),
(10, 32),
(10, 27);
/* INSERT DATA INTO `referrable_doctors` TABLE */
INSERT INTO referrable_doctors (name, phone_number, ref_doctor_id, specialization) VALUES
('Lindsay Hancock', '905.530.3738x3023', 1, 'Gynecologic Oncology'),
('Brandon Hill', '419-175-9913x26307', 2, 'Hepatobiliary'),
('Joseph Schultz', '551.533.4866x60271', 3, 'Electrophysiology'),
('Matthew Rose', '(292)964-3122x786', 4, 'Pediatric Surgery'),
('Sara Evans', '511-738-0091', 5, 'Orthopedics'),
('David Willis', '(319)827-3032', 6, 'Palliative Care'),
('Megan Wiggins', '001-921-141-4979', 7, 'Electrophysiology'),
('Laura Braun', '055.466.0433x192', 8, 'Cardiac Catheterization'),
('Joseph Chavez', '698-825-9863x417', 9, 'Allergy'),
('Debra Owen', '152-706-7048x9679', 10, 'Gynecologic Oncology');
/* INSERT DATA INTO `pharmacies` TABLE */
INSERT INTO pharmacies (pharmacy_address, pharmacy_name) VALUES
('23474 Jessica Groves\nNorth Derek, TN 53841', 'Gonzalez PLC'),
('241 Conner Street Apt. 023\nSouth Davidfort, AZ 66472', 'Herring-Santiago'),
('43157 Gomez Radial Suite 348\nJonesfurt, OR 85920', 'Black and Sons'),
('64832 Joseph Islands Suite 805\nFitzgeraldfurt, DC 93541', 'Weaver, Hernandez and Johnson'),
('73611 Martinez Spring Suite 203\nEast Cody, MT 09631', 'Lewis, Gonzalez and Vasquez');
/* INSERT DATA INTO `patients` TABLE */
INSERT INTO patients (address, birthday, email, gender, name, patient_id, phone_number, ssn) VALUES
('578 Michael Island\nNew Thomas, NC 34644', '2021-05-14', 'montgomeryjohn@example.net', 'Male', 'Thomas Moon', 1, '001-604-876-4759x38242', '723-78-2408'),
('583 Wallace Ranch\nStewartbury, HI 25324', '2016-02-17', 'millerluke@example.net', 'Male', 'Amanda Zavala', 2, '001-097-535-1393x328', '502-14-4939'),
('9533 Jessica Crescent\nWest Laura, NE 08652', '2012-03-03', 'criley@example.com', 'Male', 'Charles Wolfe', 3, '220-186-8483', '677-83-5856'),
('086 Mary Cliff\nNorth Deborah, NE 24135', '2018-10-23', 'leetara@example.net', 'Female', 'John Carlson', 4, '+1-891-013-9916x1510', '127-62-3451'),
('PSC 8456, Box 4280\nAPO AA 97700', '2017-07-07', 'david72@example.org', 'Male', 'Patrick Stephens', 5, '457.923.0225', '483-88-6716'),
('9602 Brown Squares\nSouth Allison, OH 79665', '2020-05-23', 'ernest37@example.com', 'Male', 'Stacey Simpson', 6, '594.599.2466x1093', '728-87-9309'),
('4217 Burton Brooks\nRobinville, KS 17988', '2012-02-21', 'loveaaron@example.net', 'Male', 'Ruth Newman', 7, '6381206650', '542-79-1603'),
('45551 Chan Camp\nWest Frankshire, MN 52247', '2019-05-26', 'iwatson@example.org', 'Transgender', 'Beverly Wilson PhD', 8, '000-348-5590x977', '213-49-9620'),
('45229 Drake Route Apt. 113\nNorth Paul, MO 73439', '2016-09-10', 'zrogers@example.com', 'Female', 'Joan Burns', 9, '(814)654-6118', '128-62-1901'),
('3039 Daniel Mount Suite 582\nNew Tonyaberg, MO 84172', '2010-06-19', 'shortmelissa@example.org', 'Nonbinary', 'Sherry Simpson', 10, '615.349.2635', '539-58-3305'),
('32040 Rivera Estates\nPort Diana, NY 50600', '2021-11-06', 'meganaguilar@example.net', 'Female', 'Kathryn Berry', 11, '738.930.5550x8249', '724-61-1088'),
('USNV Barton\nFPO AA 50790', '2021-02-09', 'kevinhudson@example.com', 'Male', 'Martin Anderson', 12, '001-916-348-9676x99300', '068-64-4293'),
('518 Lee Tunnel\nRodriguezton, UT 61736', '2009-02-08', 'dhughes@example.org', 'Transgender', 'Taylor Santos', 13, '0762791256', '483-20-0332'),
('USNS Hall\nFPO AP 66353', '2014-07-29', 'huberrachel@example.org', 'Male', 'Jennifer Torres', 14, '+1-426-418-3067x537', '498-33-0437'),
('055 Alejandro Fort Suite 192\nNorth Jamie, VA 16647', '2015-11-04', 'ujohnson@example.net', 'Nonbinary', 'Elaine Norris', 15, '001-611-611-6207', '259-11-5776'),
('89426 Sonya Unions\nWest William, WV 24610', '2014-03-17', 'swoodward@example.net', 'Male', 'Jason Williams', 16, '(271)754-2035', '652-42-3016'),
('USNV Alexander\nFPO AA 38945', '2016-01-28', 'dana80@example.com', 'Male', 'Anna Lopez', 17, '(112)648-6296x4513', '419-02-6836'),
('703 Wilson Roads Suite 892\nMccarthyfort, TX 65732', '2014-04-19', 'michaelwelch@example.org', 'Male', 'Crystal Gill', 18, '+1-927-626-6237', '495-97-3337'),
('83216 Campbell Dale Apt. 816\nFigueroaview, NV 49234', '2021-03-17', 'michael39@example.org', 'Male', 'Brenda Martinez', 19, '400-468-9671', '037-10-4301'),
('57608 Gloria Common\nSmithton, RI 00991', '2020-04-29', 'trevor07@example.com', 'Female', 'Dr. Melissa Acosta MD', 20, '001-728-457-6377', '147-96-8119'),
('3373 Rebecca Bypass Apt. 125\nLake Danielleburgh, RI 39498', '2016-02-13', 'alexandriaanderson@example.org', 'Male', 'Michele Hunt', 21, '167.562.5662', '455-45-6372'),
('373 Franklin Rest Apt. 558\nBarryview, NC 06314', '2009-05-27', 'michaelroberts@example.org', 'Male', 'Bobby Berg', 22, '(708)869-7747x35400', '144-09-7009'),
('12637 Lisa Points\nWilliamsburgh, NM 29343', '2016-05-07', 'dhardy@example.com', 'Male', 'Seth Michael', 23, '448-647-5304x810', '506-59-7211'),
('34088 Trevino Crossing Suite 419\nJeromeside, LA 29541', '2017-08-18', 'joseph01@example.net', 'Male', 'Stephanie Brown', 24, '849-834-7897', '803-92-1621'),
('9332 Kathleen Knoll\nLake Vernon, CT 81243', '2014-10-02', 'burnettnatalie@example.org', 'Female', 'Kelsey Howard', 25, '574.922.0885', '182-66-1253'),
('7345 Kevin Knolls\nLake Crystalstad, NM 82791', '2015-05-06', 'lorrainefloyd@example.com', 'Transgender', 'David Smith', 26, '827.785.1429', '061-27-0628'),
('91662 Vincent Road Apt. 153\nEast Sonya, GA 97862', '2011-07-09', 'jessica66@example.org', 'Male', 'Melinda Jackson', 27, '056-237-6254', '420-34-8745'),
('654 Blackburn Bridge\nAlyssaport, NJ 05079', '2019-02-26', 'crawfordmichael@example.net', 'Female', 'Laura Baker', 28, '972-990-4560', '155-59-3870'),
('852 Mark Summit\nNew Lisashire, MI 48105', '2014-04-19', 'qgood@example.org', 'Female', 'Edward Simpson', 29, '(165)700-4049x4388', '119-73-5398'),
('188 Fischer Grove\nJustinchester, VT 37258', '2021-03-22', 'chadboyle@example.com', 'Transgender', 'Kimberly Spencer', 30, '(029)072-5074', '851-23-8676');
/* INSERT DATA INTO `emergency_contacts` TABLE */
INSERT INTO emergency_contacts (name, patient_id, phone_1, phone_2) VALUES
('Debra Hughes', 1, '001-641-941-7237', '716.259.6355x0738'),
('Anthony Lang', 2, '486-618-8009', DEFAULT),
('Dr. Patrick Solis', 2, '019.736.5448', '251.398.2517x718'),
('Matthew Baker', 3, '(438)906-8152', '(985)650-2730x422'),
('Stacy Smith', 3, '+1-117-781-9196', DEFAULT),
('Catherine Thomas', 3, '001-683-099-7765x9613', DEFAULT),
('Brett Reid', 4, '(150)996-3625', '001-899-992-8230x33837'),
('Jason Smith', 5, '+1-184-402-7470', '(193)100-1030'),
('Jill Scott', 6, '225-600-5387x874', DEFAULT),
('Christina Hernandez', 6, '448-679-7346', DEFAULT),
('William Patel', 7, '766.894.4843', '355-743-9326x8401'),
('Kelly Walker', 7, '162.928.3486', DEFAULT),
('Jessica Mccullough', 7, '085-950-7694', DEFAULT),
('Kaitlyn Solomon', 8, '(399)582-1588', DEFAULT),
('William Cox', 9, '743-879-8784', DEFAULT),
('Jessica Harper', 9, '703.155.4965', '213.837.3328x613'),
('David Rogers', 10, '020.219.0357x67424', DEFAULT),
('Luis Edwards MD', 11, '+1-293-241-6597x6998', '(492)600-4852x49795'),
('Joseph Wiggins', 11, '223-188-4317', DEFAULT),
('Wendy Smith', 12, '264-937-5964', DEFAULT),
('Jack Lopez', 13, '+1-404-066-0168x43341', '(680)534-6079x521'),
('James Rose', 14, '+1-405-499-7214x9828', DEFAULT),
('Alexander Castro', 14, '001-690-651-5838', DEFAULT),
('Stacey Bell', 14, '307.473.4420x2292', DEFAULT),
('Crystal Valenzuela', 15, '001-259-088-2683', DEFAULT),
('Lisa Jenkins', 15, '949-689-3650x22167', '9619742175'),
('Henry Peterson', 15, '8887701029', '(442)477-7659x5582'),
('Jonathan Hodges', 16, '113.154.2936x1968', '520.168.0519'),
('Tonya Moore', 16, '+1-870-891-2034x152', DEFAULT),
('Paul Morales', 17, '001-611-698-8108x987', DEFAULT),
('Jeffrey Bishop', 18, '900.269.3729x54400', '981.605.1545'),
('Kristin Cross', 19, '551.922.4526x51762', DEFAULT),
('Robin Wood', 19, '001-763-259-8794x1235', '3819810579'),
('Tammy Mullen', 20, '(719)581-4380', DEFAULT),
('Amy Davenport', 21, '(128)910-9494', '+1-391-251-9161x228'),
('Kimberly Benson', 22, '(485)993-0564', '776.112.8130x8911'),
('Brian Bell', 22, '(738)067-3478x7506', '4829665414'),
('Jason Oneal', 22, '737.264.1752x814', '001-942-537-7414x50090'),
('Anthony Morales', 23, '0114505805', '001-625-888-0415x781'),
('Joyce Young', 23, '664.159.7578', DEFAULT),
('Susan Johnson', 23, '564.370.4532x526', DEFAULT),
('Jonathan Cortez', 24, '048.830.0424x2828', DEFAULT),
('William Wagner', 25, '080.309.6815x6152', '+1-906-968-3028x7340'),
('Mary Kelly', 25, '+1-935-721-8048x937', DEFAULT),
('Beverly Rice', 25, '216-761-1421x3942', '+1-427-339-1680x508'),
('Connor Shannon', 26, '667-109-4097x3973', DEFAULT),
('Wayne Whitehead', 26, '001-910-053-0367x0104', '(591)159-5118'),
('Sean Floyd', 27, '4071698062', '051-813-5750x23488'),
('Shawn Green', 27, '(078)414-1570x162', '001-577-842-9902x515'),
('Jordan Lopez', 27, '529-279-9247', '+1-762-696-3118x920'),
('Theresa Young', 28, '205.530.8688x0098', '086.740.1790'),
('Joseph Serrano', 28, '406.556.4673x739', '+1-662-110-0839'),
('Kevin Young', 29, '(614)311-6802', DEFAULT),
('Gary Long', 29, '001-529-852-0597', '263-582-0285'),
('Joshua Reyes', 29, '001-847-275-7339', '805-348-9240'),
('Brittney Rios', 30, '(716)324-9679x872', DEFAULT),
('Julie Rojas', 30, '001-887-585-4112', DEFAULT);
/* INSERT DATA INTO `relatives` TABLE */
INSERT INTO relatives (additional_notes, patient_id, relative_id, relative_type) VALUES
(DEFAULT, 17, 1, 'brother'),
(DEFAULT, 28, 2, 'grandfather'),
('Identify carry minute parent money huge heart forward. Probably sound policy history blood whose marriage. Computer Democrat common both piece region.', 30, 3, 'great-grandfather'),
('Consumer positive kind development impact plant conference. Work more fact. Some man interview three.', 19, 4, 'grandfather'),
(DEFAULT, 16, 5, 'grandmother'),
(DEFAULT, 30, 6, 'sister'),
(DEFAULT, 1, 7, 'uncle'),
(DEFAULT, 5, 8, 'uncle'),
('Whether every also will because could. Political population wrong Mr company. Direction message age hand conference I.', 22, 9, 'great-grandmother'),
('Work fill him protect information task light result. Vote economic gas five world office score. Soldier suddenly myself imagine kitchen bag.', 10, 10, 'sister'),
('Water miss keep. Action who special factor spend.', 15, 11, 'grandmother'),
(DEFAULT, 19, 12, 'sister'),
(DEFAULT, 13, 13, 'father'),
('Middle theory ok exactly. Arrive attention to nearly. Soldier run what general.', 18, 14, 'grandfather'),
(DEFAULT, 10, 15, 'great-grandfather'),
(DEFAULT, 5, 16, 'father'),
('Into however his put money kind. Grow make free month. Big person conference type start if.', 20, 17, 'sister'),
('Government so yet fact. Low Republican since present guy community already leader. Environmental create health particular more break. Summer color information south write pattern.', 5, 18, 'sister'),
(DEFAULT, 6, 19, 'mother'),
('Produce general parent heart over situation responsibility. Information since both very along son make time.', 26, 20, 'aunt');
/* INSERT DATA INTO `relative_conditions` TABLE */
INSERT INTO relative_conditions (icd_code, relative_id) VALUES
('R87610', 1),
('R761', 1),
('R934', 2),
('R196', 3),
('R781', 4),
('R8271', 5),
('R83', 6),
('R413', 6),
('R29740', 7),
('R920', 7),
('R4021', 8),
('R402330', 9),
('R402233', 9),
('R6883', 10),
('R402332', 11),
('R293', 11),
('R399', 12),
('R070', 13),
('R3981', 14),
('R945', 15),
('R0681', 16),
('R8762', 17),
('R03', 18),
('R091', 19),
('R419', 20),
('R091', 20);
/* INSERT DATA INTO `insurance_providers` TABLE */
INSERT INTO insurance_providers (in_network, insurance_name, policy_number, provider_id) VALUES
(True, 'Highland Sons Mutual', '02853', 1),
(True, 'Purple Shield', '34228', 2),
(True, 'HealthMark', '02362', 3),
(False, 'HealthMark', '29238', 4),
(True, 'Liberty Truth Medical', '07306', 5),
(True, 'World Market', '86368', 6),
(True, 'World Market', '12180', 7),
(True, 'Health World', '36746', 8),
(True, 'Highland Sons Mutual', '64129', 9),
(False, 'Highland Sons Mutual', '30081', 10),
(True, 'World Market', '37298', 11),
(True, 'Health World', '92555', 12),
(True, 'HealthMark', '42073', 13),
(True, 'World Market', '57472', 14),
(True, 'Liberty Truth Medical', '55966', 15);
/* INSERT DATA INTO `insurance_covers` TABLE */
INSERT INTO insurance_covers (group_number, member_id, patient_id, policy_holder_name, provider_id) VALUES
('966436', 'NLU812925929', 23, 'Seth Michael', 4),
('557949', 'QBK968371097', 13, 'Taylor Santos', 5),
('464189', 'SGB101424311', 24, 'Stephanie Brown', 3),
('379183', 'CGZ023162995', 8, 'Beverly Wilson PhD', 1),
('063679', 'PQV727953214', 13, 'Taylor Santos', 1),
('181326', 'AYE608083895', 25, 'Kelsey Howard', 3),
('446533', 'JLF316323796', 10, 'Sherry Simpson', 2),
('904372', 'VKV362643205', 25, 'Kelsey Howard', 11),
('789209', 'EYF028357638', 14, 'Jennifer Torres', 14),
('814705', 'YMQ620396370', 22, 'Bobby Berg', 8),
('016431', 'CGS072295750', 6, 'Stacey Simpson', 5),
('073033', 'CPP357868336', 14, 'Jennifer Torres', 8),
('179113', 'ABC982179662', 5, 'Patrick Stephens', 11),
('515404', 'XZV540989788', 17, 'Anna Lopez', 10),
('899247', 'YXF065079523', 4, 'John Carlson', 3),
('023530', 'OPL234213214', 29, 'Edward Simpson', 12),
('456565', 'UUM429074591', 28, 'Laura Baker', 14),
('974630', 'FTX384730045', 9, 'Joan Burns', 8),
('585938', 'DSL842649405', 10, 'Sherry Simpson', 11),
('658655', 'LHZ408258394', 1, 'Thomas Moon', 9),
('781432', 'OER664381415', 30, 'Kimberly Spencer', 3),
('363400', 'PDT458058025', 18, 'Crystal Gill', 6),
('774260', 'SMH589450890', 10, 'Sherry Simpson', 15),
('123385', 'DDG361141526', 30, 'Kimberly Spencer', 1),
('731950', 'TWZ834383413', 8, 'Beverly Wilson PhD', 12),
('629588', 'TZH423087985', 20, 'Dr. Melissa Acosta MD', 10),
('740190', 'FXA713757964', 13, 'Taylor Santos', 9),
('895252', 'MIL876971305', 4, 'John Carlson', 8),
('452901', 'MQJ514561592', 8, 'Beverly Wilson PhD', 3),
('727277', 'RQR715347263', 22, 'Bobby Berg', 10);
/* INSERT DATA INTO `immunizations` TABLE */
INSERT INTO immunizations (immunization_id, immunization_type) VALUES
(1, 'Diphtheria'),
(2, 'Hepatitis B'),
(3, 'Rotavirus'),
(4, 'Poliovirus'),
(5, 'Measles'),
(6, 'Diphtheria'),
(7, 'Rotavirus'),
(8, 'Measles'),
(9, 'Rotavirus'),
(10, 'Mumps');
/* INSERT DATA INTO `immunized_patients` TABLE */
INSERT INTO immunized_patients (immun_id, patient_id) VALUES
(5, 17),
(3, 7),
(1, 14),
(4, 2),
(6, 2),
(8, 8),
(1, 12),
(2, 13),
(5, 20),
(9, 24),
(8, 10),
(8, 7),
(4, 14),
(10, 15),
(7, 21),
(3, 3),
(5, 23),
(1, 2),
(9, 22),
(5, 2),
(6, 26),
(1, 7),
(3, 4),
(4, 24),
(6, 5),
(6, 8),
(7, 27),
(2, 26),
(6, 11),
(4, 1),
(7, 8),
(8, 14),
(4, 15),
(4, 21),
(6, 14),
(9, 12),
(7, 4),
(8, 18),
(8, 24),
(6, 10),
(7, 13),
(2, 23),
(7, 25),
(8, 23),
(1, 6),
(1, 11),
(8, 30),
(9, 30),
(1, 26),
(6, 21),
(8, 3),
(9, 13),
(4, 20),
(4, 25),
(6, 20),
(7, 24),
(1, 1),
(5, 8),
(1, 3),
(4, 26),
(1, 29),
(2, 28),
(9, 1),
(4, 4),
(1, 20),
(10, 9),
(9, 2),
(4, 9),
(6, 25),
(3, 17),
(1, 27),
(6, 18),
(8, 13);
/* INSERT DATA INTO `employees` TABLE */
INSERT INTO employees (address, birthday, dea_number, email, emp_id, gender, medical_license_number, name, phone_number, role, salary, ssn) VALUES
('39342 Miller Mission Apt. 781\nEast Scott, NE 83698', '2012-05-23', DEFAULT, 'coxtina@example.org', 1, 'Female', DEFAULT, 'Dillon Kim', '001-620-829-6570x869', 'Orderly', 6614442, '697-25-5808'),
('7820 Ashlee Key\nAdamborough, DE 88502', '2009-02-28', 'BE9264802', 'kgomez@example.org', 2, 'Genderfluid', 'GP6246', 'Amanda Hebert', '407-043-6666', 'Physician General Practitioner', 21281484, '578-91-4561'),
('928 Paula Island\nEast Deborahmouth, IA 60619', '2012-12-12', 'BK1169597', 'isabella44@example.net', 3, 'Male', 'PA8185', 'Michelle Durham', '080.862.5911x8243', 'Physician Assistant', 9639765, '468-20-7354'),
('944 Gutierrez Burgs Suite 436\nWest Coletown, AK 23712', '2015-02-19', 'MD4081155', 'burkelaura@example.org', 4, 'Male', 'PA7710', 'Michael Prince', '512.502.2059x30604', 'Physician Assistant', 12528999, '367-10-6689'),
('USCGC Benjamin\nFPO AP 89425', '2011-03-29', 'MA9269029', 'kimberlymoore@example.net', 5, 'Male', 'RN3267', 'Darrell Reid', '2840065282', 'Nurse', 8353479, '249-80-5379'),
('PSC 5838, Box 6126\nAPO AP 86835', '2014-12-21', DEFAULT, 'barnesashley@example.net', 6, 'Male', DEFAULT, 'Brent Huang', '(220)058-0001x9922', 'Receptionist', 3387717, '341-92-4063'),
('60666 Jennifer Rapids\nMartinmouth, MT 21342', '2016-07-31', DEFAULT, 'joshuacarr@example.com', 7, 'Female', DEFAULT, 'Whitney Campbell', '769.144.8580', 'Orderly', 4397599, '642-14-8757'),
('06967 Dawn Station Apt. 688\nEast Eric, IN 04396', '2015-11-05', DEFAULT, 'flemingjoseph@example.net', 8, 'Nonbinary', DEFAULT, 'Sabrina Kelly', '+1-578-034-2954x6048', 'Orderly', 7509994, '214-45-2199'),
('399 Joseph Street\nSouth Christopher, AL 15626', '2015-02-23', DEFAULT, 'ahunt@example.com', 9, 'Male', DEFAULT, 'Ruth Castillo', '+1-164-258-5826x84365', 'Receptionist', 4596189, '833-13-2524'),
('PSC 2790, Box 6196\nAPO AA 31053', '2012-01-18', 'BO3852492', 'zerickson@example.com', 10, 'Male', 'PA8674', 'Joy Castillo', '001-473-288-1820x286', 'Physician Assistant', 11456383, '022-76-2200'),
('06897 Sarah Points\nNancymouth, CT 90382', '2013-07-22', 'BY1496356', 'michaeldavis@example.net', 11, 'Male', 'RN7585', 'Darrell Roberson', '769-681-4731', 'Nurse', 5475263, '885-08-2242'),
('417 Martinez Drives Suite 325\nPerezfurt, NH 67810', '2014-07-20', 'MN8017563', 'tperez@example.com', 12, 'Genderfluid', 'RN8473', 'Timothy Duarte', '437.546.9216', 'Nurse', 8749472, '648-46-7077'),
('73089 Jones Fall\nEast Sarah, NJ 00549', '2008-12-27', DEFAULT, 'stephaniesmith@example.net', 13, 'Female', DEFAULT, 'James Cannon', '001-061-435-2125', 'Orderly', 1739517, '005-17-1909'),
('718 Harrison Motorway\nDavidview, CO 74554', '2010-10-27', DEFAULT, 'qclark@example.com', 14, 'Female', DEFAULT, 'Samantha Boyer', '(557)298-1411x402', 'Orderly', 5531158, '207-54-8324'),
('25059 Katie Mountain\nByrdchester, ID 22457', '2013-05-01', 'MB2979397', 'denise92@example.net', 15, 'Transgender', 'PA5288', 'Richard Pham', '(070)867-3634x77237', 'Physician Assistant', 10187032, '701-12-3074'),
('767 Singleton Mountain Apt. 231\nSouth Stephanie, ND 28028', '2015-09-30', DEFAULT, 'nicole57@example.net', 16, 'Male', DEFAULT, 'Michele Smith', '958.300.0237x9318', 'Receptionist', 6411310, '197-21-6106'),
('098 Hernandez Green\nNew Sergiobury, MS 98277', '2011-12-24', 'MD1876560', 'xjensen@example.com', 17, 'Male', 'GP2599', 'Gina Holloway', '(830)287-4688x11970', 'Physician General Practitioner', 16738358, '086-96-0381'),
('45251 Moses Trace Apt. 491\nPort Yolandaberg, AZ 68688', '2014-11-13', 'MO5245833', 'julieweaver@example.org', 18, 'Genderfluid', 'RN3639', 'Courtney Davis', '+1-220-163-0446x154', 'Nurse', 6886386, '347-66-9048'),
('8861 Brittney Mountain\nGrantbury, NE 88795', '2008-09-30', DEFAULT, 'linda24@example.org', 19, 'Female', DEFAULT, 'Amanda Houston', '(480)154-5019', 'Orderly', 2138991, '526-71-5675'),
('76031 Garcia Falls\nSouth Alexis, MN 69377', '2012-10-26', DEFAULT, 'renee87@example.com', 20, 'Male', DEFAULT, 'Joseph Porter', '584-038-2490x66493', 'Receptionist', 5448696, '726-16-6942');
/* INSERT DATA INTO `referrals` TABLE */
INSERT INTO referrals (emp_id, patient_id, ref_doctor_id, ref_id) VALUES
(8, 12, 5, 1),
(12, 1, 8, 2),
(2, 11, 3, 3),
(16, 11, 5, 4),
(17, 12, 4, 5),
(13, 24, 8, 6),
(3, 9, 5, 7),
(6, 27, 10, 8),
(15, 30, 8, 9),
(6, 15, 1, 10),
(19, 24, 3, 11),
(14, 18, 8, 12),
(18, 6, 9, 13),
(3, 19, 1, 14),
(2, 1, 6, 15);
/* INSERT DATA INTO `prescriptions` TABLE */
INSERT INTO prescriptions (dose, drug_name, emp_id, instructions, patient_id, pharmacy_address, prescription_date, prescription_id, quantity, refills) VALUES
('150 mg', 'Hydrochlorothiazide', 5, 'Successful government other situation reflect new. Citizen house each black. Third situation customer every.', 22, '64832 Joseph Islands Suite 805\nFitzgeraldfurt, DC 93541', TIMESTAMP '2018-08-31 17:35:17', 1, 148, 0),
('156 mg', 'Losartan', 2, 'Whom free smile notice customer bring. Education which important visit article audience story. Poor force again central mean. Question week along change determine send task. Attention agreement able. Would professional gun describe nature often smile.', 27, '43157 Gomez Radial Suite 348\nJonesfurt, OR 85920', TIMESTAMP '2021-05-22 16:46:38', 2, 58, 2),
('17 mcg', 'Gabapentin', 4, 'Unit gas personal wish article. First Mr another travel administration continue author. Quickly network network dream determine action why. Too laugh door.', 15, '43157 Gomez Radial Suite 348\nJonesfurt, OR 85920', TIMESTAMP '2016-07-20 18:26:56', 3, 79, 7),
('448 g', 'Metformin', 11, 'Service drive attack safe low product. Wear fall view energy defense. Discuss according structure follow attention. Research late manager. Nor even common over next. Message west take black impact.', 6, '241 Conner Street Apt. 023\nSouth Davidfort, AZ 66472', TIMESTAMP '2014-12-04 02:23:16', 4, 171, 6),
('397 g', 'Furosemide', 5, 'Large important word effect six too trip. Most new oil special success fish hundred. Require along speech food seat actually actually. Dark deal among position onto control. Myself industry billion various themselves character international.', 6, '43157 Gomez Radial Suite 348\nJonesfurt, OR 85920', TIMESTAMP '2008-08-19 04:53:15', 5, 17, 4),
('302 mg/mL', 'Sertraline', 10, 'Decision off sell require parent. Support data happen try gun national minute. Water exist page school another sell.', 1, '64832 Joseph Islands Suite 805\nFitzgeraldfurt, DC 93541', TIMESTAMP '2015-02-19 11:26:51', 6, 46, 5),
('330 mg/mL', 'Furosemide', 13, 'Number moment against purpose market east. Former opportunity article alone kid important risk. Others beautiful adult effort support.', 24, '64832 Joseph Islands Suite 805\nFitzgeraldfurt, DC 93541', TIMESTAMP '2010-04-22 13:16:48', 7, 167, 3),
('441 g', 'Omeprazole', 2, 'Should think stay special behavior the. Take body suggest ten. History floor very mother report finally raise. College me fast bit hope. Ball stop enough decade raise issue. Begin phone long scientist agent authority.', 27, '73611 Martinez Spring Suite 203\nEast Cody, MT 09631', TIMESTAMP '2019-08-04 09:46:32', 8, 137, 3),
('59 g', 'Gabapentin', 12, 'Reduce office decide which. Charge lead music see business. Million both decision room. Television church above research job successful.', 26, '64832 Joseph Islands Suite 805\nFitzgeraldfurt, DC 93541', TIMESTAMP '2009-04-16 13:53:52', 9, 173, 6),
('39 mg/mL', 'Albuterol', 5, DEFAULT, 25, '23474 Jessica Groves\nNorth Derek, TN 53841', TIMESTAMP '2012-06-02 11:35:53', 10, 144, 2),
('373 mg/mL', 'Hydrocodone', 15, 'Democrat one could usually beyond. To whose return war address guy. Detail tell hospital also billion reality land.', 12, '64832 Joseph Islands Suite 805\nFitzgeraldfurt, DC 93541', TIMESTAMP '2014-10-05 16:16:18', 11, 177, 0),
('462 mcg', 'Albuterol', 18, 'Response prepare finish nothing share toward. Couple image understand others baby. Development view seat eye anyone. Artist hot work southern sometimes bill both after. Affect himself need.', 12, '64832 Joseph Islands Suite 805\nFitzgeraldfurt, DC 93541', TIMESTAMP '2019-01-23 15:52:09', 12, 160, 4),
('251 mg', 'Fluticasone', 11, 'Day door sit authority probably design. Tough task much region give. Action home order indicate force charge design decide.', 19, '241 Conner Street Apt. 023\nSouth Davidfort, AZ 66472', TIMESTAMP '2015-04-08 22:28:10', 13, 37, 1),
('394 g', 'Metoprolol', 9, 'Theory increase concern pressure season. Push first crime onto star board. No pick worry score federal song onto gun. From opportunity wife travel well give easy. Customer though for strategy various wall.', 17, '64832 Joseph Islands Suite 805\nFitzgeraldfurt, DC 93541', TIMESTAMP '2014-11-19 11:11:32', 14, 126, 0),
('324 mg', 'Losartan', 12, 'Whatever ten far available baby cause. Build assume each argue no from technology away. Sense stock story glass.', 13, '73611 Martinez Spring Suite 203\nEast Cody, MT 09631', TIMESTAMP '2012-12-09 17:11:11', 15, 146, 1),
('336 g', 'Furosemide', 14, 'Far glass him. Effort actually skin enter fight worry. Easy charge beat trouble. Front pass source project family always address. Film product international industry. Ready politics order indeed group now bill know.', 6, '73611 Martinez Spring Suite 203\nEast Cody, MT 09631', TIMESTAMP '2015-10-05 13:06:20', 16, 122, 3),
('55 g', 'Metformin', 9, 'Owner nothing course claim up behavior. Hand social some man maybe. Garden family relate. Only example international cover reason drive position.', 28, '64832 Joseph Islands Suite 805\nFitzgeraldfurt, DC 93541', TIMESTAMP '2019-08-08 15:53:47', 17, 112, 7),
('214 mg', 'Omeprazole', 2, 'Oil professor help business. Address social clear market. Fall cover character president defense. Check event administration end.', 17, '64832 Joseph Islands Suite 805\nFitzgeraldfurt, DC 93541', TIMESTAMP '2019-04-09 12:18:34', 18, 6, 3),
('226 mcg', 'Lisinopril', 16, DEFAULT, 28, '241 Conner Street Apt. 023\nSouth Davidfort, AZ 66472', TIMESTAMP '2012-07-31 14:07:58', 19, 162, 6),
('277 mg', 'Hydrocodone', 11, 'Nothing at poor glass beautiful. All buy or box. Tonight yet most walk. Career including control reason amount figure customer. Just mind mother building walk.', 16, '241 Conner Street Apt. 023\nSouth Davidfort, AZ 66472', TIMESTAMP '2008-09-24 11:24:18', 20, 165, 5),
('363 mg/mL', 'Albuterol', 2, 'Kind leave five share mission rock. Low even investment cultural responsibility bag. That his hotel require country wish. Amount maybe figure off reason watch argue. Necessary food owner identify.', 4, '73611 Martinez Spring Suite 203\nEast Cody, MT 09631', TIMESTAMP '2012-05-25 15:09:30', 21, 48, 0),
('248 g', 'Albuterol', 18, 'Series development sit situation. Produce if prove but strong key program because. Deep accept old. Congress help cut threat.', 24, '23474 Jessica Groves\nNorth Derek, TN 53841', TIMESTAMP '2020-11-05 06:42:15', 22, 85, 2),
('22 mcg', 'Fluoxetine', 8, 'Everybody especially our impact. Base feel Mrs protect. Red month truth follow particular author. Look think off whatever not nor leg. Southern name nature order story argue page important. Deal follow join opportunity writer manager statement.', 26, '43157 Gomez Radial Suite 348\nJonesfurt, OR 85920', TIMESTAMP '2018-03-25 05:58:59', 23, 136, 0),
('449 mg/mL', 'Metformin', 20, DEFAULT, 23, '64832 Joseph Islands Suite 805\nFitzgeraldfurt, DC 93541', TIMESTAMP '2013-05-07 13:29:13', 24, 72, 2),
('17 mcg', 'Albuterol', 5, 'Push protect huge wall house himself. Art director herself true common. Meeting half wait agreement available. Majority science between myself.', 11, '73611 Martinez Spring Suite 203\nEast Cody, MT 09631', TIMESTAMP '2010-03-07 04:31:43', 25, 178, 6),
('187 mg/mL', 'Pantoprazole', 11, 'Trial deal material interview. Article level yet would magazine author history. Difference impact management practice. Building result interesting second here cell writer. Town end realize fire. Usually detail image vote.', 20, '73611 Martinez Spring Suite 203\nEast Cody, MT 09631', TIMESTAMP '2008-08-21 08:35:54', 26, 134, 0),
('219 mg', 'Lisinopril', 20, 'And rich attack serve court realize rest. Scene set although identify only hope about movie. Likely area economy social fast eat. Wife despite work year third. Language indeed bring account candidate. Southern contain near nature.', 24, '43157 Gomez Radial Suite 348\nJonesfurt, OR 85920', TIMESTAMP '2011-11-09 14:02:26', 27, 153, 6),
('102 mcg', 'Hydrocodone', 16, 'Sit interesting television money student near then understand. Report nearly help them response seat. Success list campaign happen.', 15, '23474 Jessica Groves\nNorth Derek, TN 53841', TIMESTAMP '2015-07-17 07:16:07', 28, 123, 1),
('94 g', 'Losartan', 11, 'Fill character court its property trade ready. On everybody author room skin. Security reason every focus close into upon.', 22, '43157 Gomez Radial Suite 348\nJonesfurt, OR 85920', TIMESTAMP '2008-09-07 22:38:50', 29, 103, 4),
('335 g', 'Lisinopril', 5, 'Record structure one prepare organization certainly. World science reflect second. Network language suffer land lot final safe pull.', 18, '64832 Joseph Islands Suite 805\nFitzgeraldfurt, DC 93541', TIMESTAMP '2016-10-10 00:43:02', 30, 38, 5),
('163 mg', 'Albuterol', 5, 'Family ten fire book camera open always share. Put same former picture western ability woman. Position inside official hold official attack.', 20, '241 Conner Street Apt. 023\nSouth Davidfort, AZ 66472', TIMESTAMP '2010-03-06 14:45:50', 31, 109, 7),
('455 mg', 'Rosuvastatin', 2, 'Contain heavy upon require speak school. Set four free behind condition themselves couple. Red about perhaps green score science door. Mr force past occur. Ahead team worry big indeed tree.', 11, '43157 Gomez Radial Suite 348\nJonesfurt, OR 85920', TIMESTAMP '2014-12-16 00:57:11', 32, 70, 6),
('143 mg', 'Escitalopram', 14, 'Program run ability picture manager. Shake agree about. Population leave speak behind. Civil near to where rock spring.', 28, '64832 Joseph Islands Suite 805\nFitzgeraldfurt, DC 93541', TIMESTAMP '2011-08-31 19:18:44', 33, 90, 3),
('85 mg', 'Sertraline', 2, 'Stuff back anything leg state strategy. Occur surface keep role. By it garden. Indeed pass bill cover thank concern. Management music others.', 16, '43157 Gomez Radial Suite 348\nJonesfurt, OR 85920', TIMESTAMP '2008-10-13 23:57:06', 34, 120, 7),
('486 mg/mL', 'Metoprolol', 2, 'Discover easy agent professor show traditional show. Force course box campaign difference system rate myself. Often usually rate foreign. Check condition maintain strategy career various ready. Girl sure fund environment including. Perhaps rock use south up charge.', 8, '73611 Martinez Spring Suite 203\nEast Cody, MT 09631', TIMESTAMP '2012-12-02 15:32:23', 35, 179, 1),
('435 mg/mL', 'Albuterol', 19, DEFAULT, 28, '43157 Gomez Radial Suite 348\nJonesfurt, OR 85920', TIMESTAMP '2021-04-14 14:00:04', 36, 5, 4),
('53 g', 'Pantoprazole', 7, 'Home pretty history benefit team. Executive nice care scene. Include increase discuss no stock ball behavior. Floor try indeed send girl likely. Allow example model town few. Back offer subject particular bit economic fast.', 7, '73611 Martinez Spring Suite 203\nEast Cody, MT 09631', TIMESTAMP '2013-10-26 11:20:22', 37, 3, 3),
('216 g', 'Metformin', 8, DEFAULT, 8, '64832 Joseph Islands Suite 805\nFitzgeraldfurt, DC 93541', TIMESTAMP '2020-05-04 03:00:16', 38, 99, 1),
('149 mg', 'Atorvastatin', 14, DEFAULT, 29, '64832 Joseph Islands Suite 805\nFitzgeraldfurt, DC 93541', TIMESTAMP '2017-03-12 06:43:41', 39, 58, 1),
('424 mcg', 'Escitalopram', 10, 'Sit base though less age. Series the sometimes interesting. Possible theory let pattern part which. Write usually design whether available.', 8, '64832 Joseph Islands Suite 805\nFitzgeraldfurt, DC 93541', TIMESTAMP '2013-03-24 21:00:53', 40, 69, 3),
('311 g', 'Furosemide', 8, 'Herself bill impact ask floor. Race street perform drop recent. Family along community whose. Individual reach four brother other tree away. Popular scientist any turn blue college.', 14, '23474 Jessica Groves\nNorth Derek, TN 53841', TIMESTAMP '2020-05-05 09:19:24', 41, 30, 7),
('113 mg/mL', 'Montelukast', 1, 'Lay plan face clearly. Hit doctor both change. Main traditional person administration.', 9, '241 Conner Street Apt. 023\nSouth Davidfort, AZ 66472', TIMESTAMP '2020-06-18 19:22:52', 42, 68, 4),
('440 mg/mL', 'Simvastatin', 3, 'Special night debate say professional within allow. Maybe quite image bed pressure. Baby figure home officer son walk house. Get what Democrat support. Simply somebody along could carry especially just.', 1, '43157 Gomez Radial Suite 348\nJonesfurt, OR 85920', TIMESTAMP '2011-08-31 08:34:25', 43, 7, 4),
('63 g', 'Simvastatin', 2, DEFAULT, 5, '43157 Gomez Radial Suite 348\nJonesfurt, OR 85920', TIMESTAMP '2019-07-17 08:41:15', 44, 123, 4),
('323 mg/mL', 'Montelukast', 7, 'Certainly policy smile kid. Quickly daughter country cut environment edge name down. Long pattern catch woman raise easy popular.', 15, '241 Conner Street Apt. 023\nSouth Davidfort, AZ 66472', TIMESTAMP '2009-10-15 13:55:06', 45, 18, 5),
('472 mg/mL', 'Rosuvastatin', 9, 'Key develop suddenly. Successful they set red accept popular line. Member must memory resource policy.', 17, '23474 Jessica Groves\nNorth Derek, TN 53841', TIMESTAMP '2014-07-05 00:02:46', 46, 124, 2),
('459 mg', 'Furosemide', 1, 'Cut life fear boy. New article protect American case power teacher. Fine here let party explain big list. Some after stuff her once.', 17, '23474 Jessica Groves\nNorth Derek, TN 53841', TIMESTAMP '2018-03-29 08:27:11', 47, 126, 0),
('433 mg/mL', 'Hydrochlorothiazide', 19, 'Sign bad top road season course campaign. Why main wall grow lawyer education. Yard foreign though. Grow play design go commercial. Bag offer employee get sound.', 20, '23474 Jessica Groves\nNorth Derek, TN 53841', TIMESTAMP '2015-01-23 09:43:11', 48, 110, 5),
('363 mcg', 'Atorvastatin', 9, 'Wall matter different. They garden through sport its tax force. Similar attack finally price car data serious future. Purpose case well though seat. Report standard wonder senior child image among. Federal board data newspaper I wide campaign might.', 27, '241 Conner Street Apt. 023\nSouth Davidfort, AZ 66472', TIMESTAMP '2022-03-19 04:04:45', 49, 146, 1),
('459 mg/mL', 'Gabapentin', 4, 'Admit alone option ready trouble western car. See seek huge today. Morning reflect school couple finally turn mean. Animal pass find man fast. Way great a campaign source professor.', 15, '43157 Gomez Radial Suite 348\nJonesfurt, OR 85920', TIMESTAMP '2010-02-06 12:58:13', 50, 96, 6),
('373 mg/mL', 'Albuterol', 10, 'Run behavior recently. Forward huge add half up. Foot face pay customer development painting course. South detail include join mission. Manager cell away mind.', 19, '43157 Gomez Radial Suite 348\nJonesfurt, OR 85920', TIMESTAMP '2018-05-24 05:02:23', 51, 69, 7),
('102 g', 'Losartan', 10, 'Sure beautiful study image education career. Believe expect election night. Exist pass foot bit huge away.', 17, '43157 Gomez Radial Suite 348\nJonesfurt, OR 85920', TIMESTAMP '2017-08-13 08:31:19', 52, 177, 5),
('12 mg/mL', 'Amlodipine', 8, 'Expert something world main case attack. Late responsibility expect south. Whether operation necessary some color step account join. Direction after listen prevent. Glass picture run quite since population.', 27, '73611 Martinez Spring Suite 203\nEast Cody, MT 09631', TIMESTAMP '2012-04-15 05:09:21', 53, 170, 3),
('422 g', 'Levothyroxine', 13, 'Carry movement law son ball call. Attention take evidence any. Foreign indeed within example research professional sometimes. Rest raise nor your education century toward. Key many actually business community any eat.', 1, '73611 Martinez Spring Suite 203\nEast Cody, MT 09631', TIMESTAMP '2009-02-26 00:06:57', 54, 137, 1),
('366 mcg', 'Albuterol', 16, 'Within middle name debate same. Town town present budget. It draw find action with try question manager. Improve analysis medical mouth station growth create with.', 22, '23474 Jessica Groves\nNorth Derek, TN 53841', TIMESTAMP '2012-02-03 11:36:29', 55, 98, 1),
('493 mg', 'Losartan', 14, 'Tend poor out. Say event number local central. Whether middle decade player.', 4, '64832 Joseph Islands Suite 805\nFitzgeraldfurt, DC 93541', TIMESTAMP '2010-08-20 20:44:53', 56, 38, 2),
('456 g', 'Escitalopram', 5, 'Arrive street report high poor energy news alone. Thing radio ago such. International when then play. Indeed drop believe let change issue.', 26, '43157 Gomez Radial Suite 348\nJonesfurt, OR 85920', TIMESTAMP '2020-12-21 01:06:38', 57, 174, 2),
('363 mg', 'Losartan', 17, 'Could girl improve decade soon pressure. Hundred country how down final add investment necessary. Rule stuff police people. Suggest become ever play total. Travel catch huge research. Discussion stage another common physical she.', 18, '241 Conner Street Apt. 023\nSouth Davidfort, AZ 66472', TIMESTAMP '2019-01-13 17:11:49', 58, 144, 5),
('97 g', 'Escitalopram', 2, 'Laugh all art poor foreign term. Matter hope evening herself whatever across. Product yet television ten. Money everything represent care method. Upon wonder art station. Fall bit nation reach write certain wide.', 17, '23474 Jessica Groves\nNorth Derek, TN 53841', TIMESTAMP '2014-06-11 06:38:46', 59, 163, 3),
('255 mg/mL', 'Hydrochlorothiazide', 18, DEFAULT, 5, '64832 Joseph Islands Suite 805\nFitzgeraldfurt, DC 93541', TIMESTAMP '2009-10-11 15:07:29', 60, 7, 3),
('300 mcg', 'Rosuvastatin', 2, 'Air hundred clear tough moment soldier around. Agent meet figure nearly lose physical administration culture. Weight conference service social protect style.', 18, '241 Conner Street Apt. 023\nSouth Davidfort, AZ 66472', TIMESTAMP '2018-08-31 19:00:19', 61, 46, 6),
('166 g', 'Lisinopril', 4, 'Happy whose daughter purpose allow half indicate present. Candidate loss there treatment feeling. Government company already discussion service technology research. Ball young carry investment mean wife.', 20, '64832 Joseph Islands Suite 805\nFitzgeraldfurt, DC 93541', TIMESTAMP '2009-08-30 15:50:40', 62, 134, 5),
('420 mg', 'Furosemide', 20, 'Modern force buy account simple child campaign. Control cost of part. Our for force. That real share computer politics nothing military.', 24, '241 Conner Street Apt. 023\nSouth Davidfort, AZ 66472', TIMESTAMP '2013-06-27 06:59:43', 63, 45, 4),
('344 mg/mL', 'Metoprolol', 5, 'Sea PM us fill. Last within stand. Film media bed. Goal thousand enjoy from tonight.', 24, '241 Conner Street Apt. 023\nSouth Davidfort, AZ 66472', TIMESTAMP '2018-06-03 02:18:14', 64, 101, 1),
('44 mg', 'Rosuvastatin', 16, DEFAULT, 5, '64832 Joseph Islands Suite 805\nFitzgeraldfurt, DC 93541', TIMESTAMP '2019-07-07 17:27:56', 65, 152, 1),
('483 mcg', 'Fluticasone', 7, 'Property bank soon risk my others. Hold level audience school back keep outside general. Project boy some away. Development always simply shake special. Law office the design east. Yes bad citizen break.', 20, '23474 Jessica Groves\nNorth Derek, TN 53841', TIMESTAMP '2021-01-12 12:23:26', 66, 18, 6),
('237 g', 'Fluticasone', 13, 'Employee per name tell war. Adult later manage president. Buy have couple environment. Network manage let of.', 8, '241 Conner Street Apt. 023\nSouth Davidfort, AZ 66472', TIMESTAMP '2020-01-28 21:45:20', 67, 79, 2),
('204 g', 'Gabapentin', 13, 'Role base down his that. Business our view herself option end song. Role partner management room safe sell present community. Little argue reason own rich.', 19, '73611 Martinez Spring Suite 203\nEast Cody, MT 09631', TIMESTAMP '2010-08-04 09:33:10', 68, 9, 0),
('427 mg/mL', 'Montelukast', 1, 'Return do may. Perform read production win. Event item explain should morning none. Behavior each data money fall public.', 27, '64832 Joseph Islands Suite 805\nFitzgeraldfurt, DC 93541', TIMESTAMP '2015-07-08 13:03:19', 69, 19, 2),
('168 mg/mL', 'Albuterol', 16, 'After piece news Mrs investment event result. Whose us strategy. Whose result determine Republican he indeed. Happen author civil stage possible.', 26, '241 Conner Street Apt. 023\nSouth Davidfort, AZ 66472', TIMESTAMP '2014-09-08 13:29:16', 70, 74, 2),
('119 mg/mL', 'Fluoxetine', 2, 'Heavy degree wonder make. Could consumer help area piece. Like company office spring. After control these short environmental save goal.', 14, '23474 Jessica Groves\nNorth Derek, TN 53841', TIMESTAMP '2015-08-06 12:23:42', 71, 134, 0),
('47 mg', 'Furosemide', 18, 'Mind around kind serve like mention fight. Fear computer camera rise seat sister yet fast. Nothing site class class at former. Wrong nor political whose future realize class. Stage Congress soldier.', 9, '43157 Gomez Radial Suite 348\nJonesfurt, OR 85920', TIMESTAMP '2020-04-28 05:23:11', 72, 19, 6),
('257 g', 'Hydrochlorothiazide', 14, 'Decade table visit able behind. Organization foreign pass culture sound media. Every feel huge miss hospital. College discover first high.', 21, '241 Conner Street Apt. 023\nSouth Davidfort, AZ 66472', TIMESTAMP '2015-05-11 18:49:52', 73, 51, 3),
('182 mcg', 'Montelukast', 15, 'Agreement special hotel develop. Nothing chance community special popular do. Drive team into arm relate. Trade article head beyond reveal successful seem. Fact sense decade.', 7, '43157 Gomez Radial Suite 348\nJonesfurt, OR 85920', TIMESTAMP '2014-11-17 11:16:40', 74, 82, 4),
('414 mg/mL', 'Simvastatin', 16, 'State certainly skill white. Affect significant entire away case. Road us back each decide. Again season enjoy than occur occur. Beyond item debate him alone.', 22, '64832 Joseph Islands Suite 805\nFitzgeraldfurt, DC 93541', TIMESTAMP '2008-08-06 08:28:04', 75, 141, 1),
('260 mg', 'Montelukast', 10, 'Picture defense admit book wonder. International shoulder field happen study. Public grow activity agreement painting environmental executive successful. Knowledge human feel they.', 7, '23474 Jessica Groves\nNorth Derek, TN 53841', TIMESTAMP '2008-11-19 07:33:35', 76, 131, 0),
('397 mcg', 'Losartan', 4, 'Land rate consider research majority type. Far couple none community industry admit. List during draw. Score however reach serve assume affect guess. Media claim foreign risk key positive through.', 26, '64832 Joseph Islands Suite 805\nFitzgeraldfurt, DC 93541', TIMESTAMP '2019-03-15 15:48:05', 77, 94, 5),
('164 mg/mL', 'Sertraline', 3, 'Industry interview international continue. Interest oil word first. Measure customer thought could about region. Pull think maintain camera two enter.', 2, '73611 Martinez Spring Suite 203\nEast Cody, MT 09631', TIMESTAMP '2011-04-19 07:30:06', 78, 12, 1),
('380 mcg', 'Escitalopram', 18, 'Window very daughter fill. Station team clearly so clear born. Generation community ball of instead. Yet order party bit dinner join. Economy important much.', 24, '43157 Gomez Radial Suite 348\nJonesfurt, OR 85920', TIMESTAMP '2016-09-09 17:24:41', 79, 141, 2),
('444 g', 'Amlodipine', 1, 'Few catch movie young air seven might opportunity. Edge arrive table similar bed option half. Response citizen detail quickly involve year already. Type million assume shake organization cost fire else. Recently site bed foot opportunity.', 27, '64832 Joseph Islands Suite 805\nFitzgeraldfurt, DC 93541', TIMESTAMP '2017-08-01 01:53:40', 80, 30, 7),
('241 mg/mL', 'Gabapentin', 4, 'Admit improve sport. Able how white visit. Account short space morning movement stay skill. Tend art people physical. Ever would reveal all leg west pick minute. See civil forward simply less campaign.', 18, '43157 Gomez Radial Suite 348\nJonesfurt, OR 85920', TIMESTAMP '2021-10-21 06:28:08', 81, 168, 1),
('452 mcg', 'Simvastatin', 20, DEFAULT, 7, '64832 Joseph Islands Suite 805\nFitzgeraldfurt, DC 93541', TIMESTAMP '2015-06-05 01:40:36', 82, 107, 0),
('377 mg/mL', 'Hydrochlorothiazide', 1, 'Southern will speak or. Health billion region. Seem medical goal tonight my surface.', 28, '241 Conner Street Apt. 023\nSouth Davidfort, AZ 66472', TIMESTAMP '2015-09-16 06:21:44', 83, 15, 7),
('306 mg/mL', 'Losartan', 20, DEFAULT, 25, '73611 Martinez Spring Suite 203\nEast Cody, MT 09631', TIMESTAMP '2010-02-09 10:25:26', 84, 94, 1),
('442 g', 'Amlodipine', 20, 'New quite threat few. Travel soldier strong charge director compare might field. Range sit today book support size city. Two dog management free. Know laugh laugh administration main project now.', 26, '23474 Jessica Groves\nNorth Derek, TN 53841', TIMESTAMP '2015-11-23 13:02:03', 85, 89, 6),
('347 g', 'Fluoxetine', 11, 'Experience get from land population fly. Success foreign however government trouble. Line what professional peace seven. Information black rule together take yes.', 23, '241 Conner Street Apt. 023\nSouth Davidfort, AZ 66472', TIMESTAMP '2013-10-23 00:35:32', 86, 24, 3),
('318 mcg', 'Omeprazole', 1, 'Garden parent green listen field rise alone. Always for natural. Provide vote hotel check push fight case. Outside create performance such. Modern stop blood listen poor draw century. Health finally effort.', 16, '64832 Joseph Islands Suite 805\nFitzgeraldfurt, DC 93541', TIMESTAMP '2021-11-20 23:01:24', 87, 56, 2),
('162 mg', 'Lisinopril', 9, 'Weight development base establish people. This three short so. College ability garden rather form.', 22, '241 Conner Street Apt. 023\nSouth Davidfort, AZ 66472', TIMESTAMP '2020-03-31 02:29:33', 88, 4, 0),
('378 g', 'Rosuvastatin', 13, 'Unit nearly miss. His can already side image. Down anyone in arm defense industry writer. Determine population power them authority attorney audience. Bad continue certain. Deal dinner paper gun avoid.', 15, '43157 Gomez Radial Suite 348\nJonesfurt, OR 85920', TIMESTAMP '2012-10-27 11:10:24', 89, 117, 5),
('259 mg/mL', 'Rosuvastatin', 15, 'Easy finally contain list decision many. High about wish half watch exactly. Development edge people figure.', 17, '73611 Martinez Spring Suite 203\nEast Cody, MT 09631', TIMESTAMP '2011-11-04 05:06:32', 90, 146, 1),
('461 mg', 'Sertraline', 12, 'Security add service activity travel will way. Probably commercial brother head successful source. Need friend do among themselves station scientist. Make arm always interesting name. West player bar military manage company.', 7, '23474 Jessica Groves\nNorth Derek, TN 53841', TIMESTAMP '2017-09-08 07:11:19', 91, 73, 1),
('452 mg/mL', 'Metformin', 14, 'Current education find listen. Executive stage hope action share make. Always how officer trouble. From purpose whom health deal among place. Former fine dinner near full. Character opportunity particular describe.', 11, '23474 Jessica Groves\nNorth Derek, TN 53841', TIMESTAMP '2014-12-03 15:50:17', 92, 26, 2),
('388 g', 'Sertraline', 15, DEFAULT, 13, '64832 Joseph Islands Suite 805\nFitzgeraldfurt, DC 93541', TIMESTAMP '2014-03-18 01:02:52', 93, 110, 5),
('22 mg/mL', 'Atorvastatin', 10, 'Clear dog fast remain wrong so list. White enjoy join goal test. Enough tree behavior. Peace glass Mr my night this. Eat likely town unit find close weight. Push student perhaps side course.', 17, '23474 Jessica Groves\nNorth Derek, TN 53841', TIMESTAMP '2018-08-02 06:11:52', 94, 3, 6),
('121 mg', 'Simvastatin', 13, 'Bag manage seem recently. By can this will right fight people open. President cut table boy her environmental nation important. Shoulder blood left deal particularly. Plant audience owner ok stock hand red. Agency class campaign such bag require.', 13, '241 Conner Street Apt. 023\nSouth Davidfort, AZ 66472', TIMESTAMP '2014-12-09 14:31:50', 95, 39, 0),
('454 g', 'Pantoprazole', 15, DEFAULT, 28, '43157 Gomez Radial Suite 348\nJonesfurt, OR 85920', TIMESTAMP '2011-12-01 20:23:27', 96, 107, 2),
('347 mg/mL', 'Lisinopril', 11, 'Building reduce pass gun choose single. Now until buy seven west. Report level like man. State early game. Tree work buy college next.', 24, '241 Conner Street Apt. 023\nSouth Davidfort, AZ 66472', TIMESTAMP '2022-02-13 11:32:31', 97, 157, 7),
('301 mg', 'Fluoxetine', 6, 'According mother protect pretty. Fish either society write sit different include. Fact economic never sort mind job.', 24, '43157 Gomez Radial Suite 348\nJonesfurt, OR 85920', TIMESTAMP '2019-11-27 13:48:23', 98, 105, 6),
('197 g', 'Losartan', 1, DEFAULT, 9, '241 Conner Street Apt. 023\nSouth Davidfort, AZ 66472', TIMESTAMP '2010-03-30 18:59:30', 99, 179, 3),
('79 mg', 'Omeprazole', 18, 'Defense ask action top identify close now. Century cost room blue media network around animal. Type relate piece factor talk. Short run run somebody. Think accept discuss leave political pressure him.', 9, '23474 Jessica Groves\nNorth Derek, TN 53841', TIMESTAMP '2019-10-20 20:56:44', 100, 120, 3);
/* INSERT DATA INTO `immunized_employees` TABLE */
INSERT INTO immunized_employees (emp_id, immun_id) VALUES
(6, 5),
(20, 4),
(19, 8),
(20, 3),
(12, 2),
(11, 2),
(16, 4),
(2, 6),
(16, 7),
(18, 1),
(11, 6),
(8, 9),
(9, 6),
(15, 5),
(11, 10),
(5, 10),
(17, 10),
(8, 7),
(1, 2),
(13, 5),
(14, 8),
(13, 9),
(8, 4),
(1, 7),
(5, 8),
(6, 8),
(11, 7),
(10, 5),
(9, 5),
(3, 4),
(9, 3),
(6, 7),
(17, 7),
(1, 6),
(17, 4),
(16, 3),
(9, 10),
(11, 8),
(13, 7),
(2, 1),
(19, 4),
(18, 6),
(1, 10),
(10, 3),
(5, 2),
(17, 8),
(4, 1),
(11, 5),
(16, 9),
(13, 4),
(5, 9),
(5, 5),
(6, 9),
(10, 8),
(4, 9),
(12, 10),
(15, 9),
(20, 9),
(18, 2),
(8, 10),
(7, 6),
(14, 2),
(2, 4),
(7, 8),
(6, 2),
(10, 1),
(13, 1),
(9, 9);
/* INSERT DATA INTO `archived_files` TABLE */
INSERT INTO archived_files (emp_id, file_id, file_name, patient_id, s3_id) VALUES
(7, 1, 'create.js', 27, '197dfe22-8c35-41a7-9862-82718f193410'),
(13, 2, 'manager.webm', 8, '41ed7ecd-333d-44a1-93c5-8335100399b3'),
(6, 3, 'develop.webm', 6, '9344741b-6fdf-46e8-b9c4-22581e44da98'),
(14, 4, 'poor.jpg', 30, '39dbede7-dc93-4e55-8dcc-dc668a40c090'),
(19, 5, 'affect.mov', 24, '4db7be08-bed6-4fe3-8918-c98db01de5e6'),
(11, 6, 'guy.js', 18, '00ce4721-4ff0-494d-b15f-efa4d84c1087'),
(18, 7, 'instead.jpeg', 29, 'c0c8489e-b7bb-4608-b731-b449f7f38542'),
(16, 8, 'a.mp3', 27, '00c5ec67-5343-4e3c-b048-7b7c22ec9db8'),
(2, 9, 'art.mp4', 24, '45e4a876-bcbc-4a0b-ad41-0331bb4750e5'),
(18, 10, 'structure.js', 6, '706fa532-8b20-456f-9304-d06c6173a7b0'),
(15, 11, 'why.bmp', 24, '9ad42520-f5b4-49e1-9d4f-d1f303b160ea'),
(10, 12, 'develop.html', 4, '5c146299-4404-43fb-8e93-1f818eecedff'),
(10, 13, 'outside.mov', 9, 'bbaccdef-ef16-49ad-8307-10c771564d3a'),
(16, 14, 'loss.bmp', 9, '5282f2cc-390a-4629-8c78-1201e41e0111'),
(7, 15, 'fund.jpg', 26, '7baa138d-dc07-4940-909b-fb6cbe3f7847'),
(6, 16, 'see.mp3', 22, '4016bf22-5a56-4e70-bdb6-dd3595855342'),
(12, 17, 'light.mov', 7, '52f783b1-b254-4830-a45f-a9d992a971e6'),
(1, 18, 'best.mp4', 4, '40bf3e54-9fdb-46be-a2d7-06178fe0cb1a'),
(9, 19, 'explain.webm', 18, '32cf9513-2e1c-49e7-9333-7bb7168c3202'),
(1, 20, 'direction.xls', 21, '419a8fc9-e062-4ef1-8d59-b1bdd3189500'),
(3, 21, 'nearly.csv', 7, 'ee24e998-b9a8-4e16-bc9b-5dfd17c5c2b4'),
(16, 22, 'seven.ods', 29, '86716104-0899-4782-a510-cf7ff80c450e'),
(13, 23, 'chance.xls', 8, '74a65138-a6d3-4c86-88ba-469caf363055'),
(5, 24, 'room.gif', 25, '28a96c64-2ee6-49e6-85a8-0eca69ddbf7f'),
(18, 25, 'adult.docx', 14, '06ebb89d-6099-4e1f-8773-44748d32d5a2'),
(11, 26, 'culture.flac', 10, 'a3764a66-0fc9-42de-b201-0fd239298ad3'),
(6, 27, 'memory.odp', 26, '835ce55e-a785-44c8-84f1-f5d169a4e195'),
(10, 28, 'price.wav', 30, '2802e605-3fe6-4c84-9615-4be95b698ec7'),
(7, 29, 'bank.avi', 15, '72a98ae2-f76f-4688-a288-58991010e768'),
(13, 30, 'house.doc', 17, 'bcdbe105-6c44-4570-a88d-cf56a6b9b035');
/* INSERT DATA INTO `appointments` TABLE */
INSERT INTO appointments (app_id, blood_pressure, date, height, notes, patient_id, room_number, temperature, weight) VALUES
(1, '156/79', TIMESTAMP '2022-04-20 07:32:24', 61.09, DEFAULT, 26, 18, 100.19, 225.0),
(2, '84/87', TIMESTAMP '2022-04-20 08:14:17', 63.23, 'Heavy person choose start market. Simply concern page director. Act minute treatment quickly.', 23, 11, 96.66, 214.92),
(3, '130/88', TIMESTAMP '2022-04-20 11:10:06', 65.94, 'List run safe figure. Allow star forward leave art practice.', 6, 9, 97.59, 172.8),
(4, '119/95', TIMESTAMP '2022-03-29 14:23:33', 61.33, 'Hard far around almost.', 26, 14, 96.68, 376.07),
(5, '101/90', TIMESTAMP '2022-04-22 05:05:58', 67.57, DEFAULT, 9, 19, 96.2, 284.29),
(6, '89/64', TIMESTAMP '2022-02-25 01:34:03', 69.83, 'Bag list teacher would road collection. Catch head sure memory. Phone when room network.', 26, 3, 98.02, 270.48),
(7, '127/93', TIMESTAMP '2022-04-20 10:25:15', 66.85, 'Not before painting sure whom. Wall measure again ability election.', 22, 12, 101.72, 371.92),
(8, '97/71', TIMESTAMP '2022-04-21 16:08:14', 64.69, 'Stage the common prevent spend. Customer plan maybe manager place fly.', 6, 20, 100.84, 108.22),
(9, '125/85', TIMESTAMP '2022-04-21 22:46:10', 78.72, 'Allow forward hour whom inside establish. Turn another wonder reveal. Possible account question dinner write usually.', 27, 7, 103.75, 323.92),
(10, '112/83', TIMESTAMP '2022-04-22 09:37:11', 74.68, 'The particular available expect really. Election air parent. Commercial identify on stand trip all.', 8, 5, 102.34, 375.79),
(11, '138/94', TIMESTAMP '2022-01-12 09:22:09', 67.79, 'Sign admit hair look. Reveal safe PM too right. Top his outside project us pass management serious.', 13, 6, 105.62, 287.21),
(12, '128/88', TIMESTAMP '2022-04-21 01:50:08', 72.1, 'Red citizen notice feeling. Better child computer either.', 19, 13, 102.43, 343.01),
(13, '148/87', TIMESTAMP '2022-02-06 02:43:47', 53.6, 'Heart message matter position water. Instead room seven reveal whole.', 9, 10, 102.05, 231.86),
(14, '83/61', TIMESTAMP '2022-03-20 18:23:42', 74.29, 'Model new run tonight official south senior. Green film at best small law campaign value. Suffer team word major western education.', 27, 8, 105.48, 232.63),
(15, '85/83', TIMESTAMP '2022-04-20 02:10:15', 57.91, DEFAULT, 21, 7, 104.13, 374.38),
(16, '96/92', TIMESTAMP '2022-02-10 11:26:12', 51.92, 'Likely off anything pick none none ball.', 7, 9, 99.4, 116.09),
(17, '127/62', TIMESTAMP '2022-03-11 11:18:25', 76.45, 'You half side price little. Plan before talk want it manage.', 8, 14, 102.24, 178.85),
(18, '134/100', TIMESTAMP '2022-04-20 03:21:17', 58.03, 'Fact special gas class wish relate. Market best only know fish. Produce clear various production.', 22, 6, 104.09, 324.42),
(19, '121/80', TIMESTAMP '2022-04-19 23:22:06', 75.68, 'College newspaper little drive. Time to black her become less production.', 25, 12, 104.64, 172.2),
(20, '99/100', TIMESTAMP '2021-06-25 15:38:30', 62.12, 'Oil describe section few stay top most. Shake phone positive idea throughout.', 20, 3, 104.92, 109.51),
(21, '107/100', TIMESTAMP '2022-04-02 17:56:24', 77.04, DEFAULT, 14, 2, 99.58, 241.64),
(22, '122/93', TIMESTAMP '2022-04-21 14:06:35', 73.66, 'Compare difficult discuss call share its. Seem building care door natural produce.', 10, 2, 99.02, 210.03),
(23, '141/92', TIMESTAMP '2022-04-19 23:10:06', 76.34, 'True even matter remember body keep body lay. No none say heart information part full. Yeah certain return suddenly wish loss. Ability no affect catch.', 22, 20, 103.74, 395.37),
(24, '119/72', TIMESTAMP '2022-02-22 14:00:52', 70.26, DEFAULT, 6, 10, 103.58, 322.76),
(25, '129/93', TIMESTAMP '2022-04-21 08:46:06', 79.53, 'Others development account. Scene increase simple as player use through. Seek third since laugh model make.', 13, 11, 104.96, 274.47),
(26, '136/94', TIMESTAMP '2022-04-06 10:39:39', 70.12, DEFAULT, 28, 9, 105.3, 179.59),
(27, '107/89', TIMESTAMP '2021-07-02 06:32:09', 62.1, DEFAULT, 29, 0, 103.39, 318.4),
(28, '104/70', TIMESTAMP '2022-02-07 11:52:55', 77.76, 'Clearly take product building view its contain. Middle reflect yes. Third option chair decide.', 4, 15, 96.78, 276.1),
(29, '128/91', TIMESTAMP '2022-03-27 18:43:33', 67.2, DEFAULT, 11, 3, 101.22, 111.45),
(30, '136/98', TIMESTAMP '2022-02-03 20:21:00', 54.21, 'Concern reach every put. Knowledge report national senior.', 22, 18, 104.4, 164.7),
(31, '123/87', TIMESTAMP '2021-05-19 05:46:58', 74.07, DEFAULT, 15, 6, 105.26, 361.93),
(32, '157/91', TIMESTAMP '2022-04-20 04:45:56', 61.51, 'Within night want according. Personal task same yourself front season suddenly really. Standard even exist identify agency toward.', 6, 15, 103.15, 167.99),
(33, '122/79', TIMESTAMP '2022-02-12 20:51:44', 64.68, DEFAULT, 26, 9, 100.45, 270.25),
(34, '83/79', TIMESTAMP '2021-07-26 21:35:34', 78.56, 'Ten mention laugh spring move single. Start fund reality no work collection.', 13, 13, 104.07, 350.96),
(35, '105/90', TIMESTAMP '2022-03-13 01:53:45', 71.53, 'Form great education training see we.', 14, 3, 104.45, 396.63),
(36, '108/90', TIMESTAMP '2022-04-22 06:15:46', 74.59, DEFAULT, 11, 13, 103.3, 74.9),
(37, '107/96', TIMESTAMP '2022-04-17 08:00:14', 74.02, DEFAULT, 4, 10, 97.77, 185.13),
(38, '125/84', TIMESTAMP '2022-04-22 10:09:35', 74.35, DEFAULT, 3, 3, 103.11, 120.94),
(39, '83/64', TIMESTAMP '2022-02-10 21:12:43', 77.8, 'Movie democratic score world respond. Significant specific city paper. Answer where simply degree article available possible order.', 25, 12, 100.12, 341.68),
(40, '146/78', TIMESTAMP '2022-04-21 00:19:41', 79.76, 'This per pretty. Society oil activity include audience white step. Star feel chance although address politics.', 4, 6, 96.88, 259.71),
(41, '135/74', TIMESTAMP '2022-04-18 01:25:11', 67.11, 'Lawyer attack simply protect something camera himself. Safe prepare blue tend.', 1, 0, 98.94, 340.89),
(42, '101/84', TIMESTAMP '2022-02-03 03:56:34', 59.57, 'Other question indeed message picture study. Full road nothing defense customer. Serious form fight century office.', 25, 9, 100.2, 78.68),
(43, '94/96', TIMESTAMP '2022-02-19 13:41:54', 75.72, 'Seven can place this read guy. Poor modern democratic.', 26, 12, 100.98, 391.66),
(44, '90/94', TIMESTAMP '2022-03-10 06:16:51', 76.39, 'People point month smile. Indicate actually small case middle resource project.', 12, 18, 99.03, 106.64),
(45, '111/97', TIMESTAMP '2022-04-21 10:05:55', 60.12, 'Story around enter blue expect true. Drop store could her movement. Professor wife get hospital theory.', 15, 1, 97.05, 157.86),
(46, '94/76', TIMESTAMP '2022-04-20 12:40:56', 56.03, 'Wish purpose good challenge business rule sometimes. Community tonight east trouble two.', 12, 13, 99.01, 335.49),
(47, '141/72', TIMESTAMP '2022-02-26 03:17:23', 58.06, 'Stage goal can value leave should five. Find cell animal ready at order attention both.', 22, 2, 99.28, 188.24),
(48, '93/87', TIMESTAMP '2022-04-21 12:23:01', 78.39, DEFAULT, 13, 20, 105.63, 380.82),
(49, '131/86', TIMESTAMP '2022-04-20 19:32:30', 56.82, 'Movement certainly group member. Since use out cost game set.', 21, 1, 103.76, 242.84),
(50, '93/92', TIMESTAMP '2022-04-22 17:48:17', 76.75, DEFAULT, 9, 4, 97.02, 173.79),
(51, '141/93', TIMESTAMP '2022-03-04 22:45:36', 77.67, 'Decade plant identify mention. Detail open future rich seat total. Sometimes although best various exactly several effect. Gas fly drug.', 6, 3, 100.93, 273.02),
(52, '128/72', TIMESTAMP '2022-03-31 05:31:22', 78.95, 'Against take budget agency century strong anything trial. White send guess you bar. Property fish plan pick again.', 9, 11, 101.81, 75.75),
(53, '107/70', TIMESTAMP '2022-04-22 19:03:57', 63.59, 'Yard treat begin should property ten many. Not hear pressure finish pressure.', 4, 12, 97.58, 309.34),
(54, '144/63', TIMESTAMP '2022-04-20 04:23:41', 72.23, 'Among nice operation risk. Its practice how save several model think five.', 21, 19, 105.63, 150.45),
(55, '118/95', TIMESTAMP '2022-01-26 10:55:25', 62.06, 'Note understand enough production scene start of. White message laugh billion onto. Follow baby job game according.', 11, 19, 101.22, 166.99),
(56, '155/66', TIMESTAMP '2022-03-19 18:30:44', 67.13, 'See body program after scientist.', 30, 10, 102.68, 253.89),
(57, '113/72', TIMESTAMP '2022-01-30 05:52:33', 62.04, DEFAULT, 1, 9, 100.47, 381.84),
(58, '157/98', TIMESTAMP '2022-04-20 18:24:42', 53.2, 'Energy give person rate security develop consumer. Letter little bar reach common appear economy. Growth himself game will third and.', 11, 18, 102.93, 325.56),
(59, '159/100', TIMESTAMP '2022-04-21 12:05:15', 79.56, 'Community together far enough ability citizen girl do. Herself society position. Structure foot question learn economic recent let receive.', 11, 8, 99.49, 175.55),
(60, '113/66', TIMESTAMP '2022-04-21 13:28:29', 50.31, DEFAULT, 26, 1, 100.23, 115.27),
(61, '88/81', TIMESTAMP '2021-09-10 21:05:03', 60.15, 'Kind religious question him amount. Resource box during star much. Change resource occur music item land.', 8, 9, 99.34, 228.93),
(62, '123/100', TIMESTAMP '2022-04-20 02:28:01', 61.73, DEFAULT, 27, 9, 96.59, 160.47),
(63, '156/81', TIMESTAMP '2022-04-22 16:04:13', 54.95, DEFAULT, 18, 4, 96.42, 365.2),
(64, '99/65', TIMESTAMP '2021-12-05 18:46:51', 66.43, 'General nor administration open act. Garden worry put he ask could. Edge change structure control career state six.', 8, 18, 100.07, 116.05),
(65, '151/100', TIMESTAMP '2021-07-13 03:53:24', 68.49, 'Continue industry best change talk conference language. Hear health thank goal.', 6, 18, 99.58, 274.82),
(66, '100/97', TIMESTAMP '2022-04-22 02:53:52', 67.84, DEFAULT, 14, 6, 102.59, 221.71),
(67, '126/68', TIMESTAMP '2022-04-22 08:25:06', 62.27, 'Face ready issue that party identify.', 1, 0, 105.18, 80.18),
(68, '156/87', TIMESTAMP '2022-03-03 14:21:19', 77.88, 'Business performance city test direction call. West leader side.', 1, 15, 96.61, 394.31),
(69, '108/79', TIMESTAMP '2022-04-21 19:21:35', 50.86, 'Administration expert it run travel determine. Hit team reveal player soon current by write.', 10, 16, 102.96, 257.3),
(70, '126/90', TIMESTAMP '2022-04-19 04:20:10', 73.99, DEFAULT, 7, 15, 96.31, 272.21),
(71, '124/79', TIMESTAMP '2022-04-19 22:37:25', 58.7, 'Some left us dark consumer. Also traditional score dark factor tell billion. Clear senior film clearly decide. Or city bit your education expert control.', 17, 13, 100.99, 333.19),
(72, '93/86', TIMESTAMP '2022-02-08 06:03:30', 71.4, DEFAULT, 16, 11, 101.61, 155.99),
(73, '151/63', TIMESTAMP '2022-02-01 18:47:00', 71.86, 'Budget instead property or their. Gas right yes American call statement specific. Special might wish street space human. Bit network deep politics.', 10, 17, 102.07, 79.79),
(74, '84/100', TIMESTAMP '2021-07-13 06:17:00', 76.41, DEFAULT, 3, 2, 101.7, 186.97),
(75, '91/66', TIMESTAMP '2022-03-31 10:00:27', 72.65, 'Tree his current data whether. Industry skin which big send.', 17, 10, 97.37, 378.22),
(76, '112/92', TIMESTAMP '2022-04-20 03:02:37', 67.38, DEFAULT, 9, 10, 101.66, 147.05),
(77, '135/66', TIMESTAMP '2022-02-07 07:08:42', 53.0, DEFAULT, 2, 8, 99.31, 328.04),
(78, '118/96', TIMESTAMP '2022-02-17 09:33:54', 61.75, 'Draw always now life. Necessary interesting easy perhaps best company far.', 28, 7, 97.49, 91.42),
(79, '140/76', TIMESTAMP '2022-04-19 23:03:11', 55.72, 'Strategy identify involve hospital capital. Must body doctor tough radio not account land. How eye fire growth alone. Occur person social.', 4, 20, 100.53, 329.33),
(80, '159/79', TIMESTAMP '2022-04-22 07:54:58', 69.31, 'Event say son and give source. Per second add picture.', 5, 13, 105.0, 219.5),
(81, '149/62', TIMESTAMP '2022-04-19 23:59:54', 67.43, 'Business choice dream low. Trial hundred anything morning surface the candidate reality.', 5, 18, 104.28, 140.04),
(82, '109/67', TIMESTAMP '2022-04-10 23:06:01', 76.17, 'Near need recently hospital red. Speak answer fill on program others sort. Significant than discuss ask team maybe. Under white field television its factor.', 14, 7, 100.91, 121.29),
(83, '106/66', TIMESTAMP '2021-07-15 10:54:11', 55.85, DEFAULT, 28, 10, 98.43, 170.08),
(84, '139/75', TIMESTAMP '2022-04-21 02:07:48', 78.15, 'Key benefit coach building model entire across. Current page skill indeed four interview. American under product occur add beat. Which worry door tonight.', 21, 13, 99.92, 160.61),
(85, '144/78', TIMESTAMP '2021-06-27 16:59:58', 77.68, 'Per east actually response. Everybody rock after level pattern side.', 14, 4, 98.47, 378.12),
(86, '81/93', TIMESTAMP '2022-01-23 03:39:35', 52.75, 'Discussion would arrive teacher where close democratic. Team middle model pick. Type focus discuss our five purpose everything.', 25, 20, 104.63, 201.82),
(87, '154/71', TIMESTAMP '2022-02-10 11:46:27', 73.3, 'Also money system involve. Feel wear official area agency. Speech lawyer west particularly everything former.', 1, 19, 100.78, 105.46),
(88, '136/94', TIMESTAMP '2022-03-26 20:14:23', 71.99, 'Describe economy goal government medical science. Sound use walk inside yes book step. Least available between lay physical high.', 12, 2, 105.87, 107.5),
(89, '84/82', TIMESTAMP '2022-04-21 10:55:49', 58.48, DEFAULT, 29, 17, 96.84, 210.49),
(90, '156/72', TIMESTAMP '2021-07-07 17:16:22', 73.88, 'Scene pick impact network alone culture. New enter message reason expect.', 4, 10, 102.59, 254.89),
(91, '118/73', TIMESTAMP '2022-04-19 19:55:09', 50.1, DEFAULT, 3, 19, 100.28, 217.9),
(92, '93/83', TIMESTAMP '2022-03-30 23:31:02', 76.23, 'Not rich foreign professor will themselves. Everything writer mean series nothing nothing. Six day claim contain discuss bad discussion.', 24, 5, 98.69, 208.28),
(93, '98/99', TIMESTAMP '2022-02-17 15:26:52', 74.23, 'Fear him party sort give. Hair people and big probably tax financial. Sign attention provide itself.', 7, 0, 99.09, 165.1),
(94, '151/85', TIMESTAMP '2022-04-20 21:51:59', 78.26, 'Available include there floor run bag should. Future people require quality information citizen without Mrs. Upon operation prevent manage line return.', 22, 15, 97.54, 241.34),
(95, '159/64', TIMESTAMP '2022-04-21 10:20:02', 56.32, 'Kind certain ready thousand ask possible. Only word moment pretty concern. Their once should.', 7, 15, 105.21, 285.16),
(96, '151/90', TIMESTAMP '2022-02-11 22:20:48', 50.16, 'Join reduce allow eat side. Another heart others bring. Community paper attack.', 20, 14, 102.42, 161.68),
(97, '100/73', TIMESTAMP '2022-01-30 09:17:48', 56.57, 'Major charge author themselves other today PM. Should enough act end value new.', 16, 14, 101.4, 148.92),
(98, '160/93', TIMESTAMP '2022-04-22 05:34:43', 79.4, DEFAULT, 26, 10, 104.47, 349.67),
(99, '107/95', TIMESTAMP '2022-04-22 01:32:25', 58.97, 'Big increase interest effect. Book whatever building whole. Spring impact next not.', 6, 19, 98.48, 239.88),
(100, '120/75', TIMESTAMP '2022-02-03 21:11:26', 51.66, 'Piece spring practice record. Eight arm seven interest enter. Over role score throw name have TV environment.', 20, 18, 96.33, 318.3),
(101, '117/83', TIMESTAMP '2021-09-09 13:29:47', 76.92, 'Away girl produce class PM. Style become what may simple.', 1, 13, 97.38, 162.34),
(102, '139/97', TIMESTAMP '2022-04-20 18:08:52', 78.89, 'Window part game which store peace. Spend interest though.', 13, 6, 101.05, 256.36),
(103, '134/83', TIMESTAMP '2022-02-13 17:38:15', 75.53, 'Those report reason country debate son stuff. Cover front system help. Town billion painting peace.', 29, 12, 99.73, 148.88),
(104, '139/86', TIMESTAMP '2022-04-22 18:10:43', 78.03, 'Yard quality production cause. Word good business us region receive for. Business true guy answer recognize.', 8, 11, 98.89, 182.07),
(105, '158/74', TIMESTAMP '2022-04-21 05:48:41', 64.28, 'Cup he father evidence question fund arrive clearly. Run its near really.', 11, 17, 98.37, 75.45),
(106, '120/60', TIMESTAMP '2021-07-07 00:05:09', 52.47, 'Around board her important sure offer trip. Hit thank most of up organization left.', 10, 17, 100.86, 193.66),
(107, '144/62', TIMESTAMP '2022-02-20 15:43:36', 64.12, 'Past name plan set offer present. Language they environment. Shake wife all upon say.', 19, 0, 100.85, 376.97),
(108, '155/61', TIMESTAMP '2022-02-16 15:53:51', 78.46, DEFAULT, 23, 19, 105.75, 246.53),
(109, '117/94', TIMESTAMP '2022-04-21 22:10:47', 55.45, DEFAULT, 15, 4, 104.71, 247.24),
(110, '129/73', TIMESTAMP '2022-04-20 18:20:22', 77.98, 'Majority bit instead smile happen successful human. Public according understand happen begin actually. Data interesting eat practice throw receive.', 23, 8, 104.21, 90.73),
(111, '82/73', TIMESTAMP '2021-12-28 19:21:51', 52.24, 'Dog receive wife point. Tonight woman drive minute according.', 28, 3, 99.02, 279.56),
(112, '88/60', TIMESTAMP '2022-04-20 05:23:15', 63.3, DEFAULT, 11, 19, 98.68, 171.52),
(113, '123/79', TIMESTAMP '2022-03-13 13:55:00', 73.22, DEFAULT, 24, 20, 100.03, 114.84),
(114, '133/71', TIMESTAMP '2022-04-21 03:00:39', 56.28, DEFAULT, 6, 15, 103.65, 266.23),
(115, '87/81', TIMESTAMP '2022-01-31 00:42:28', 75.72, 'Half plan total your story teacher exist. Perhaps such those position wrong. Quickly wind include allow must point.', 7, 15, 99.43, 364.6),
(116, '140/92', TIMESTAMP '2022-03-17 10:34:11', 56.61, 'Crime Mrs design boy if near energy. Anything rate significant meet adult prepare. Particular economy evening same trouble development class understand.', 14, 18, 103.18, 272.19),
(117, '111/77', TIMESTAMP '2022-04-22 03:02:02', 55.65, 'Small create day party. Strong term main feeling bag.', 20, 7, 101.71, 339.84),
(118, '107/61', TIMESTAMP '2021-05-11 04:03:38', 52.62, 'Every quality he under body phone. Hard movement similar certainly little talk. Money something move race special away.', 12, 9, 100.5, 88.0),
(119, '108/92', TIMESTAMP '2022-02-05 16:08:00', 71.85, DEFAULT, 19, 20, 101.59, 375.16),
(120, '154/90', TIMESTAMP '2021-08-08 03:34:56', 56.08, 'Operation next black bag wrong indeed. Possible management common popular project. Expert must small hair strong reveal future girl.', 29, 16, 104.04, 78.25),
(121, '88/88', TIMESTAMP '2022-04-22 11:51:23', 74.8, 'Civil audience drive may. Least building military seem. Glass type structure so magazine worker.', 9, 1, 105.96, 129.7),
(122, '153/98', TIMESTAMP '2022-04-21 03:40:05', 64.03, 'Budget standard very night federal top bill. Among simply shake social production consider. Difference stock phone success Mrs add type.', 8, 2, 99.04, 305.09),
(123, '138/86', TIMESTAMP '2022-04-21 20:21:37', 73.46, 'Civil anything court many ability. Clear deep scientist rather. Country toward claim civil inside friend.', 30, 6, 99.16, 256.79),
(124, '87/67', TIMESTAMP '2022-04-20 01:22:50', 65.75, DEFAULT, 14, 14, 97.04, 106.23),
(125, '90/60', TIMESTAMP '2022-04-22 18:20:12', 55.4, DEFAULT, 16, 19, 105.37, 381.12),
(126, '119/78', TIMESTAMP '2021-05-06 23:08:32', 66.94, 'Coach upon project draw seat true listen. Operation participant affect better.', 28, 4, 98.23, 346.68),
(127, '107/79', TIMESTAMP '2022-04-22 01:53:08', 55.8, 'Debate ready avoid government interview pass adult. Summer or like. Really language account early use.', 6, 4, 101.77, 95.27),
(128, '144/77', TIMESTAMP '2021-11-04 15:30:02', 78.41, 'Firm person black because song. Reveal movement event current cost later despite training.', 12, 10, 99.67, 318.44),
(129, '103/67', TIMESTAMP '2022-04-11 14:52:50', 75.01, DEFAULT, 22, 17, 97.84, 336.28),
(130, '118/73', TIMESTAMP '2022-02-22 08:10:07', 53.26, DEFAULT, 10, 13, 98.43, 113.95),
(131, '93/69', TIMESTAMP '2021-06-06 01:11:30', 64.98, DEFAULT, 4, 1, 104.2, 249.56),
(132, '159/92', TIMESTAMP '2022-04-22 18:02:21', 53.94, DEFAULT, 15, 6, 97.97, 151.98),
(133, '134/94', TIMESTAMP '2021-12-09 19:40:28', 62.3, DEFAULT, 27, 11, 103.99, 128.61),
(134, '129/83', TIMESTAMP '2022-04-22 15:56:52', 66.34, 'Peace spend up simple wind. Among fly firm clear foot yard make. News through way top.', 24, 4, 104.67, 307.24),
(135, '153/94', TIMESTAMP '2022-04-21 03:39:27', 69.93, DEFAULT, 27, 9, 100.75, 128.86),
(136, '155/79', TIMESTAMP '2022-04-22 14:24:55', 50.21, 'Order too this. Change area either.', 12, 9, 102.13, 380.66),
(137, '90/74', TIMESTAMP '2022-04-20 19:27:44', 68.29, DEFAULT, 6, 2, 103.87, 336.78),
(138, '157/89', TIMESTAMP '2022-04-20 02:11:30', 74.86, DEFAULT, 7, 19, 105.75, 77.88),
(139, '117/99', TIMESTAMP '2022-04-22 08:14:02', 60.68, 'House south environmental which painting. Suddenly charge world reveal stand. Easy always concern laugh organization.', 15, 12, 104.29, 78.56),
(140, '122/79', TIMESTAMP '2022-02-23 19:40:34', 65.05, DEFAULT, 4, 19, 103.73, 285.97),
(141, '84/83', TIMESTAMP '2022-04-20 10:22:18', 79.35, 'Forward spend factor they magazine. Indicate wish compare world.', 3, 8, 103.95, 260.24),
(142, '127/93', TIMESTAMP '2022-04-14 01:20:00', 63.23, DEFAULT, 16, 8, 102.18, 216.02),
(143, '136/81', TIMESTAMP '2022-04-22 07:46:40', 56.51, DEFAULT, 21, 17, 100.78, 101.23),
(144, '84/64', TIMESTAMP '2022-02-28 22:30:51', 70.98, DEFAULT, 17, 0, 98.34, 294.18),
(145, '92/65', TIMESTAMP '2022-04-21 20:32:16', 71.62, 'Pretty well list per camera much woman. Last drive economic.', 19, 16, 100.67, 229.28),
(146, '116/67', TIMESTAMP '2022-02-10 07:25:02', 78.98, DEFAULT, 7, 1, 99.46, 197.41),
(147, '100/74', TIMESTAMP '2022-04-20 08:12:35', 63.84, 'Our rule father whether model. Down learn weight main fly. Figure bit data guy.', 13, 13, 102.58, 82.55),
(148, '122/74', TIMESTAMP '2022-04-22 11:07:39', 75.91, 'Eye especially phone a various. Direction night much camera. Wait TV common once vote wrong market though.', 17, 11, 101.14, 172.29),
(149, '125/67', TIMESTAMP '2022-04-21 13:09:09', 75.06, 'Fill far gas career long thousand mention. Home yard give film question record. Large rock throw anything notice season.', 22, 7, 97.53, 334.14),
(150, '132/99', TIMESTAMP '2021-12-13 19:52:12', 55.22, 'Stand evening whom remain. Bill imagine former day TV situation.', 11, 1, 96.15, 267.14),
(151, '129/80', TIMESTAMP '2022-02-19 22:33:24', 66.05, DEFAULT, 28, 14, 103.37, 341.89),
(152, '137/99', TIMESTAMP '2022-03-18 08:54:34', 54.1, DEFAULT, 6, 9, 99.04, 348.66),
(153, '132/96', TIMESTAMP '2022-04-22 18:25:51', 52.03, 'Carry eight think sort. Class game may television sense.', 9, 10, 99.63, 180.68),
(154, '104/94', TIMESTAMP '2022-03-13 05:43:54', 61.19, DEFAULT, 23, 16, 99.95, 231.27),
(155, '129/79', TIMESTAMP '2022-04-21 17:45:54', 53.63, 'Firm best character strong manager. Arrive control section can. Cost outside future simply finally. North follow few if available sister.', 27, 17, 103.28, 380.03),
(156, '155/82', TIMESTAMP '2021-11-16 16:41:51', 52.83, DEFAULT, 25, 10, 103.47, 329.18),
(157, '126/75', TIMESTAMP '2022-04-21 14:54:58', 66.79, 'Street local shake dog recognize. Including television argue back although teacher. Second thing few similar.', 14, 18, 102.58, 78.07),
(158, '146/80', TIMESTAMP '2022-03-06 09:37:31', 56.44, DEFAULT, 16, 7, 98.07, 365.4),
(159, '90/76', TIMESTAMP '2022-02-02 06:59:33', 78.2, 'Fall third former watch positive crime. Some third positive. Fire what discuss campaign.', 9, 4, 105.76, 315.92),
(160, '136/94', TIMESTAMP '2022-04-20 12:28:49', 65.05, DEFAULT, 30, 14, 99.88, 118.52),
(161, '133/95', TIMESTAMP '2022-04-22 18:25:18', 66.7, 'Husband certain yet politics toward people tell them. Well project science understand.', 3, 14, 96.44, 391.3),
(162, '80/75', TIMESTAMP '2022-04-20 07:31:40', 78.81, 'Describe imagine treatment bank. Because popular hold memory appear yet family represent.', 12, 18, 102.49, 262.99),
(163, '127/82', TIMESTAMP '2022-03-01 16:04:12', 63.62, 'But city operation might. Reason training several research water behind lose.', 13, 3, 100.26, 163.9),
(164, '86/65', TIMESTAMP '2022-04-22 14:51:08', 57.67, 'Scene hotel above expect. Until federal part manager film approach admit. Business allow economic build.', 24, 18, 97.28, 236.42),
(165, '144/78', TIMESTAMP '2022-04-11 01:31:58', 74.11, DEFAULT, 21, 6, 100.62, 212.95),
(166, '133/73', TIMESTAMP '2022-04-21 09:49:29', 75.03, 'Skin almost itself impact fund. Fall can former anyone.', 20, 18, 103.06, 137.26),
(167, '94/63', TIMESTAMP '2022-03-12 15:01:44', 61.31, DEFAULT, 7, 3, 105.48, 109.3),
(168, '104/98', TIMESTAMP '2022-01-29 18:40:17', 65.28, 'Of enough fact. Owner where treat member hotel firm cold nearly.', 15, 3, 96.12, 309.88),
(169, '84/79', TIMESTAMP '2022-04-19 20:40:05', 57.79, 'New too few know organization information industry customer. Sport prepare none they team after.', 13, 19, 100.5, 141.69),
(170, '125/72', TIMESTAMP '2022-04-21 02:40:51', 59.88, DEFAULT, 1, 13, 97.09, 307.15),
(171, '114/84', TIMESTAMP '2022-04-02 08:08:57', 78.89, 'Admit common fish part. Level job soon husband ground question himself. Yet outside now store over book community. Player need ok much.', 14, 9, 99.83, 389.24),
(172, '90/79', TIMESTAMP '2022-04-21 17:06:49', 72.51, DEFAULT, 9, 18, 102.17, 213.59),
(173, '105/60', TIMESTAMP '2022-02-05 23:05:06', 70.26, 'Until rich risk him decision walk. Around performance red. Book from detail free remember hard.', 15, 9, 99.07, 318.76),
(174, '123/100', TIMESTAMP '2022-03-28 22:12:39', 58.45, DEFAULT, 12, 8, 97.52, 160.49),
(175, '109/77', TIMESTAMP '2022-02-27 10:07:26', 76.71, 'Act gun voice. Bring reason PM event wait describe four blood.', 25, 3, 103.97, 217.8),
(176, '126/97', TIMESTAMP '2022-02-24 02:24:36', 52.73, 'Suddenly option teach tax. Region list wonder early.', 28, 13, 97.17, 249.26),
(177, '102/76', TIMESTAMP '2022-04-22 00:03:16', 58.74, 'Provide upon summer during. Country growth entire carry account western know. Find physical state condition where often clear.', 12, 10, 99.87, 141.68),
(178, '135/90', TIMESTAMP '2021-05-23 06:58:48', 51.06, 'Campaign world land possible yeah. Statement finally list finish unit bar.', 28, 3, 102.72, 323.21),
(179, '134/88', TIMESTAMP '2022-04-21 13:47:11', 67.72, 'Center somebody prevent such. Coach read church lose college half. Best represent forward also real federal specific.', 27, 7, 104.38, 92.54),
(180, '130/90', TIMESTAMP '2022-02-27 15:08:24', 50.6, 'Father music high far. Recent eye again space body friend central. Bill social sure.', 24, 6, 102.33, 305.2);
/* INSERT DATA INTO `lab_reports` TABLE */
INSERT INTO lab_reports (app_id, file_id, icd_code, report_id, result_info) VALUES
(66, 4, 'R402243', 1, 'Where pattern different allow material wide agreement much. Skin teacher direction we up. Suggest how probably respond entire fall.'),
(71, 23, 'R9431', 2, DEFAULT),
(17, 9, 'R829', 3, 'Democrat girl hospital from likely teach read. College our hope.'),
(14, 8, 'R908', 4, 'After blue end country dog become. Now use set pull force ground across. Edge still significant agreement find prevent morning these.'),
(94, 28, 'R4024', 5, 'Realize view recent back economy artist. Nation Congress suddenly father decide human magazine. Modern similar race party positive.'),
(92, 11, 'R15', 6, 'Yeah catch firm sea party. Positive daughter indeed company. Forget those middle beyond college.'),
(177, 3, 'R61', 7, 'Story TV out forget maybe apply direction. Three concern growth worry station rich.'),
(171, 18, 'R418', 8, 'Material pattern study between put collection. Again effort let. Apply reflect care both total when low.'),
(36, 29, 'R1904', 9, 'Nation public three imagine ask provide subject. Else main first help yard site. Hotel serious word probably.'),
(120, 8, 'R301', 10, 'Reflect vote city everything song knowledge as. Together know example price begin.'),
(97, 1, 'R402412', 11, 'Scene west course very there between when these. Protect local memory price. Million my leave meet upon TV issue.'),
(47, 30, 'R100', 12, DEFAULT),
(20, 1, 'R40236', 13, DEFAULT),
(6, 8, 'R402363', 14, 'Identify small force increase shake. Attack along reality teach allow. Put though with sense will.'),
(108, 8, 'R651', 15, 'Bag treatment director produce. Catch protect administration sound forget. Without ahead stop others society.'),
(87, 28, 'R83', 16, 'Election yard western course somebody. Sister character interview find management.'),
(50, 22, 'R402110', 17, DEFAULT),
(138, 20, 'R492', 18, 'Win civil whole foreign fill public.'),
(82, 1, 'R869', 19, DEFAULT),
(165, 30, 'R0982', 20, 'Pull recent simple tree. So sound image day.'),
(137, 24, 'R0981', 21, 'Social no last statement. Note strong instead require.'),
(107, 21, 'R4581', 22, 'South hair discover build campaign north fight pay. Although heavy break believe lay election effect take.'),
(18, 6, 'R1904', 23, DEFAULT),
(1, 10, 'R1903', 24, DEFAULT),
(148, 25, 'R802', 25, DEFAULT),
(149, 23, 'R682', 26, 'Drive which board support to. Try since worry forward.'),
(38, 30, 'R319', 27, DEFAULT),
(52, 24, 'R879', 28, 'Foreign save ball appear.'),
(106, 4, 'R866', 29, 'Down role sound court. Really father even too nearly option leave.'),
(64, 21, 'R62', 30, 'Do down act two difference paper something popular. Also similar floor expert area.'),
(126, 17, 'R87811', 31, 'Amount all expert price sign myself kitchen budget. Deep country old mission without company.'),
(23, 14, 'R1012', 32, 'Lot modern adult able human. Though moment study teach perhaps culture brother. Energy take have factor clearly one case red.'),
(79, 30, 'R931', 33, 'With bar partner form important use official. Strategy safe reach address offer. Affect raise kitchen recognize natural statement.'),
(87, 5, 'R918', 34, DEFAULT),
(101, 10, 'R853', 35, 'Some image leave he source small. Camera give role their one chair case.'),
(58, 9, 'R841', 36, 'Thousand over generation western watch. Will treatment head suddenly.'),
(173, 30, 'R836', 37, 'Treat eye address choose life. Quickly together cold see provide network ten. Off image move alone ever.'),
(100, 29, 'R83', 38, DEFAULT),
(11, 10, 'R402214', 39, 'Buy go wife kitchen customer ready. Measure month already newspaper technology. Season government sell draw fund.'),
(174, 8, 'R402220', 40, 'Play apply interesting become. Require peace offer matter simple collection natural. He general marriage own.'),
(157, 17, 'R920', 41, 'Argue another door contain wide order assume. Give economic meeting government name reason vote.'),
(172, 9, 'R873', 42, 'Factor must trip game art. Section quality wall crime detail.'),
(27, 12, 'R88', 43, 'Sea then itself goal hot. Win phone might age.'),
(109, 4, 'R6882', 44, 'Concern specific remain successful in. Wall memory condition parent.'),
(72, 5, 'R87615', 45, 'Three prevent edge suddenly practice. Sea address serious school mean from figure.'),
(15, 8, 'R402354', 46, DEFAULT),
(14, 13, 'R40214', 47, DEFAULT),
(164, 4, 'R1084', 48, 'Successful thing including consider nation push painting.'),
(100, 8, 'R402244', 49, 'Ready public often to together. Size whose list quality season. Various thousand public significant Republican here. Difficult area fight they thought already citizen.'),
(105, 15, 'R862', 50, 'Teach box produce force. Grow appear PM picture one whole ground.'),
(144, 9, 'R57', 51, 'About above rise test ago may behavior religious. Fire medical little its into. Culture seat level much subject new television kid.'),
(164, 28, 'R7889', 52, DEFAULT),
(102, 12, 'R250', 53, 'First worker surface look bank type wind. Want painting relationship administration citizen bank.'),
(86, 7, 'R404', 54, DEFAULT),
(88, 22, 'R29702', 55, 'Dream push agree agree. Factor evening political church kid help west. By unit reflect federal Congress open laugh.'),
(28, 14, 'R29810', 56, 'Least decade money. List attention training might forward. Person city behind leave early claim.'),
(105, 3, 'R29741', 57, 'Without become Congress young politics during heavy. Trial seat involve health reveal administration recent loss.'),
(135, 18, 'R402233', 58, DEFAULT),
(83, 8, 'R4681', 59, 'Raise hit lead may that could agency. Analysis produce building operation look. Land character until simply blood tonight fall.'),
(3, 28, 'R87613', 60, 'Statement pull strong attack agent sea particular fund. Off partner court on at professor garden.');
/* INSERT DATA INTO `report_creators` TABLE */
INSERT INTO report_creators (lab_id, report_id) VALUES
(2, 1),
(5, 2),
(8, 3),
(1, 4),
(8, 5),
(6, 6),
(3, 7),
(5, 8),
(10, 9),
(4, 10),
(9, 11),
(5, 12),
(1, 13),
(6, 14),
(7, 15),
(6, 16),
(4, 17),
(7, 18),
(5, 19),
(5, 20),
(9, 21),
(2, 22),
(1, 23),
(10, 24),
(8, 25),
(1, 26),
(2, 27),
(6, 28),
(6, 29),
(4, 30),
(5, 31),
(6, 32),
(5, 33),
(6, 34),
(4, 35),
(4, 36),
(1, 37),
(9, 38),
(5, 39),
(10, 40),
(7, 41),
(5, 42),
(10, 43),
(8, 44),
(3, 45),
(6, 46),
(6, 47),
(8, 48),
(1, 49),
(1, 50),
(3, 51),
(1, 52),
(9, 53),
(8, 54),
(9, 55),
(9, 56),
(8, 57),
(4, 58),
(3, 59),
(6, 60);
/* INSERT DATA INTO `exams` TABLE */
INSERT INTO exams (app_id, comment, exam_id, report_id) VALUES
(100, DEFAULT, 1, 58),
(144, 'Yourself ground trouble modern east.', 2, 30),
(163, DEFAULT, 3, 53),
(159, 'As travel answer truth defense. Company nation hot their.', 4, 50),
(5, 'There arm product hair.', 5, 14),
(169, 'Them community arm than pattern.', 6, 13),
(98, 'Point performance human those growth.', 7, 8),
(28, 'Thousand interest world the get federal. Possible he that.', 8, 54),
(13, 'Effect green public hundred natural pass sit test. We whom wife then.', 9, 11),
(125, DEFAULT, 10, 24),
(26, 'Energy question job consumer nature.', 11, 8),
(15, 'Second poor himself investment road and.', 12, 9),
(20, DEFAULT, 13, 1),
(151, DEFAULT, 14, 9),
(168, 'Building then scene couple bar miss clear not.', 15, 33),
(130, 'Dinner learn support election data team five apply.', 16, 5),
(87, 'Man decade lay agreement sound between. Everybody we end firm true growth rock.', 17, 33),
(34, 'Class by leader high new animal item race. Position threat today fine side difficult machine.', 18, 3),
(62, DEFAULT, 19, 3),
(25, 'Human like answer already option.', 20, 23),
(50, 'Shake understand beautiful tonight program such.', 21, 31),
(113, DEFAULT, 22, 25),
(172, 'Hear church stop.', 23, 43),
(150, 'Glass new what various woman claim foot. People sit themselves half although act.', 24, 4),
(15, DEFAULT, 25, 12),
(28, DEFAULT, 26, 39),
(103, DEFAULT, 27, 60),
(176, 'Even year firm dog century language.', 28, 32),
(14, 'During home partner actually. Name left region term important.', 29, 49),
(167, 'Two class sort movie senior person.', 30, 25),
(94, DEFAULT, 31, 41),
(120, 'Begin interview design vote never important improve.', 32, 59),
(6, 'He society become into system population generation. Measure miss between manage soldier face be.', 33, 60),
(176, DEFAULT, 34, 29),
(135, 'First prepare citizen investment cause. Federal miss wrong explain turn small year.', 35, 52),
(149, 'Fact serious next popular business choice increase.', 36, 22),
(127, 'Drive area each song magazine stuff between.', 37, 5),
(151, 'Available Mr adult rest too.', 38, 16),
(160, 'Age player raise hotel attention.', 39, 27),
(22, DEFAULT, 40, 58),
(76, 'Six listen enjoy along down face rich she. Relate sound test but world.', 41, 23),
(155, DEFAULT, 42, 7),
(41, 'Continue choose personal about describe dog finally.', 43, 36),
(160, 'Parent paper according build have green piece month. Market professional listen key strategy.', 44, 7),
(166, DEFAULT, 45, 16),
(82, DEFAULT, 46, 49),
(147, 'Contain kid project must major bit. Population learn successful central.', 47, 52),
(87, 'Attack third interesting field event well.', 48, 20),
(27, DEFAULT, 49, 13),
(9, DEFAULT, 50, 3),
(81, 'Stock friend fear agree population affect it. American lead radio.', 51, 3),
(162, 'Under idea manager seek chance ask.', 52, 38),
(92, 'Thousand remain minute establish data.', 53, 26),
(130, 'Fast figure himself thus member simply.', 54, 53),
(110, 'Ground small home move become thousand.', 55, 59),
(124, 'Experience yeah indeed teach window. Once minute well past number approach.', 56, 10),
(55, 'Bring realize far rise everybody game nearly.', 57, 20),
(132, 'Risk product idea far tend note. All about old over tell reveal.', 58, 40),
(92, 'Book note down team area. Hotel affect family low movie evidence quality animal.', 59, 29),
(37, DEFAULT, 60, 28);
/* INSERT DATA INTO `covid_exams` TABLE */
INSERT INTO covid_exams (exam_id, is_positive, test_type) VALUES
(4, False, 'Antigen'),
(5, False, 'Antigen'),
(6, False, 'PCR'),
(8, False, 'PCR'),
(9, False, 'PCR'),
(11, False, 'PCR'),
(15, False, 'Antigen'),
(16, False, 'PCR'),
(21, False, 'PCR'),
(23, False, 'Antigen'),
(27, False, 'PCR'),
(29, False, 'Antigen'),
(32, False, 'Antigen'),
(33, False, 'PCR'),
(38, False, 'Antigen'),
(39, False, 'Antigen'),
(40, False, 'PCR'),
(45, False, 'Antigen'),
(46, False, 'Antigen'),
(49, False, 'PCR'),
(51, False, 'PCR'),
(52, False, 'PCR'),
(56, False, 'PCR'),
(58, False, 'Antigen');
/* INSERT DATA INTO `blood_exams` TABLE */
INSERT INTO blood_exams (blood_sugar, blood_type, exam_id) VALUES
('89.95 mg/dL', 'AB+', 3),
('113.09 mg/dL', 'O+', 7),
('76.68 mg/dL', 'A-', 12),
('86.9 mg/dL', 'AB-', 14),
('111.28 mg/dL', 'A-', 17),
('85.46 mg/dL', 'A+', 20),
('77.31 mg/dL', 'AB-', 22),
('96.33 mg/dL', 'O-', 24),
('90.29 mg/dL', 'O+', 25),
('76.22 mg/dL', 'O+', 26),
('117.76 mg/dL', 'AB+', 28),
('97.4 mg/dL', 'AB-', 30),
('77.11 mg/dL', 'B-', 35),
('109.95 mg/dL', 'B-', 36),
('112.93 mg/dL', 'AB+', 37),
('93.16 mg/dL', 'A+', 43),
('78.55 mg/dL', 'O+', 48),
('105.93 mg/dL', 'AB-', 50),
('96.4 mg/dL', 'B-', 54),
('114.97 mg/dL', 'AB-', 55),
('118.18 mg/dL', 'B-', 59);
/* INSERT DATA INTO `administered_vaccines` TABLE */
INSERT INTO administered_vaccines (exam_id, vaccine_type) VALUES
(1, 'Human papillomavirus'),
(2, 'Hepatitis B'),
(10, 'Tetanus'),
(13, 'Tetanus'),
(18, 'Rubella'),
(19, 'Rubella'),
(31, 'Measles'),
(34, 'Haemophilus Influenza Type B'),
(41, 'Measles'),
(42, 'Rubella'),
(44, 'Haemophilus Influenza Type B'),
(47, 'Mumps'),
(53, 'Poliovirus'),
(57, 'Poliovirus'),
(60, 'Tuberculosis');
/* INSERT DATA INTO `diagnoses` TABLE */
INSERT INTO diagnoses (app_id, comment, emp_id, icd_code, patient_id) VALUES
(1, 'Stand as opportunity work process act. Everyone during quite theory quite.', 4, 'R900', 26),
(2, DEFAULT, 10, 'R827', 23),
(3, 'Heart simply scientist. Gun reason against author size. Manage walk again reason. Fund seven yard quality.', 19, 'R091', 6),
(3, 'Big speak why blue might decade. Whose surface around friend. North building front return draw hundred ability. Go able trouble.', 19, 'R63', 6),
(6, 'Guy when none speech. Effect Republican hold become tough then great. Want indeed article decade. Early common training.', 1, 'R50', 26),
(6, 'Result month writer test. Leg four pull test energy. Firm agent sport reflect go.', 1, 'R29729', 26),
(8, 'Seat life rich.', 18, 'R7301', 6),
(9, DEFAULT, 11, 'R718', 27),
(9, 'Nothing citizen place large shake. Hold dream economic job arm past. Pass young class.', 11, 'R9411', 27),
(10, 'Human nice stand heart blood. Bad goal show.', 14, 'R29702', 8),
(12, 'Peace chair fish again cause. Subject fight peace building hold. Girl officer here choose.', 20, 'R836', 19),
(12, 'Trade environment if room could buy.', 20, 'R391', 19),
(13, 'Actually tough mention discover hundred skill thought. War outside not. Appear finally career option industry operation need.', 20, 'R1081', 9),
(13, 'Vote yourself hotel something for ever. Factor military family special. Why born discussion result plan billion record.', 20, 'R258', 9),
(15, 'Company can information want share debate. Whose area inside mother. Significant loss development shoulder for class. Court letter herself recently support walk.', 10, 'R8561', 21),
(16, 'Civil entire happen relationship.', 2, 'R443', 7),
(16, 'Eight play nearly Democrat. Sing individual allow contain some road. East popular prove huge theory exist.', 2, 'R827', 7),
(17, 'Until write perform everything accept yourself.', 18, 'R868', 8),
(17, 'Will word why message consumer. Around station set arrive south writer. Result letter possible your western want recent.', 18, 'R7871', 8),
(18, 'Reduce ability cultural nearly seven. State record old special walk near woman. Official anything chance picture.', 6, 'R3913', 22),
(18, DEFAULT, 6, 'R418', 22),
(20, 'That type think politics. Concern form lawyer memory she become.', 14, 'R338', 20),
(25, 'List run reduce third that. Today compare offer daughter.', 7, 'R972', 13),
(27, 'College dark stop. Wall maybe computer challenge kid nature wrong person. Half girl military political else. Democrat friend statement since as painting.', 5, 'R8762', 29),
(28, 'Yard painting along another perform inside begin. Whom type smile either.', 4, 'R31', 4),
(28, 'Doctor bed gas voice structure like serious. Media themselves but dinner gun outside sign.', 4, 'R458', 4),
(29, 'Say him would class side house sea. About couple free. Light war coach senior line create.', 14, 'R150', 11),
(29, 'Develop behavior particular red. Tree magazine draw.', 14, 'R86', 11),
(30, 'Work author night environmental. Name industry base song.', 1, 'R261', 22),
(30, 'Technology too answer sea receive happen. Enter themselves size even lead forward imagine in. Music around other box. Price Mr attack section on.', 1, 'R482', 22),
(31, 'Realize everything fast office. The since there yet manage role. Task tell store table ball.', 11, 'R911', 15),
(31, DEFAULT, 11, 'R1310', 15),
(32, 'Success return along audience. Sit environmental interest production.', 15, 'R402414', 6),
(33, DEFAULT, 13, 'R94120', 26),
(33, 'Usually TV service major shake audience. Able light site class but use. Tough nature what avoid task join.', 13, 'R2973', 26),
(34, 'Live sound beat bring place. Sell sense well practice letter. Middle exactly case certainly big concern.', 10, 'R826', 13),
(36, 'Never popular city. Have yet who add social rate base.', 1, 'R402430', 11),
(36, 'Game another thing program everyone large. Interview time which north.', 1, 'R29898', 11),
(37, 'Music ability same page pattern. Son them yourself product no case democratic work. Player project line create want benefit sign ask.', 17, 'R920', 4),
(38, 'Us family how wish old animal. Trip consider east then yet fear event.', 4, 'R899', 3),
(38, 'Stand brother step provide look. Skin safe join news chair. Interest rich budget myself military region.', 4, 'R9431', 3),
(39, 'Fall manage weight since same. Surface year oil cell soldier.', 19, 'R208', 25),
(39, 'Must already these growth. Deep director beat reduce responsibility news knowledge. Pass other yes tree crime.', 19, 'R402314', 25),
(40, 'Firm book without anyone often particularly. Claim hour return dark ten.', 11, 'R392', 4),
(40, 'Rich discussion story trade. Tonight need contain step herself human great area.', 11, 'R631', 4),
(41, 'Toward adult also get inside open. Sing nearly family issue field.', 20, 'R21', 1),
(41, 'Age big reality. Central might each beautiful news son. Opportunity between nation image information.', 20, 'R402414', 1),
(42, 'Significant choose serious experience country. Drug food big Republican phone food military. Nature scene interview table but.', 1, 'R463', 25),
(43, 'All usually growth step how. Raise put total inside under mention them.', 15, 'R761', 26),
(44, 'Factor protect hold type might four heavy movement. Language throw available fast machine around. Concern modern agent nice physical old.', 12, 'R29713', 12),
(44, 'Most left hundred still per sell eye. Season back particular worker occur let your the. Notice easy TV feeling.', 12, 'R866', 12),
(45, 'Will father art before. Crime suddenly fill might.', 10, 'R865', 15),
(45, 'Investment throughout discussion face color do girl. Process tell tax scientist task.', 10, 'R891', 15),
(46, 'Affect woman down trouble truth identify. Safe fight camera role.', 15, 'R001', 12),
(46, 'Fly site decade affect feeling model. Conference smile lead happen instead husband station field.', 15, 'R890', 12),
(47, 'Whose nation half now likely. Section next in. Speech everything left provide rule man. Four west heart doctor test feel project.', 8, 'R2989', 22),
(47, 'Throughout suggest this write. Enter firm music money produce. Rest daughter government some election.', 8, 'R402141', 22),
(49, 'Your assume when. Pay air bag I modern together big want. Social movie decade art movement college.', 14, 'R458', 21),
(49, 'Election feeling continue image fact card. Give hand less blue challenge chance. Truth about support artist pattern officer.', 14, 'R782', 21),
(50, 'Have able protect how best analysis. Very hold recently close often nice pick. Place style room produce most generation with.', 19, 'R223', 9),
(51, 'Thank side whole. Enjoy process light here enjoy occur include mind.', 10, 'R7879', 6),
(51, 'Interview model community. About mention discover whose election sign. Player world particular yeah before young kind step.', 10, 'R939', 6),
(52, 'Piece identify at do manager. Practice win bad understand. Watch different bar successful significant until.', 16, 'R10816', 9),
(55, 'Together prevent mind card number outside ready. Happy place particular evidence.', 16, 'R402140', 11),
(56, 'Product community son moment skin particularly. Economic third education notice campaign.', 12, 'R402213', 30),
(56, 'Dark Mrs film medical money. Specific station past. Cause water partner western Democrat behind.', 12, 'R896', 30),
(57, 'Act man happy night. End wonder cost necessary reduce attack. Voice degree trial follow space decide sell.', 4, 'R470', 1),
(58, 'Assume pay support base arm. Put carry expect far take hold. Establish outside important through reality leader.', 8, 'R402122', 11),
(59, 'Them wish learn edge body nature. Medical sign step a party entire those own. Task true light fall generation read.', 3, 'R740', 11),
(59, 'Fill too seem. President play hard could hope be.', 3, 'R832', 11),
(60, 'As police total sound experience sit analysis result. Usually camera onto safe whatever third. City low hour body similar position media. Establish right standard daughter Mr impact company church.', 4, 'R430', 26),
(61, 'Walk attention expect similar must glass. Our section now sport.', 5, 'R33', 8),
(61, 'In television music good goal. Little project outside behind his risk.', 5, 'R208', 8),
(62, 'Energy pick return civil rule alone. Suffer herself wall technology ever rock floor.', 10, 'R402134', 27),
(63, DEFAULT, 13, 'R75', 18),
(63, 'Mouth capital surface quite seat lot behavior. Such make mention center act too local.', 13, 'R8581', 18),
(64, 'Surface add age without relationship. Control foot present money.', 8, 'R455', 8),
(65, DEFAULT, 14, 'R402360', 6),
(65, 'Never body project right. New for people wide live do security. Around summer trouble send born.', 14, 'R845', 6),
(67, 'Modern could yet design form. Inside continue break where may growth quite. Dark wear hospital whose past we. Too community enough pick movement bar race.', 18, 'R489', 1),
(67, 'Local rise project painting school. Spend once stuff. Need special quickly door center quite.', 18, 'R454', 1),
(68, 'Speech no attention its nearly do hundred. Same item reflect he ago. Green son hear expert decision lawyer. Action wrong room interest economy someone receive quite.', 5, 'R3913', 1),
(68, 'His same pattern professor. Gas first laugh stock.', 5, 'R402424', 1),
(69, 'Similar check city glass. Minute president whether perform list I spring.', 11, 'R4021', 10),
(69, 'Discussion like instead rate. Take natural sit once will couple walk.', 11, 'R298', 10),
(70, 'Behavior available guess they maybe consider husband let. Learn seven trade small brother truth. Worry necessary worry huge gas finally.', 18, 'R93422', 7),
(70, 'Effect reach election nearly month. Reality save movement north word none.', 18, 'R065', 7),
(71, 'Majority treatment American fill design. Animal let good. Either social person would rule pay TV.', 11, 'R402111', 17),
(72, 'Design wide between use. In politics allow office culture. Mind leave hot that.', 3, 'R823', 16),
(73, 'Sense treatment within PM people provide garden. Fill tree night entire skill professor expect. Then support art visit.', 2, 'R94128', 10),
(73, DEFAULT, 2, 'R07', 10),
(74, 'Really team group old. Sell building century determine draw board I. Sign seat case individual score risk.', 12, 'R87613', 3),
(74, 'Per visit from industry west. Born society small either remember.', 12, 'R063', 3),
(76, 'Role approach enjoy family bad. Or fish technology.', 17, 'R048', 9),
(78, 'Room parent activity break medical property spend.', 10, 'R29741', 28),
(78, 'Culture prevent would phone over. Seek second still peace hotel argue up. Lead half cut not.', 10, 'R780', 28),
(79, 'Five author anything though accept heart small.', 17, 'R87624', 4),
(81, 'Popular watch reduce employee. Be mention truth attorney point goal decide never.', 8, 'R480', 5),
(81, DEFAULT, 8, 'R0781', 5),
(82, 'Item remain yourself play. Friend fact end social.', 4, 'R402442', 14),
(82, 'Election action quickly government. Usually realize else suggest. Food sure responsibility then election write.', 4, 'R161', 14),
(83, 'Leader admit perform rate. Gun often by every people now reduce get.', 12, 'R1030', 28),
(84, DEFAULT, 12, 'R402133', 21),
(84, 'Clear manage season American keep simply. Every family store central believe democratic. Treat ahead candidate.', 12, 'R760', 21),
(85, 'Respond seem identify old author fly. Force thought fish education head begin. Talk our impact form ten rather.', 11, 'R402254', 14),
(88, 'Community wrong investment. Beat happen to black discuss decision travel.', 7, 'R278', 12),
(90, DEFAULT, 2, 'R10821', 4),
(90, 'Offer step common value simple maintain.', 2, 'R197', 4),
(91, 'Couple check now property understand everybody several each. Near surface author tend somebody.', 8, 'R06', 3),
(93, 'Campaign two environmental trade large. Listen person talk throughout. Price finish minute.', 20, 'R112', 7),
(96, 'Language sit catch network message raise success. Party conference part draw.', 5, 'R0481', 20),
(96, DEFAULT, 5, 'R151', 20),
(97, DEFAULT, 18, 'R402212', 16),
(97, 'Hour last however practice. Course media less product.', 18, 'R632', 16),
(99, 'Evening car although himself career traditional. Open inside mission get may occur.', 19, 'R8581', 6),
(99, 'Environment former some difficult easy candidate. Measure shake station difference end. Learn young one particularly use enjoy.', 19, 'R2973', 6),
(100, 'Fly themselves occur pull let consumer perform. Someone however feel between work end green. Scene quickly we.', 15, 'R879', 20),
(102, 'A picture personal nature around similar room. Family behavior successful several which require. Up sister worker almost bank.', 13, 'R29718', 13),
(103, 'Not later respond. Purpose star its either. Expert wonder sport help. Fund thank card.', 3, 'R874', 29),
(106, 'Sure six college suggest. Design clear step record huge newspaper.', 19, 'R462', 10),
(107, 'Level from goal run cost. By treat name join foot and. Part church professor woman reflect nothing middle.', 11, 'R4582', 19),
(107, 'Game look party last. Base simple enjoy nor.', 11, 'R100', 19),
(108, 'Continue husband situation maybe perhaps professional. Modern ago fill threat base. Reduce health avoid area.', 18, 'R101', 23),
(109, 'Building seat during teach. Within although identify role entire increase arrive. Follow tell business rest. Fish rise organization center suffer.', 18, 'R402411', 15),
(110, 'Happy will kitchen expect.', 12, 'R779', 23),
(111, 'Throw federal computer. Industry wrong series artist. Season amount forward trouble.', 6, 'R878', 28),
(111, 'Factor light hotel foreign huge gun.', 6, 'R402130', 28),
(113, 'Collection worry book rest step society arrive. Man bill whole indeed experience number. Analysis true teacher start site. Green doctor front science everyone imagine during.', 3, 'R90', 24),
(114, DEFAULT, 5, 'R201', 6),
(115, DEFAULT, 4, 'R87623', 7),
(116, 'Answer audience expect now them century almost ability. Manager table entire he. Challenge less want clear I environmental. Rule suddenly member speech him.', 1, 'R8582', 14),
(116, DEFAULT, 1, 'R940', 14),
(117, 'Clearly letter air police both seven pay family. Suddenly American company myself short. Cut develop conference cost weight lead free. Between true owner eight than about anyone.', 2, 'R87', 20),
(118, 'Everything cut middle indicate. Fact bit physical budget both child game. Soon yard fact drop interesting certain project.', 17, 'R402412', 12),
(120, 'Ok pattern space prove improve. Organization so phone.', 11, 'R298', 29),
(120, 'Modern create become authority. Possible she statement.', 11, 'R100', 29),
(122, 'Thing exist good physical member. Resource her trade. Huge democratic camera course statement so. Watch would approach in kid understand it general.', 20, 'R0902', 8),
(122, 'Tv else but discussion. Kitchen which crime. Southern create in election know.', 20, 'R871', 8),
(123, 'Political nation matter man. Tax half citizen middle. Newspaper company it pull. Various example from consumer who build.', 8, 'R262', 30),
(124, 'Provide better thousand north letter positive marriage put. Because apply hit focus campaign. Rule American care do.', 2, 'R402230', 14),
(125, 'Buy specific be couple identify force bit. Ever doctor daughter senior.', 10, 'R58', 16),
(125, 'Impact stock federal arrive. Into maintain collection ahead wife.', 10, 'R569', 16),
(127, 'Often pattern member let clearly. Society case if him ten. College possible both between plant his.', 10, 'R0481', 6),
(127, 'Mean technology both floor. Sister performance capital reflect. Fill half develop.', 10, 'R8569', 6),
(129, 'Performance ability western baby and consider yourself. Rest today huge too project.', 15, 'R801', 22),
(129, DEFAULT, 15, 'R209', 22),
(130, 'Evening positive wrong risk television admit. Arm generation teacher air. Force theory training she serious.', 17, 'R402110', 10),
(131, 'Suffer several inside play base step society. If child thank ok. Either word development health.', 12, 'R808', 4),
(131, 'Situation table everybody class could administration page. Wall night run ago movie. Still kitchen employee one sometimes.', 12, 'R87623', 4),
(133, 'Parent exactly hard goal. Create decide record other effect son option. Treat almost country peace decision ahead.', 20, 'R4921', 27),
(133, 'Industry simply avoid fly name conference.', 20, 'R1114', 27),
(134, 'Story those identify idea employee rise. Write amount save project. Argue commercial hot approach scene matter speech.', 4, 'R880', 24),
(134, 'Good physical treatment increase appear yard feel. Full city sound. Investment authority plan purpose rate music.', 4, 'R1932', 24),
(136, 'Part response call form next. Security attorney material wrong standard worry.', 11, 'R94', 12),
(137, 'Finally them explain just factor within trouble scene. Memory message family total news result.', 15, 'R0902', 6),
(137, 'Relate among still president through bad commercial.', 15, 'R809', 6),
(139, 'Recent tree point. Expert case stock our white late.', 13, 'R803', 15),
(140, 'Drop nearly himself away.', 17, 'R9439', 4),
(140, 'Those marriage more stop test then audience lose. Control decade hold about majority memory.', 17, 'R402414', 4),
(141, 'Far style hospital. Deal study detail. Director structure occur admit.', 9, 'R45850', 3),
(142, 'Shoulder south four exist age simply. Need wall father brother.', 4, 'R1934', 16),
(142, 'People citizen true character meeting. Different officer just character idea remain interesting. Talk section ability above happen. Instead reduce cost idea one.', 4, 'R7881', 16),
(143, 'College pass thought break determine hospital program. Task argue early key. Wind near onto sense view care computer.', 13, 'R80', 21),
(147, 'Down involve collection want choose specific face. Avoid eye foreign approach interview there. Mention stay care guess possible. Parent break defense community data particular.', 13, 'R897', 13),
(150, 'Under something degree. Cold add lay then.', 17, 'R40', 11),
(151, 'Score Mrs doctor idea anything alone image. Fall put design future program politics. Factor wonder million if kind thank.', 12, 'R1013', 28),
(151, 'Court north station lead culture human billion television. Experience control game PM picture truth newspaper.', 12, 'R62', 28),
(152, 'Mouth evening truth officer. Understand team major foreign experience remember good.', 3, 'R4182', 6),
(152, 'Inside officer case phone discussion within his measure. Know inside career garden century. Answer section range structure leg few science.', 3, 'R402350', 6),
(153, DEFAULT, 6, 'R5382', 9),
(155, 'There office institution. Public role our response own treat be. Side Congress only forward.', 11, 'R87612', 27),
(156, 'Group value method policy year four above.', 18, 'R203', 25),
(156, 'I shake memory character. Whether authority concern win service. Subject amount whose strong heavy.', 18, 'R94111', 25),
(157, 'Data seven source hand million American. Discuss stock hundred.', 5, 'R52', 14),
(160, 'Voice throughout government it nation tree their. Sell result his floor growth back.', 6, 'R479', 30),
(162, 'Nor mouth hit stuff would adult. Born onto experience do fill feel.', 1, 'R651', 12),
(163, 'Far drive reveal name where crime. Place boy back skill. Expert fear ahead hundred public. International hit house speak collection.', 16, 'R07', 13),
(165, 'Return black it type education.', 11, 'R430', 21),
(165, 'Require create letter near wife behavior. Seek instead quality staff.', 11, 'R40223', 21),
(166, 'Not TV effect military only even. Cultural father ready political.', 13, 'R94128', 20),
(167, 'Improve see term. Security above age commercial feel send. Room remember year operation door. Suffer performance increase Congress.', 6, 'R29736', 7),
(168, 'Send street throughout hotel than.', 12, 'R89', 15),
(169, 'Between especially account perform which brother reality. Protect south both hair score.', 9, 'R402344', 13),
(171, 'Thought much happy plant hospital. State question adult range human.', 6, 'R460', 14),
(172, 'Response head school practice. Method source church voice no find show.', 9, 'R0689', 9),
(173, 'Weight nice contain foot mother any. Organization talk food area.', 15, 'R432', 15),
(173, 'Difference agent spring this with local idea. Create remember sometimes value. Usually ask story those quality.', 15, 'R250', 15),
(174, 'As nearly here. Despite only growth this interest. Until already mouth source crime.', 13, 'R470', 12),
(175, 'Good two figure other. Recognize sing happen stop age kind visit.', 19, 'R4583', 25),
(175, 'Many writer cultural institution way approach. Thousand material always technology increase.', 19, 'R9411', 25),
(176, 'Carry mention western window fill realize. Model hit part hit later network. Challenge drive budget Democrat.', 14, 'R0682', 28),
(177, 'Image case statement.', 2, 'R843', 12),
(177, 'Recognize size push edge. Whom voice central information interview. Gas his religious religious.', 2, 'R2981', 12),
(178, 'Writer pick pay score. Idea country two government network American traditional. Because too film cost key at them.', 20, 'R4024', 28),
(178, 'Anything choice relationship drug. Sense economic long on.', 20, 'R42', 28),
(179, 'Fear successful term under. Impact between left. Military popular question analysis.', 18, 'R898', 27),
(180, 'General group poor prevent debate. Student according evidence air every.', 9, 'R402212', 24),
(180, 'Treat Congress remember about reflect. Agency fish environment fish per bit buy purpose.', 9, 'R9089', 24);
/* INSERT DATA INTO `appointment_medical_conditions` TABLE */
INSERT INTO appointment_medical_conditions (app_id, comment, icd_code) VALUES
(1, DEFAULT, 'R234'),
(1, DEFAULT, 'R1012'),
(2, 'Service subject ahead federal receive easy outside question.', 'R402361'),
(3, 'Too cause father vote writer behind wide American. Because again fast tell there wait may enter.', 'R252'),
(4, 'Face carry fund be strong front. Coach note and.', 'R2981'),
(4, 'Decision yes end stay debate left. Firm indicate answer dinner likely.', 'R1901'),
(5, DEFAULT, 'R402410'),
(6, DEFAULT, 'R402350'),
(7, 'Choose new recognize place tend. Hot mean produce.', 'R846'),
(7, DEFAULT, 'R798'),
(8, DEFAULT, 'R261'),
(9, DEFAULT, 'R85611'),
(9, DEFAULT, 'R85612'),
(10, DEFAULT, 'R509'),
(11, 'Style position drive. Rock short hard would.', 'R9409'),
(12, 'Number note break suffer. Much knowledge reveal center step respond shake.', 'R866'),
(12, DEFAULT, 'R9349'),
(13, DEFAULT, 'R843'),
(13, 'Listen imagine rate animal save world.', 'R830'),
(14, DEFAULT, 'R911'),
(15, DEFAULT, 'R770'),
(16, DEFAULT, 'R2681'),
(16, 'Certainly decision lay market difference.', 'R971'),
(17, 'Network hair create.', 'R930'),
(18, DEFAULT, 'R782'),
(18, 'Cut college share great whole. Finally fact situation that practice officer police.', 'R29733'),
(19, DEFAULT, 'R800'),
(20, DEFAULT, 'R483'),
(21, DEFAULT, 'R945'),
(21, 'Could almost realize whom. Network manager TV spend girl trade audience determine.', 'R1031'),
(22, DEFAULT, 'R858'),
(22, DEFAULT, 'R441'),
(23, 'Hotel expert professional school culture without clearly. Grow which necessary.', 'R938'),
(23, DEFAULT, 'R457'),
(24, DEFAULT, 'R801'),
(25, 'Build including other order cell.', 'R29712'),
(25, 'Ground outside language good he. Doctor mean activity team democratic.', 'R049'),
(26, DEFAULT, 'R159'),
(26, 'Big treatment new much. Behind coach nearly their especially prevent.', 'R03'),
(27, DEFAULT, 'R9411'),
(28, 'Many shake collection begin out admit forward myself. Event majority painting nothing matter available.', 'R071'),
(28, 'Economic the for sometimes friend probably. Manager fund police defense lead.', 'R63'),
(29, 'Deal cell show.', 'R634'),
(30, 'Listen seven draw upon figure. Bank simply teach garden space while.', 'R935'),
(30, 'Eye space cultural large before political.', 'R3129'),
(31, DEFAULT, 'R1915'),
(32, DEFAULT, 'R844'),
(33, DEFAULT, 'R402434'),
(33, 'Series lead clear physical. Outside fall can college.', 'R29718'),
(34, 'Idea my sometimes ago. Alone meeting nice single.', 'R093'),
(34, DEFAULT, 'R482'),
(35, DEFAULT, 'R848'),
(35, 'Training sometimes perhaps anything majority color weight.', 'R701'),
(36, DEFAULT, 'R0481'),
(37, DEFAULT, 'R478'),
(38, 'Indeed top improve improve political guy to plant.', 'R239'),
(38, 'Outside discover significant show. Accept into notice fund yard.', 'R1930'),
(39, 'Foot green somebody for.', 'R8279'),
(40, 'Try none factor go street during share. Apply fall seem lose action film my.', 'R39192'),
(41, DEFAULT, 'R338'),
(42, DEFAULT, 'R0989'),
(43, DEFAULT, 'R29713'),
(43, DEFAULT, 'R402320'),
(44, 'Nice new mother air. Picture man believe better quite.', 'R932'),
(44, 'Thing audience like.', 'R8561'),
(45, 'Number PM notice key watch their money. Accept pull upon.', 'R591'),
(45, DEFAULT, 'R651'),
(46, DEFAULT, 'R350'),
(47, DEFAULT, 'R46'),
(48, DEFAULT, 'R069'),
(49, DEFAULT, 'R402221'),
(50, DEFAULT, 'R32'),
(50, DEFAULT, 'R1033'),
(51, 'Fire growth onto up keep forget. Voice deal campaign owner.', 'R846'),
(51, DEFAULT, 'R87623'),
(52, 'Case everybody effect pick system. Size would fire yourself school true.', 'R8290'),
(53, DEFAULT, 'R488'),
(54, 'Of list raise especially consumer owner charge market. Water table race sea.', 'R37'),
(55, 'Job manage ready of program political board.', 'R8782'),
(55, 'Democratic structure apply real any nice.', 'R786'),
(56, DEFAULT, 'R3982'),
(57, 'According note either task forward increase.', 'R402360'),
(58, 'Phone contain during as eight red both. Exactly skin party fill surface brother they.', 'R0689'),
(58, 'Receive about body before politics number none skill.', 'R188'),
(59, DEFAULT, 'R784'),
(59, 'Task sit son stay the.', 'R630'),
(60, DEFAULT, 'R87621'),
(60, 'Scientist age serve help with place break back.', 'R842'),
(61, 'Bag approach authority behavior.', 'R391'),
(61, DEFAULT, 'R51'),
(62, 'News mind play instead field war.', 'R04'),
(63, DEFAULT, 'R0902'),
(64, DEFAULT, 'R1907'),
(64, DEFAULT, 'R402344'),
(65, 'Watch own prevent skill. We room response nation.', 'R29723'),
(65, 'They serve senior design. Expert section weight herself ago page.', 'R1114'),
(66, 'Sister less type decision important. Sea ready cold ever first time wife.', 'R934'),
(67, 'Bed agree field small training.', 'R839'),
(68, 'Nice share fire believe. Democrat surface impact against probably drug would.', 'R430'),
(69, DEFAULT, 'R402'),
(69, DEFAULT, 'R40223'),
(70, DEFAULT, 'R87821'),
(71, 'Research stage not task outside wind. Show former administration.', 'R680'),
(72, DEFAULT, 'R9401'),
(72, DEFAULT, 'R801'),
(73, 'Never page together your.', 'R749'),
(73, 'Take amount forget.', 'R781'),
(74, DEFAULT, 'R69'),
(74, DEFAULT, 'R87612'),
(75, DEFAULT, 'R87628'),
(75, DEFAULT, 'R0681'),
(76, DEFAULT, 'R5084'),
(76, DEFAULT, 'R7889'),
(77, DEFAULT, 'R467'),
(77, 'Ground window organization such notice different argue.', 'R739'),
(78, 'Run white nearly family responsibility least magazine. Media building physical age safe mother fill individual.', 'R402421'),
(79, 'Threat majority such daughter talk.', 'R103'),
(80, DEFAULT, 'R852'),
(81, DEFAULT, 'R0481'),
(82, DEFAULT, 'R822'),
(82, DEFAULT, 'R2240'),
(83, DEFAULT, 'R45'),
(83, DEFAULT, 'R4782'),
(84, DEFAULT, 'R239'),
(85, 'Write media difficult. Return forward major war while.', 'R098'),
(85, DEFAULT, 'R010'),
(86, 'Man face radio son girl real sense. Foreign both material wrong camera fast recently.', 'R802'),
(87, 'Story rich trouble strategy also network.', 'R291'),
(87, DEFAULT, 'R2970'),
(88, 'Job sound land more sister inside just. Media least eight people right start what.', 'R06'),
(89, DEFAULT, 'R238'),
(89, DEFAULT, 'R464'),
(90, DEFAULT, 'R1935'),
(91, 'Check spring although break. Upon this course find.', 'R1933'),
(92, DEFAULT, 'R85610'),
(92, DEFAULT, 'R295'),
(93, 'Program left assume lead alone create deep. Same citizen thousand language agent trip born.', 'R29710'),
(93, 'Air he tree these also follow.', 'R29721'),
(94, 'Performance go reduce these development budget. Operation newspaper choice performance out grow score later.', 'R29730'),
(95, DEFAULT, 'R414'),
(96, DEFAULT, 'R430'),
(96, 'Popular let light bed year way.', 'R40232'),
(97, DEFAULT, 'R30'),
(97, DEFAULT, 'R29702'),
(98, DEFAULT, 'R4021'),
(99, DEFAULT, 'R402432'),
(99, 'Mother simple car responsibility item military even answer.', 'R209'),
(100, DEFAULT, 'R64'),
(100, DEFAULT, 'R1011'),
(101, DEFAULT, 'R2241'),
(101, 'Than baby cut.', 'R803'),
(102, DEFAULT, 'R849'),
(103, DEFAULT, 'R402133'),
(103, DEFAULT, 'R578'),
(104, DEFAULT, 'R9409'),
(105, DEFAULT, 'R402353'),
(105, DEFAULT, 'R971'),
(106, DEFAULT, 'R402124'),
(107, DEFAULT, 'R0781'),
(108, 'Live process let spend. Site since never star number.', 'R601'),
(108, DEFAULT, 'R849'),
(109, DEFAULT, 'R091'),
(109, 'Wish baby dog worker. Season my like meeting government forward last.', 'R1935'),
(110, DEFAULT, 'R1933'),
(111, DEFAULT, 'R9402'),
(111, 'Car painting employee within reach couple school.', 'R2242'),
(112, 'Young loss dog military dark.', 'R877'),
(113, 'Over authority one discussion international deal chance. Group wrong happen quite time.', 'R29'),
(113, DEFAULT, 'R439'),
(114, DEFAULT, 'R1907'),
(114, 'Cost huge either people chance television. Employee fly out.', 'R48'),
(115, DEFAULT, 'R14'),
(116, DEFAULT, 'R943'),
(117, 'Material such hotel.', 'R06'),
(118, 'Draw story some couple.', 'R1314'),
(119, 'Thousand high apply.', 'R29713'),
(119, DEFAULT, 'R030'),
(120, DEFAULT, 'R10825'),
(120, DEFAULT, 'R412'),
(121, DEFAULT, 'R467'),
(122, DEFAULT, 'R402340'),
(122, DEFAULT, 'R80'),
(123, DEFAULT, 'R4189'),
(123, DEFAULT, 'R404'),
(124, DEFAULT, 'R1937'),
(124, DEFAULT, 'R94112'),
(125, DEFAULT, 'R87619'),
(126, 'Baby every law case whether.', 'R891'),
(126, DEFAULT, 'R112'),
(127, DEFAULT, 'R651'),
(127, DEFAULT, 'R402251'),
(128, DEFAULT, 'R188'),
(129, 'Only fall sing data surface really.', 'R141'),
(129, 'Late guess stand increase hold provide article. Through foot street expert travel.', 'R29716'),
(130, 'Door forget quickly. Line able newspaper speak station your successful.', 'R97'),
(130, DEFAULT, 'R0682'),
(131, 'Style foreign dark enter politics evidence seek. Compare only coach stage.', 'R8761'),
(132, DEFAULT, 'R190'),
(132, DEFAULT, 'R402341'),
(133, DEFAULT, 'R29705'),
(133, DEFAULT, 'R1901'),
(134, DEFAULT, 'R201'),
(135, 'Produce fish record why.', 'R560'),
(135, 'Reflect live political throughout.', 'R800'),
(136, 'Which who fall check.', 'R390'),
(136, DEFAULT, 'R402421'),
(137, 'East play whose step dream soon tend. Idea not treat politics.', 'R6889'),
(138, DEFAULT, 'R601'),
(139, DEFAULT, 'R56'),
(139, DEFAULT, 'R40243'),
(140, DEFAULT, 'R10816'),
(140, DEFAULT, 'R770'),
(141, DEFAULT, 'R180'),
(141, 'A management author into weight peace middle.', 'R29734'),
(142, DEFAULT, 'R464'),
(143, DEFAULT, 'R875'),
(143, DEFAULT, 'R945'),
(144, DEFAULT, 'R40221'),
(145, 'City far key agent usually.', 'R312'),
(146, 'Usually detail road meet wall. Officer certainly minute cold.', 'R9401'),
(146, DEFAULT, 'R859'),
(147, 'Unit smile talk somebody billion always. Moment main guess oil.', 'R0602'),
(148, DEFAULT, 'R45851'),
(148, DEFAULT, 'R414'),
(149, DEFAULT, 'R180'),
(150, 'Political treat respond.', 'R00'),
(151, DEFAULT, 'R834'),
(151, DEFAULT, 'R945'),
(152, DEFAULT, 'R300'),
(153, DEFAULT, 'R41840'),
(154, 'Night yet physical before treatment direction.', 'R10827'),
(155, DEFAULT, 'R292'),
(155, DEFAULT, 'R7881'),
(156, DEFAULT, 'R9082'),
(156, 'Position floor amount either sometimes sign chance especially.', 'R29713'),
(157, 'Reason very week seat hundred.', 'R800'),
(158, DEFAULT, 'R398'),
(159, DEFAULT, 'R10814'),
(160, 'Much tough coach stop age list newspaper. Leg health training trip thing prove likely its.', 'R8581'),
(161, DEFAULT, 'R56'),
(161, DEFAULT, 'R55'),
(162, DEFAULT, 'R87621'),
(162, DEFAULT, 'R222'),
(163, 'Daughter organization few use fund.', 'R070'),
(163, 'Who environment often as.', 'R453'),
(164, DEFAULT, 'R29708'),
(164, 'Window activity article act have edge travel.', 'R10'),
(165, 'Follow protect key forget century.', 'R80'),
(165, DEFAULT, 'R40233'),
(166, 'Imagine store all difference site.', 'R936'),
(166, DEFAULT, 'R4024'),
(167, DEFAULT, 'R1937'),
(167, DEFAULT, 'R831'),
(168, 'Teacher exactly seven. According piece data bit.', 'R2241'),
(169, 'List Mrs indicate leg kind human yes. Physical the foreign.', 'R87616'),
(170, 'Perform look weight phone rise bar. Always size friend man minute.', 'R531'),
(170, 'Animal quite conference what media determine model.', 'R7309'),
(171, DEFAULT, 'R29722'),
(172, DEFAULT, 'R827'),
(173, 'Six hope investment who two art machine.', 'R200'),
(174, DEFAULT, 'R402431'),
(175, 'Away plan part relate mind table discuss best. Then research film.', 'R480'),
(176, 'Structure employee thousand miss.', 'R143'),
(176, DEFAULT, 'R88'),
(177, 'Enter possible writer moment hot.', 'R39191'),
(177, DEFAULT, 'R17'),
(178, 'Political popular care trouble.', 'R17'),
(179, 'Area individual ever hold job support. Head foreign hit skill quite Democrat center.', 'R10822'),
(179, DEFAULT, 'R402411'),
(180, DEFAULT, 'R590'),
(180, DEFAULT, 'R682');
/* INSERT DATA INTO `appointment_employees` TABLE */
INSERT INTO appointment_employees (app_id, emp_id) VALUES
(1, 5),
(1, 7),
(1, 19),
(2, 16),
(2, 17),
(2, 10),
(3, 17),
(3, 16),
(3, 1),
(4, 17),
(4, 13),
(5, 10),
(5, 14),
(5, 7),
(6, 10),
(6, 3),
(6, 13),
(7, 1),
(7, 2),
(8, 1),
(9, 5),
(10, 1),
(10, 10),
(10, 6),
(11, 20),
(12, 17),
(13, 5),
(13, 15),
(13, 2),
(14, 10),
(14, 15),
(15, 17),
(16, 13),
(16, 11),
(17, 3),
(17, 8),
(18, 3),
(18, 15),
(18, 2),
(19, 9),
(20, 4),
(20, 13),
(20, 12),
(21, 13),
(21, 10),
(21, 12),
(22, 20),
(23, 17),
(23, 19),
(23, 2),
(24, 3),
(24, 8),
(24, 16),
(25, 14),
(26, 7),
(26, 8),
(26, 9),
(27, 2),
(27, 11),
(28, 1),
(29, 6),
(29, 17),
(30, 11),
(31, 2),
(31, 8),
(32, 8),
(32, 16),
(32, 4),
(33, 15),
(33, 9),
(33, 18),
(34, 11),
(34, 9),
(34, 8),
(35, 15),
(36, 14),
(36, 15),
(37, 16),
(38, 4),
(38, 8),
(38, 11),
(39, 17),
(39, 11),
(39, 12),
(40, 19),
(40, 14),
(40, 11),
(41, 18),
(41, 20),
(41, 3),
(42, 18),
(42, 10),
(42, 5),
(43, 8),
(43, 16),
(44, 5),
(44, 9),
(44, 3),
(45, 11),
(46, 9),
(47, 2),
(47, 1),
(47, 15),
(48, 2),
(49, 18),
(49, 2),
(50, 18),
(50, 17),
(51, 1),
(51, 16),
(52, 3),
(53, 18),
(53, 1),
(53, 7),
(54, 12),
(54, 6),
(55, 17),
(55, 5),
(55, 13),
(56, 15),
(57, 19),
(58, 20),
(58, 11),
(59, 6),
(60, 10),
(60, 6),
(60, 17),
(61, 8),
(62, 13),
(62, 5),
(62, 7),
(63, 20),
(63, 15),
(64, 6),
(65, 14),
(65, 4),
(66, 4),
(66, 19),
(66, 14),
(67, 15),
(67, 18),
(68, 11),
(68, 4),
(68, 12),
(69, 2),
(69, 15),
(69, 12),
(70, 17),
(70, 5),
(71, 4),
(71, 14),
(72, 17),
(73, 19),
(74, 4),
(75, 7),
(75, 6),
(75, 8),
(76, 14),
(76, 10),
(76, 19),
(77, 1),
(77, 15),
(77, 2),
(78, 15),
(79, 1),
(79, 3),
(80, 17),
(81, 19),
(81, 14),
(82, 6),
(82, 17),
(83, 11),
(84, 10),
(84, 5),
(85, 6),
(85, 18),
(86, 12),
(86, 6),
(86, 8),
(87, 16),
(87, 1),
(87, 15),
(88, 9),
(89, 1),
(89, 19),
(90, 14),
(90, 3),
(90, 6),
(91, 13),
(91, 3),
(91, 4),
(92, 14),
(93, 5),
(93, 9),
(94, 16),
(94, 6),
(94, 13),
(95, 10),
(96, 17),
(96, 7),
(97, 3),
(98, 12),
(98, 7),
(99, 14),
(99, 2),
(100, 12),
(101, 7),
(101, 17),
(101, 20),
(102, 15),
(102, 8),
(103, 3),
(103, 7),
(104, 12),
(104, 13),
(105, 8),
(105, 17),
(106, 17),
(107, 13),
(108, 10),
(108, 12),
(109, 17),
(109, 18),
(110, 9),
(111, 12),
(111, 20),
(111, 7),
(112, 12),
(113, 5),
(113, 3),
(113, 9),
(114, 4),
(115, 14),
(116, 12),
(116, 14),
(116, 6),
(117, 6),
(117, 9),
(117, 1),
(118, 17),
(119, 1),
(119, 13),
(120, 18),
(121, 8),
(122, 13),
(122, 15),
(122, 8),
(123, 12),
(124, 5),
(125, 6),
(125, 13),
(126, 18),
(126, 12),
(126, 19),
(127, 13),
(127, 6),
(128, 13),
(128, 5),
(129, 15),
(129, 11),
(129, 6),
(130, 2),
(130, 20),
(130, 15),
(131, 8),
(131, 4),
(132, 20),
(133, 16),
(133, 8),
(134, 20),
(135, 19),
(136, 7),
(136, 10),
(136, 18),
(137, 13),
(138, 18),
(139, 17),
(139, 15),
(139, 14),
(140, 3),
(141, 12),
(141, 11),
(141, 8),
(142, 7),
(142, 18),
(142, 15),
(143, 4),
(144, 6),
(145, 18),
(145, 11),
(145, 17),
(146, 14),
(146, 15),
(147, 5),
(147, 3),
(147, 10),
(148, 20),
(148, 9),
(148, 15),
(149, 18),
(150, 20),
(151, 11),
(151, 10),
(151, 18),
(152, 17),
(152, 16),
(153, 15),
(153, 18),
(154, 15),
(154, 6),
(154, 20),
(155, 19),
(155, 4),
(156, 20),
(156, 5),
(157, 1),
(157, 7),
(157, 19),
(158, 8),
(159, 18),
(159, 15),
(159, 17),
(160, 6),
(160, 8),
(161, 14),
(161, 13),
(161, 11),
(162, 17),
(163, 20),
(163, 4),
(164, 12),
(165, 19),
(165, 18),
(166, 1),
(166, 7),
(167, 16),
(168, 10),
(168, 12),
(169, 5),
(169, 14),
(169, 9),
(170, 18),
(170, 6),
(171, 14),
(172, 2),
(172, 15),
(172, 8),
(173, 10),
(173, 20),
(173, 5),
(174, 4),
(175, 7),
(175, 3),
(176, 9),
(176, 8),
(177, 18),
(177, 17),
(178, 6),
(178, 1),
(179, 17),
(179, 19),
(180, 3),
(180, 15);
/* UPDATE AUTOINCREMENT START VALUES BASED ON MOCK DATA INSERTS */
select setval('patients_patient_id_seq', 30);
select setval('insurance_providers_provider_id_seq', 15);
select setval('employees_emp_id_seq', 20);
select setval('prescriptions_prescription_id_seq', 100);
select setval('relatives_relative_id_seq', 20);
select setval('referrals_ref_id_seq', 15);
select setval('immunizations_immunization_id_seq', 10);
select setval('appointments_app_id_seq', 180);
select setval('tests_test_id_seq', 40);
select setval('archived_files_file_id_seq', 30);
select setval('lab_reports_report_id_seq', 60);
select setval('exams_exam_id_seq', 60);
select setval('specialized_labs_lab_id_seq', 10);
select setval('referrable_doctors_ref_doctor_id_seq', 10);
