TRUNCATE accepted_tests, tests, relative_conditions, relatives, report_creators, specialized_labs, insurance_covers, insurance_providers, immunized_patients, covid_exams, blood_exams, administered_vaccines, referrals, referrable_doctors, prescriptions, pharmacies, immunized_employees, immunizations, exams, lab_reports, archived_files, diagnoses, appointment_medical_conditions, medical_conditions, appointment_employees, employees, appointments, patients;

/* INSERT DATA INTO `medical_conditions` TABLE */
INSERT INTO medical_conditions (icd_code, name, parent_code) VALUES
('R000', 'Tachycardia, unspecified', 'R00'),
('R001', 'Bradycardia, unspecified', 'R00'),
('R002', 'Palpitations', 'R00'),
('R008', 'Other abnormalities of heart beat', 'R00'),
('R009', 'Unspecified abnormalities of heart beat', 'R00'),
('R010', 'Benign and innocent cardiac murmurs', 'R01'),
('R011', 'Cardiac murmur, unspecified', 'R01'),
('R012', 'Other cardiac sounds', 'R01'),
('R030', 'Elevated blood-pressure reading, w/o diagnosis of htn', 'R03'),
('R031', 'Nonspecific low blood-pressure reading', 'R03'),
('R040', 'Epistaxis', 'R04'),
('R041', 'Hemorrhage from throat', 'R04'),
('R042', 'Hemoptysis', 'R04'),
('R0481', 'Acute idiopathic pulmonary hemorrhage in infants', 'R048'),
('R0489', 'Hemorrhage from other sites in respiratory passages', 'R048'),
('R049', 'Hemorrhage from respiratory passages, unspecified', 'R04'),
('R05', 'Cough', DEFAULT),
('R0600', 'Dyspnea, unspecified', 'R060'),
('R0601', 'Orthopnea', 'R060'),
('R0602', 'Shortness of breath', 'R060'),
('R0603', 'Acute respiratory distress', 'R060'),
('R0609', 'Other forms of dyspnea', 'R060'),
('R061', 'Stridor', 'R06'),
('R062', 'Wheezing', 'R06'),
('R063', 'Periodic breathing', 'R06'),
('R064', 'Hyperventilation', 'R06'),
('R065', 'Mouth breathing', 'R06'),
('R066', 'Hiccough', 'R06'),
('R067', 'Sneezing', 'R06'),
('R0681', 'Apnea, not elsewhere classified', 'R068'),
('R0682', 'Tachypnea, not elsewhere classified', 'R068'),
('R0683', 'Snoring', 'R068'),
('R0689', 'Other abnormalities of breathing', 'R068'),
('R069', 'Unspecified abnormalities of breathing', 'R06'),
('R070', 'Pain in throat', 'R07'),
('R071', 'Chest pain on breathing', 'R07'),
('R072', 'Precordial pain', 'R07'),
('R0781', 'Pleurodynia', 'R078'),
('R0782', 'Intercostal pain', 'R078'),
('R0789', 'Other chest pain', 'R078'),
('R079', 'Chest pain, unspecified', 'R07'),
('R0901', 'Asphyxia', 'R090'),
('R0902', 'Hypoxemia', 'R090'),
('R091', 'Pleurisy', 'R09'),
('R092', 'Respiratory arrest', 'R09'),
('R093', 'Abnormal sputum', 'R09'),
('R0981', 'Nasal congestion', 'R098'),
('R0982', 'Postnasal drip', 'R098'),
('R0989', 'Oth symptoms and signs involving the circ and resp systems', 'R098'),
('R100', 'Acute abdomen', 'R10'),
('R1010', 'Upper abdominal pain, unspecified', 'R101'),
('R1011', 'Right upper quadrant pain', 'R101'),
('R1012', 'Left upper quadrant pain', 'R101'),
('R1013', 'Epigastric pain', 'R101'),
('R102', 'Pelvic and perineal pain', 'R10'),
('R1030', 'Lower abdominal pain, unspecified', 'R103'),
('R1031', 'Right lower quadrant pain', 'R103'),
('R1032', 'Left lower quadrant pain', 'R103'),
('R1033', 'Periumbilical pain', 'R103'),
('R10811', 'Right upper quadrant abdominal tenderness', 'R1081'),
('R10812', 'Left upper quadrant abdominal tenderness', 'R1081'),
('R10813', 'Right lower quadrant abdominal tenderness', 'R1081'),
('R10814', 'Left lower quadrant abdominal tenderness', 'R1081'),
('R10815', 'Periumbilic abdominal tenderness', 'R1081'),
('R10816', 'Epigastric abdominal tenderness', 'R1081'),
('R10817', 'Generalized abdominal tenderness', 'R1081'),
('R10819', 'Abdominal tenderness, unspecified site', 'R1081'),
('R10821', 'Right upper quadrant rebound abdominal tenderness', 'R1082'),
('R10822', 'Left upper quadrant rebound abdominal tenderness', 'R1082'),
('R10823', 'Right lower quadrant rebound abdominal tenderness', 'R1082'),
('R10824', 'Left lower quadrant rebound abdominal tenderness', 'R1082'),
('R10825', 'Periumbilic rebound abdominal tenderness', 'R1082'),
('R10826', 'Epigastric rebound abdominal tenderness', 'R1082'),
('R10827', 'Generalized rebound abdominal tenderness', 'R1082'),
('R10829', 'Rebound abdominal tenderness, unspecified site', 'R1082'),
('R1083', 'Colic', 'R108'),
('R1084', 'Generalized abdominal pain', 'R108'),
('R109', 'Unspecified abdominal pain', 'R10'),
('R110', 'Nausea', 'R11'),
('R1110', 'Vomiting, unspecified', 'R111'),
('R1111', 'Vomiting without nausea', 'R111'),
('R1112', 'Projectile vomiting', 'R111'),
('R1113', 'Vomiting of fecal matter', 'R111'),
('R1114', 'Bilious vomiting', 'R111'),
('R112', 'Nausea with vomiting, unspecified', 'R11'),
('R12', 'Heartburn', DEFAULT),
('R130', 'Aphagia', 'R13'),
('R1310', 'Dysphagia, unspecified', 'R131'),
('R1311', 'Dysphagia, oral phase', 'R131'),
('R1312', 'Dysphagia, oropharyngeal phase', 'R131'),
('R1313', 'Dysphagia, pharyngeal phase', 'R131'),
('R1314', 'Dysphagia, pharyngoesophageal phase', 'R131'),
('R1319', 'Other dysphagia', 'R131'),
('R140', 'Abdominal distension (gaseous)', 'R14'),
('R141', 'Gas pain', 'R14'),
('R142', 'Eructation', 'R14'),
('R143', 'Flatulence', 'R14'),
('R150', 'Incomplete defecation', 'R15'),
('R151', 'Fecal smearing', 'R15'),
('R152', 'Fecal urgency', 'R15'),
('R159', 'Full incontinence of feces', 'R15'),
('R160', 'Hepatomegaly, not elsewhere classified', 'R16'),
('R161', 'Splenomegaly, not elsewhere classified', 'R16'),
('R162', 'Hepatomegaly with splenomegaly, not elsewhere classified', 'R16'),
('R17', 'Unspecified jaundice', DEFAULT),
('R180', 'Malignant ascites', 'R18'),
('R188', 'Other ascites', 'R18'),
('R1900', 'Intra-abd and pelvic swelling, mass and lump, unsp site', 'R190'),
('R1901', 'Right upper quadrant abdominal swelling, mass and lump', 'R190'),
('R1902', 'Left upper quadrant abdominal swelling, mass and lump', 'R190'),
('R1903', 'Right lower quadrant abdominal swelling, mass and lump', 'R190'),
('R1904', 'Left lower quadrant abdominal swelling, mass and lump', 'R190'),
('R1905', 'Periumbilic swelling, mass or lump', 'R190'),
('R1906', 'Epigastric swelling, mass or lump', 'R190'),
('R1907', 'Generalized intra-abd and pelvic swelling, mass and lump', 'R190'),
('R1909', 'Other intra-abdominal and pelvic swelling, mass and lump', 'R190'),
('R1911', 'Absent bowel sounds', 'R191'),
('R1912', 'Hyperactive bowel sounds', 'R191'),
('R1915', 'Other abnormal bowel sounds', 'R191'),
('R192', 'Visible peristalsis', 'R19'),
('R1930', 'Abdominal rigidity, unspecified site', 'R193'),
('R1931', 'Right upper quadrant abdominal rigidity', 'R193'),
('R1932', 'Left upper quadrant abdominal rigidity', 'R193'),
('R1933', 'Right lower quadrant abdominal rigidity', 'R193'),
('R1934', 'Left lower quadrant abdominal rigidity', 'R193'),
('R1935', 'Periumbilic abdominal rigidity', 'R193'),
('R1936', 'Epigastric abdominal rigidity', 'R193'),
('R1937', 'Generalized abdominal rigidity', 'R193'),
('R194', 'Change in bowel habit', 'R19'),
('R195', 'Other fecal abnormalities', 'R19'),
('R196', 'Halitosis', 'R19'),
('R197', 'Diarrhea, unspecified', 'R19'),
('R198', 'Oth symptoms and signs involving the dgstv sys and abdomen', 'R19'),
('R200', 'Anesthesia of skin', 'R20'),
('R201', 'Hypoesthesia of skin', 'R20'),
('R202', 'Paresthesia of skin', 'R20'),
('R203', 'Hyperesthesia', 'R20'),
('R208', 'Other disturbances of skin sensation', 'R20'),
('R209', 'Unspecified disturbances of skin sensation', 'R20'),
('R21', 'Rash and other nonspecific skin eruption', DEFAULT),
('R220', 'Localized swelling, mass and lump, head', 'R22'),
('R221', 'Localized swelling, mass and lump, neck', 'R22'),
('R222', 'Localized swelling, mass and lump, trunk', 'R22'),
('R2230', 'Localized swelling, mass and lump, unspecified upper limb', 'R223'),
('R2231', 'Localized swelling, mass and lump, right upper limb', 'R223'),
('R2232', 'Localized swelling, mass and lump, left upper limb', 'R223'),
('R2233', 'Localized swelling, mass and lump, upper limb, bilateral', 'R223'),
('R2240', 'Localized swelling, mass and lump, unspecified lower limb', 'R224'),
('R2241', 'Localized swelling, mass and lump, right lower limb', 'R224'),
('R2242', 'Localized swelling, mass and lump, left lower limb', 'R224'),
('R2243', 'Localized swelling, mass and lump, lower limb, bilateral', 'R224'),
('R229', 'Localized swelling, mass and lump, unspecified', 'R22'),
('R230', 'Cyanosis', 'R23'),
('R231', 'Pallor', 'R23'),
('R232', 'Flushing', 'R23'),
('R233', 'Spontaneous ecchymoses', 'R23'),
('R234', 'Changes in skin texture', 'R23'),
('R238', 'Other skin changes', 'R23'),
('R239', 'Unspecified skin changes', 'R23'),
('R250', 'Abnormal head movements', 'R25'),
('R251', 'Tremor, unspecified', 'R25'),
('R252', 'Cramp and spasm', 'R25'),
('R253', 'Fasciculation', 'R25'),
('R258', 'Other abnormal involuntary movements', 'R25'),
('R259', 'Unspecified abnormal involuntary movements', 'R25'),
('R260', 'Ataxic gait', 'R26'),
('R261', 'Paralytic gait', 'R26'),
('R262', 'Difficulty in walking, not elsewhere classified', 'R26'),
('R2681', 'Unsteadiness on feet', 'R268'),
('R2689', 'Other abnormalities of gait and mobility', 'R268'),
('R269', 'Unspecified abnormalities of gait and mobility', 'R26'),
('R270', 'Ataxia, unspecified', 'R27'),
('R278', 'Other lack of coordination', 'R27'),
('R279', 'Unspecified lack of coordination', 'R27'),
('R290', 'Tetany', 'R29'),
('R291', 'Meningismus', 'R29'),
('R292', 'Abnormal reflex', 'R29'),
('R293', 'Abnormal posture', 'R29'),
('R294', 'Clicking hip', 'R29'),
('R295', 'Transient paralysis', 'R29'),
('R296', 'Repeated falls', 'R29'),
('R29700', 'NIHSS score 0', 'R2970'),
('R29701', 'NIHSS score 1', 'R2970'),
('R29702', 'NIHSS score 2', 'R2970'),
('R29703', 'NIHSS score 3', 'R2970'),
('R29704', 'NIHSS score 4', 'R2970'),
('R29705', 'NIHSS score 5', 'R2970'),
('R29706', 'NIHSS score 6', 'R2970'),
('R29707', 'NIHSS score 7', 'R2970'),
('R29708', 'NIHSS score 8', 'R2970'),
('R29709', 'NIHSS score 9', 'R2970'),
('R29710', 'NIHSS score 10', 'R2971'),
('R29711', 'NIHSS score 11', 'R2971'),
('R29712', 'NIHSS score 12', 'R2971'),
('R29713', 'NIHSS score 13', 'R2971'),
('R29714', 'NIHSS score 14', 'R2971'),
('R29715', 'NIHSS score 15', 'R2971'),
('R29716', 'NIHSS score 16', 'R2971'),
('R29717', 'NIHSS score 17', 'R2971'),
('R29718', 'NIHSS score 18', 'R2971'),
('R29719', 'NIHSS score 19', 'R2971'),
('R29720', 'NIHSS score 20', 'R2972'),
('R29721', 'NIHSS score 21', 'R2972'),
('R29722', 'NIHSS score 22', 'R2972'),
('R29723', 'NIHSS score 23', 'R2972'),
('R29724', 'NIHSS score 24', 'R2972'),
('R29725', 'NIHSS score 25', 'R2972'),
('R29726', 'NIHSS score 26', 'R2972'),
('R29727', 'NIHSS score 27', 'R2972'),
('R29728', 'NIHSS score 28', 'R2972'),
('R29729', 'NIHSS score 29', 'R2972'),
('R29730', 'NIHSS score 30', 'R2973'),
('R29731', 'NIHSS score 31', 'R2973'),
('R29732', 'NIHSS score 32', 'R2973'),
('R29733', 'NIHSS score 33', 'R2973'),
('R29734', 'NIHSS score 34', 'R2973'),
('R29735', 'NIHSS score 35', 'R2973'),
('R29736', 'NIHSS score 36', 'R2973'),
('R29737', 'NIHSS score 37', 'R2973'),
('R29738', 'NIHSS score 38', 'R2973'),
('R29739', 'NIHSS score 39', 'R2973'),
('R29740', 'NIHSS score 40', 'R2974'),
('R29741', 'NIHSS score 41', 'R2974'),
('R29742', 'NIHSS score 42', 'R2974'),
('R29810', 'Facial weakness', 'R2981'),
('R29818', 'Other symptoms and signs involving the nervous system', 'R2981'),
('R29890', 'Loss of height', 'R2989'),
('R29891', 'Ocular torticollis', 'R2989'),
('R29898', 'Oth symptoms and signs involving the musculoskeletal system', 'R2989'),
('R2990', 'Unspecified symptoms and signs involving the nervous system', 'R299'),
('R2991', 'Unsp symptoms and signs involving the musculoskeletal system', 'R299'),
('R300', 'Dysuria', 'R30'),
('R301', 'Vesical tenesmus', 'R30'),
('R309', 'Painful micturition, unspecified', 'R30'),
('R310', 'Gross hematuria', 'R31'),
('R311', 'Benign essential microscopic hematuria', 'R31'),
('R3121', 'Asymptomatic microscopic hematuria', 'R312'),
('R3129', 'Other microscopic hematuria', 'R312'),
('R319', 'Hematuria, unspecified', 'R31'),
('R32', 'Unspecified urinary incontinence', DEFAULT),
('R330', 'Drug induced retention of urine', 'R33'),
('R338', 'Other retention of urine', 'R33'),
('R339', 'Retention of urine, unspecified', 'R33'),
('R34', 'Anuria and oliguria', DEFAULT),
('R350', 'Frequency of micturition', 'R35'),
('R351', 'Nocturia', 'R35'),
('R358', 'Other polyuria', 'R35'),
('R360', 'Urethral discharge without blood', 'R36'),
('R361', 'Hematospermia', 'R36'),
('R369', 'Urethral discharge, unspecified', 'R36'),
('R37', 'Sexual dysfunction, unspecified', DEFAULT),
('R390', 'Extravasation of urine', 'R39'),
('R3911', 'Hesitancy of micturition', 'R391'),
('R3912', 'Poor urinary stream', 'R391'),
('R3913', 'Splitting of urinary stream', 'R391'),
('R3914', 'Feeling of incomplete bladder emptying', 'R391'),
('R3915', 'Urgency of urination', 'R391'),
('R3916', 'Straining to void', 'R391'),
('R39191', 'Need to immediately re-void', 'R3919'),
('R39192', 'Position dependent micturition', 'R3919'),
('R39198', 'Other difficulties with micturition', 'R3919'),
('R392', 'Extrarenal uremia', 'R39'),
('R3981', 'Functional urinary incontinence', 'R398'),
('R3982', 'Chronic bladder pain', 'R398'),
('R3983', 'Unilateral non-palpable testicle', 'R398'),
('R3984', 'Bilateral non-palpable testicles', 'R398'),
('R3989', 'Other symptoms and signs involving the genitourinary system', 'R398'),
('R399', 'Unsp symptoms and signs involving the genitourinary system', 'R39'),
('R400', 'Somnolence', 'R40'),
('R401', 'Stupor', 'R40'),
('R4020', 'Unspecified coma', 'R402'),
('R402110', 'Coma scale, eyes open, never, unspecified time', 'R40211'),
('R402111', 'Coma scale, eyes open, never, in the field', 'R40211'),
('R402112', 'Coma scale, eyes open, never, EMR', 'R40211'),
('R402113', 'Coma scale, eyes open, never, at hospital admission', 'R40211'),
('R402114', 'Coma scale, eyes open, never, 24+hrs', 'R40211'),
('R402120', 'Coma scale, eyes open, to pain, unspecified time', 'R40212'),
('R402121', 'Coma scale, eyes open, to pain, in the field', 'R40212'),
('R402122', 'Coma scale, eyes open, to pain, EMR', 'R40212'),
('R402123', 'Coma scale, eyes open, to pain, at hospital admission', 'R40212'),
('R402124', 'Coma scale, eyes open, to pain, 24+hrs', 'R40212'),
('R402130', 'Coma scale, eyes open, to sound, unspecified time', 'R40213'),
('R402131', 'Coma scale, eyes open, to sound, in the field', 'R40213'),
('R402132', 'Coma scale, eyes open, to sound, EMR', 'R40213'),
('R402133', 'Coma scale, eyes open, to sound, at hospital admission', 'R40213'),
('R402134', 'Coma scale, eyes open, to sound, 24+hrs', 'R40213'),
('R402140', 'Coma scale, eyes open, spontaneous, unspecified time', 'R40214'),
('R402141', 'Coma scale, eyes open, spontaneous, in the field', 'R40214'),
('R402142', 'Coma scale, eyes open, spontaneous, EMR', 'R40214'),
('R402143', 'Coma scale, eyes open, spontaneous, at hospital admission', 'R40214'),
('R402144', 'Coma scale, eyes open, spontaneous, 24+hrs', 'R40214'),
('R402210', 'Coma scale, best verbal response, none, unspecified time', 'R40221'),
('R402211', 'Coma scale, best verbal response, none, in the field', 'R40221'),
('R402212', 'Coma scale, best verbal response, none, EMR', 'R40221'),
('R402213', 'Coma scale, best verbal response, none, admit', 'R40221'),
('R402214', 'Coma scale, best verbal response, none, 24+hrs', 'R40221'),
('R402220', 'Coma scale, best verb, incomprehensible words, unsp time', 'R40222'),
('R402221', 'Coma scale, best verb, incomprehensible words, in the field', 'R40222'),
('R402222', 'Coma scale, best verb, incomprehensible words, EMR', 'R40222'),
('R402223', 'Coma scale, best verb, incomprehensible words, admit', 'R40222'),
('R402224', 'Coma scale, best verb, incomprehensible words, 24+hrs', 'R40222'),
('R402230', 'Coma scale, best verb, inappropriate words, unsp time', 'R40223'),
('R402231', 'Coma scale, best verb, inappropriate words, in the field', 'R40223'),
('R402232', 'Coma scale, best verbal response, inappropriate words, EMR', 'R40223'),
('R402233', 'Coma scale, best verbal response, inappropriate words, admit', 'R40223'),
('R402234', 'Coma scale, best verb, inappropriate words, 24+hrs', 'R40223'),
('R402240', 'Coma scale, best verb, confused conversation, unsp time', 'R40224'),
('R402241', 'Coma scale, best verb, confused conversation, in the field', 'R40224'),
('R402242', 'Coma scale, best verbal response, confused conversation, EMR', 'R40224'),
('R402243', 'Coma scale, best verb, confused conversation, admit', 'R40224'),
('R402244', 'Coma scale, best verb, confused conversation, 24+hrs', 'R40224'),
('R402250', 'Coma scale, best verbal response, oriented, unspecified time', 'R40225'),
('R402251', 'Coma scale, best verbal response, oriented, in the field', 'R40225'),
('R402252', 'Coma scale, best verbal response, oriented, EMR', 'R40225'),
('R402253', 'Coma scale, best verbal response, oriented, admit', 'R40225'),
('R402254', 'Coma scale, best verbal response, oriented, 24+hrs', 'R40225'),
('R402310', 'Coma scale, best motor response, none, unspecified time', 'R40231'),
('R402311', 'Coma scale, best motor response, none, in the field', 'R40231'),
('R402312', 'Coma scale, best motor response, none, EMR', 'R40231'),
('R402313', 'Coma scale, best motor response, none, at hospital admission', 'R40231'),
('R402314', 'Coma scale, best motor response, none, 24+hrs', 'R40231'),
('R402320', 'Coma scale, best motor response, extension, unspecified time', 'R40232'),
('R402321', 'Coma scale, best motor response, extension, in the field', 'R40232'),
('R402322', 'Coma scale, best motor response, extension, EMR', 'R40232'),
('R402323', 'Coma scale, best motor response, extension, admit', 'R40232'),
('R402324', 'Coma scale, best motor response, extension, 24+hrs', 'R40232'),
('R402330', 'Coma scale, best motor response, abnormal, unspecified time', 'R40233'),
('R402331', 'Coma scale, best motor response, abnormal, in the field', 'R40233'),
('R402332', 'Coma scale, best motor response, abnormal, EMR', 'R40233'),
('R402333', 'Coma scale, best motor response, abnormal, admit', 'R40233'),
('R402334', 'Coma scale, best motor response, abnormal, 24+hrs', 'R40233'),
('R402340', 'Coma scale, best motor, flexion withdrawal, unsp time', 'R40234'),
('R402341', 'Coma scale, best motor, flexion withdrawal, in the field', 'R40234'),
('R402342', 'Coma scale, best motor response, flexion withdrawal, EMR', 'R40234'),
('R402343', 'Coma scale, best motor response, flexion withdrawal, admit', 'R40234'),
('R402344', 'Coma scale, best motor response, flexion withdrawal, 24+hrs', 'R40234'),
('R402350', 'Coma scale, best motor response, localizes pain, unsp time', 'R40235'),
('R402351', 'Coma scale, best motor, localizes pain, in the field', 'R40235'),
('R402352', 'Coma scale, best motor response, localizes pain, EMR', 'R40235'),
('R402353', 'Coma scale, best motor response, localizes pain, admit', 'R40235'),
('R402354', 'Coma scale, best motor response, localizes pain, 24+hrs', 'R40235'),
('R402360', 'Coma scale, best motor response, obeys commands, unsp time', 'R40236'),
('R402361', 'Coma scale, best motor, obeys commands, in the field', 'R40236'),
('R402362', 'Coma scale, best motor response, obeys commands, EMR', 'R40236'),
('R402363', 'Coma scale, best motor response, obeys commands, admit', 'R40236'),
('R402364', 'Coma scale, best motor response, obeys commands, 24+hrs', 'R40236'),
('R402410', 'Glasgow coma scale score 13-15, unspecified time', 'R40241'),
('R402411', 'Glasgow coma scale score 13-15, in the field', 'R40241'),
('R402412', 'Glasgow coma scale score 13-15, EMR', 'R40241'),
('R402413', 'Glasgow coma scale score 13-15, at hospital admission', 'R40241'),
('R402414', 'Glasgow coma scale score 13-15, 24+hrs', 'R40241'),
('R402420', 'Glasgow coma scale score 9-12, unspecified time', 'R40242'),
('R402421', 'Glasgow coma scale score 9-12, in the field', 'R40242'),
('R402422', 'Glasgow coma scale score 9-12, EMR', 'R40242'),
('R402423', 'Glasgow coma scale score 9-12, at hospital admission', 'R40242'),
('R402424', 'Glasgow coma scale score 9-12, 24+hrs', 'R40242'),
('R402430', 'Glasgow coma scale score 3-8, unspecified time', 'R40243'),
('R402431', 'Glasgow coma scale score 3-8, in the field', 'R40243'),
('R402432', 'Glasgow coma scale score 3-8, EMR', 'R40243'),
('R402433', 'Glasgow coma scale score 3-8, at hospital admission', 'R40243'),
('R402434', 'Glasgow coma scale score 3-8, 24+hrs', 'R40243'),
('R402440', 'Other coma, without Glasgow, or w/part score, unsp time', 'R40244'),
('R402441', 'Other coma, without Glasgow, or w/part score, in the field', 'R40244'),
('R402442', 'Other coma, without documented Glasgow, or w/part score, EMR', 'R40244'),
('R402443', 'Other coma, without Glasgow, or w/part score, admit', 'R40244'),
('R402444', 'Other coma, without Glasgow, or w/part score, 24+hrs', 'R40244'),
('R403', 'Persistent vegetative state', 'R40'),
('R404', 'Transient alteration of awareness', 'R40'),
('R410', 'Disorientation, unspecified', 'R41'),
('R411', 'Anterograde amnesia', 'R41'),
('R412', 'Retrograde amnesia', 'R41'),
('R413', 'Other amnesia', 'R41'),
('R414', 'Neurologic neglect syndrome', 'R41'),
('R4181', 'Age-related cognitive decline', 'R418'),
('R4182', 'Altered mental status, unspecified', 'R418'),
('R4183', 'Borderline intellectual functioning', 'R418'),
('R41840', 'Attention and concentration deficit', 'R4184'),
('R41841', 'Cognitive communication deficit', 'R4184'),
('R41842', 'Visuospatial deficit', 'R4184'),
('R41843', 'Psychomotor deficit', 'R4184'),
('R41844', 'Frontal lobe and executive function deficit', 'R4184'),
('R4189', 'Oth symptoms and signs w cognitive functions and awareness', 'R418'),
('R419', 'Unsp symptoms and signs w cognitive functions and awareness', 'R41'),
('R42', 'Dizziness and giddiness', DEFAULT),
('R430', 'Anosmia', 'R43'),
('R431', 'Parosmia', 'R43'),
('R432', 'Parageusia', 'R43'),
('R438', 'Other disturbances of smell and taste', 'R43'),
('R439', 'Unspecified disturbances of smell and taste', 'R43'),
('R440', 'Auditory hallucinations', 'R44'),
('R441', 'Visual hallucinations', 'R44'),
('R442', 'Other hallucinations', 'R44'),
('R443', 'Hallucinations, unspecified', 'R44'),
('R448', 'Oth symptoms and signs w general sensations and perceptions', 'R44'),
('R449', 'Unsp symptoms and signs w general sensations and perceptions', 'R44'),
('R450', 'Nervousness', 'R45'),
('R451', 'Restlessness and agitation', 'R45'),
('R452', 'Unhappiness', 'R45'),
('R453', 'Demoralization and apathy', 'R45'),
('R454', 'Irritability and anger', 'R45'),
('R455', 'Hostility', 'R45'),
('R456', 'Violent behavior', 'R45'),
('R457', 'State of emotional shock and stress, unspecified', 'R45'),
('R4581', 'Low self-esteem', 'R458'),
('R4582', 'Worries', 'R458'),
('R4583', 'Excessive crying of child, adolescent or adult', 'R458'),
('R4584', 'Anhedonia', 'R458'),
('R45850', 'Homicidal ideations', 'R4585'),
('R45851', 'Suicidal ideations', 'R4585'),
('R4586', 'Emotional lability', 'R458'),
('R4587', 'Impulsiveness', 'R458'),
('R4589', 'Other symptoms and signs involving emotional state', 'R458'),
('R460', 'Very low level of personal hygiene', 'R46'),
('R461', 'Bizarre personal appearance', 'R46'),
('R462', 'Strange and inexplicable behavior', 'R46'),
('R463', 'Overactivity', 'R46'),
('R464', 'Slowness and poor responsiveness', 'R46'),
('R465', 'Suspiciousness and marked evasiveness', 'R46'),
('R466', 'Undue concern and preoccupation with stressful events', 'R46'),
('R467', 'Verbosity and circumstantial detail obscuring rsn for cntct', 'R46'),
('R4681', 'Obsessive-compulsive behavior', 'R468'),
('R4689', 'Other symptoms and signs involving appearance and behavior', 'R468'),
('R4701', 'Aphasia', 'R470'),
('R4702', 'Dysphasia', 'R470'),
('R471', 'Dysarthria and anarthria', 'R47'),
('R4781', 'Slurred speech', 'R478'),
('R4782', 'Fluency disorder in conditions classified elsewhere', 'R478'),
('R4789', 'Other speech disturbances', 'R478'),
('R479', 'Unspecified speech disturbances', 'R47'),
('R480', 'Dyslexia and alexia', 'R48'),
('R481', 'Agnosia', 'R48'),
('R482', 'Apraxia', 'R48'),
('R483', 'Visual agnosia', 'R48'),
('R488', 'Other symbolic dysfunctions', 'R48'),
('R489', 'Unspecified symbolic dysfunctions', 'R48'),
('R490', 'Dysphonia', 'R49'),
('R491', 'Aphonia', 'R49'),
('R4921', 'Hypernasality', 'R492'),
('R4922', 'Hyponasality', 'R492'),
('R498', 'Other voice and resonance disorders', 'R49'),
('R499', 'Unspecified voice and resonance disorder', 'R49'),
('R502', 'Drug induced fever', 'R50'),
('R5081', 'Fever presenting with conditions classified elsewhere', 'R508'),
('R5082', 'Postprocedural fever', 'R508'),
('R5083', 'Postvaccination fever', 'R508'),
('R5084', 'Febrile nonhemolytic transfusion reaction', 'R508'),
('R509', 'Fever, unspecified', 'R50'),
('R51', 'Headache', DEFAULT),
('R52', 'Pain, unspecified', DEFAULT),
('R530', 'Neoplastic (malignant) related fatigue', 'R53'),
('R531', 'Weakness', 'R53'),
('R532', 'Functional quadriplegia', 'R53'),
('R5381', 'Other malaise', 'R538'),
('R5382', 'Chronic fatigue, unspecified', 'R538'),
('R5383', 'Other fatigue', 'R538'),
('R54', 'Age-related physical debility', DEFAULT),
('R55', 'Syncope and collapse', DEFAULT),
('R5600', 'Simple febrile convulsions', 'R560'),
('R5601', 'Complex febrile convulsions', 'R560'),
('R561', 'Post traumatic seizures', 'R56'),
('R569', 'Unspecified convulsions', 'R56'),
('R570', 'Cardiogenic shock', 'R57'),
('R571', 'Hypovolemic shock', 'R57'),
('R578', 'Other shock', 'R57'),
('R579', 'Shock, unspecified', 'R57'),
('R58', 'Hemorrhage, not elsewhere classified', DEFAULT),
('R590', 'Localized enlarged lymph nodes', 'R59'),
('R591', 'Generalized enlarged lymph nodes', 'R59'),
('R599', 'Enlarged lymph nodes, unspecified', 'R59'),
('R600', 'Localized edema', 'R60'),
('R601', 'Generalized edema', 'R60'),
('R609', 'Edema, unspecified', 'R60'),
('R61', 'Generalized hyperhidrosis', DEFAULT),
('R620', 'Delayed milestone in childhood', 'R62'),
('R6250', 'Unsp lack of expected normal physiol dev in childhood', 'R625'),
('R6251', 'Failure to thrive (child)', 'R625'),
('R6252', 'Short stature (child)', 'R625'),
('R6259', 'Oth lack of expected normal physiol development in childhood', 'R625'),
('R627', 'Adult failure to thrive', 'R62'),
('R630', 'Anorexia', 'R63'),
('R631', 'Polydipsia', 'R63'),
('R632', 'Polyphagia', 'R63'),
('R633', 'Feeding difficulties', 'R63'),
('R634', 'Abnormal weight loss', 'R63'),
('R635', 'Abnormal weight gain', 'R63'),
('R636', 'Underweight', 'R63'),
('R638', 'Other symptoms and signs concerning food and fluid intake', 'R63'),
('R64', 'Cachexia', DEFAULT),
('R6510', 'SIRS of non-infectious origin w/o acute organ dysfunction', 'R651'),
('R6511', 'SIRS of non-infectious origin w acute organ dysfunction', 'R651'),
('R6520', 'Severe sepsis without septic shock', 'R652'),
('R6521', 'Severe sepsis with septic shock', 'R652'),
('R680', 'Hypothermia, not associated w low environmental temperature', 'R68'),
('R6811', 'Excessive crying of infant (baby)', 'R681'),
('R6812', 'Fussy infant (baby)', 'R681'),
('R6813', 'Apparent life threatening event in infant (ALTE)', 'R681'),
('R6819', 'Other nonspecific symptoms peculiar to infancy', 'R681'),
('R682', 'Dry mouth, unspecified', 'R68'),
('R683', 'Clubbing of fingers', 'R68'),
('R6881', 'Early satiety', 'R688'),
('R6882', 'Decreased libido', 'R688'),
('R6883', 'Chills (without fever)', 'R688'),
('R6884', 'Jaw pain', 'R688'),
('R6889', 'Other general symptoms and signs', 'R688'),
('R69', 'Illness, unspecified', DEFAULT),
('R700', 'Elevated erythrocyte sedimentation rate', 'R70'),
('R701', 'Abnormal plasma viscosity', 'R70'),
('R710', 'Precipitous drop in hematocrit', 'R71'),
('R718', 'Other abnormality of red blood cells', 'R71'),
('R7301', 'Impaired fasting glucose', 'R730'),
('R7302', 'Impaired glucose tolerance (oral)', 'R730'),
('R7303', 'Prediabetes', 'R730'),
('R7309', 'Other abnormal glucose', 'R730'),
('R739', 'Hyperglycemia, unspecified', 'R73'),
('R740', 'Nonspec elev of levels of transamns & lactic acid dehydrgnse', 'R74'),
('R748', 'Abnormal levels of other serum enzymes', 'R74'),
('R749', 'Abnormal serum enzyme level, unspecified', 'R74'),
('R75', 'Inconclusive laboratory evidence of human immunodef virus', DEFAULT),
('R760', 'Raised antibody titer', 'R76'),
('R7611', 'Nonspecific reaction to skin test w/o active tuberculosis', 'R761'),
('R7612', 'Nonspec reaction to gamma intrfrn respns w/o actv tubrclosis', 'R761'),
('R768', 'Other specified abnormal immunological findings in serum', 'R76'),
('R769', 'Abnormal immunological finding in serum, unspecified', 'R76'),
('R770', 'Abnormality of albumin', 'R77'),
('R771', 'Abnormality of globulin', 'R77'),
('R772', 'Abnormality of alphafetoprotein', 'R77'),
('R778', 'Other specified abnormalities of plasma proteins', 'R77'),
('R779', 'Abnormality of plasma protein, unspecified', 'R77'),
('R780', 'Finding of alcohol in blood', 'R78'),
('R781', 'Finding of opiate drug in blood', 'R78'),
('R782', 'Finding of cocaine in blood', 'R78'),
('R783', 'Finding of hallucinogen in blood', 'R78'),
('R784', 'Finding of other drugs of addictive potential in blood', 'R78'),
('R785', 'Finding of other psychotropic drug in blood', 'R78'),
('R786', 'Finding of steroid agent in blood', 'R78'),
('R7871', 'Abnormal lead level in blood', 'R787'),
('R7879', 'Finding of abnormal level of heavy metals in blood', 'R787'),
('R7881', 'Bacteremia', 'R788'),
('R7889', 'Finding of oth substances, not normally found in blood', 'R788'),
('R789', 'Finding of unsp substance, not normally found in blood', 'R78'),
('R790', 'Abnormal level of blood mineral', 'R79'),
('R791', 'Abnormal coagulation profile', 'R79'),
('R7981', 'Abnormal blood-gas level', 'R798'),
('R7982', 'Elevated C-reactive protein (CRP)', 'R798'),
('R7989', 'Other specified abnormal findings of blood chemistry', 'R798'),
('R799', 'Abnormal finding of blood chemistry, unspecified', 'R79'),
('R800', 'Isolated proteinuria', 'R80'),
('R801', 'Persistent proteinuria, unspecified', 'R80'),
('R802', 'Orthostatic proteinuria, unspecified', 'R80'),
('R803', 'Bence Jones proteinuria', 'R80'),
('R808', 'Other proteinuria', 'R80'),
('R809', 'Proteinuria, unspecified', 'R80'),
('R81', 'Glycosuria', DEFAULT),
('R820', 'Chyluria', 'R82'),
('R821', 'Myoglobinuria', 'R82'),
('R822', 'Biliuria', 'R82'),
('R823', 'Hemoglobinuria', 'R82'),
('R824', 'Acetonuria', 'R82'),
('R825', 'Elevated urine levels of drug/meds/biol subst', 'R82'),
('R826', 'Abnormal urine levels of substances chiefly nonmed source', 'R82'),
('R8271', 'Bacteriuria', 'R827'),
('R8279', 'Other abnormal findings on microbiolog examination of urine', 'R827'),
('R828', 'Abnormal findings on cytolog and histolog exam of urine', 'R82'),
('R8290', 'Unspecified abnormal findings in urine', 'R829'),
('R8291', 'Other chromoabnormalities of urine', 'R829'),
('R8299', 'Other abnormal findings in urine', 'R829'),
('R830', 'Abnormal level of enzymes in cerebrospinal fluid', 'R83'),
('R831', 'Abnormal level of hormones in cerebrospinal fluid', 'R83'),
('R832', 'Abn lev drug/meds/biol subst in cerebrospinal fluid', 'R83'),
('R833', 'Abn lev substances chiefly nonmedicinal as to source in CSF', 'R83'),
('R834', 'Abnormal immunological findings in cerebrospinal fluid', 'R83'),
('R835', 'Abnormal microbiological findings in cerebrospinal fluid', 'R83'),
('R836', 'Abnormal cytological findings in cerebrospinal fluid', 'R83'),
('R838', 'Other abnormal findings in cerebrospinal fluid', 'R83'),
('R839', 'Unspecified abnormal finding in cerebrospinal fluid', 'R83'),
('R840', 'Abnormal level of enzymes in specimens from resp org/thrx', 'R84'),
('R841', 'Abnormal level of hormones in specimens from resp org/thrx', 'R84'),
('R842', 'Abn lev drug/meds/biol subst in specimens from resp org/thrx', 'R84'),
('R843', 'Abn lev substnc nonmed source in specmn from resp org/thrx', 'R84'),
('R844', 'Abnormal immunolog findings in specimens from resp org/thrx', 'R84'),
('R845', 'Abnormal microbiolog findings in specmn from resp org/thrx', 'R84'),
('R846', 'Abnormal cytolog findings in specimens from resp org/thrx', 'R84'),
('R847', 'Abnormal histolog findings in specimens from resp org/thrx', 'R84'),
('R848', 'Oth abnormal findings in specimens from resp org/thrx', 'R84'),
('R849', 'Unsp abnormal finding in specimens from resp org/thrx', 'R84'),
('R850', 'Abn lev enzymes in specimens from dgstv org/abd cav', 'R85'),
('R851', 'Abn lev hormones in specimens from dgstv org/abd cav', 'R85'),
('R852', 'Abn lev drug/meds/biol subst in specmn fr dgstv org/abd cav', 'R85'),
('R853', 'Abn lev substnc nonmed source in specmn fr dgstv org/abd cav', 'R85'),
('R854', 'Abnormal immunolog findings in specmn from dgstv org/abd cav', 'R85'),
('R855', 'Abn microbiolog findings in specmn from dgstv org/abd cav', 'R85'),
('R85610', 'Atyp squam cell of undet signfc cyto smr anus (ASC-US)', 'R8561'),
('R85611', 'Atyp squam cell not excl hi grd intrepith lesn cyto smr anus', 'R8561'),
('R85612', 'Low grade intrepith lesion cyto smr anus (LGSIL)', 'R8561'),
('R85613', 'High grade intrepith lesion cyto smr anus (HGSIL)', 'R8561'),
('R85614', 'Cytologic evidence of malignancy on smear of anus', 'R8561'),
('R85615', 'Unsatisfactory cytologic smear of anus', 'R8561'),
('R85616', 'Satisfactory anal smear but lacking transformation zone', 'R8561'),
('R85618', 'Other abnormal cytological findings on specimens from anus', 'R8561'),
('R85619', 'Unsp abnormal cytological findings in specimens from anus', 'R8561'),
('R8569', 'Abn cytolog findings in specmn from oth dgstv org/abd cav', 'R856'),
('R857', 'Abnormal histolog findings in specmn from dgstv org/abd cav', 'R85'),
('R8581', 'Anal high risk human papillomavirus (HPV) DNA test positive', 'R858'),
('R8582', 'Anal low risk human papillomavirus (HPV) DNA test positive', 'R858'),
('R8589', 'Oth abnormal findings in specimens from dgstv org/abd cav', 'R858'),
('R859', 'Unsp abnormal finding in specimens from dgstv org/abd cav', 'R85'),
('R860', 'Abn lev enzymes in specimens from male genital organs', 'R86'),
('R861', 'Abn lev hormones in specimens from male genital organs', 'R86'),
('R862', 'Abn lev drug/meds/biol subst in specmn from male gntl organs', 'R86'),
('R863', 'Abn lev substnc nonmed source in specmn from male gntl org', 'R86'),
('R864', 'Abn immunolog findings in specmn from male genital organs', 'R86'),
('R865', 'Abn microbiolog findings in specmn from male genital organs', 'R86'),
('R866', 'Abnormal cytolog findings in specmn from male genital organs', 'R86'),
('R867', 'Abn histolog findings in specmn from male genital organs', 'R86'),
('R868', 'Oth abnormal findings in specimens from male genital organs', 'R86'),
('R869', 'Unsp abnormal finding in specimens from male genital organs', 'R86'),
('R870', 'Abn lev enzymes in specimens from female genital organs', 'R87'),
('R871', 'Abn lev hormones in specimens from female genital organs', 'R87'),
('R872', 'Abn lev drug/meds/biol subst in specmn from fem gntl organs', 'R87'),
('R873', 'Abn lev substnc nonmed source in specmn from fem gntl organs', 'R87'),
('R874', 'Abn immunolog findings in specmn from female genital organs', 'R87'),
('R875', 'Abn microbiolog find in specmn from female genital organs', 'R87'),
('R87610', 'Atyp squam cell of undet signfc cyto smr crvx (ASC-US)', 'R8761'),
('R87611', 'Atyp squam cell not excl hi grd intrepith lesn cyto smr crvx', 'R8761'),
('R87612', 'Low grade intrepith lesion cyto smr crvx (LGSIL)', 'R8761'),
('R87613', 'High grade intrepith lesion cyto smr crvx (HGSIL)', 'R8761'),
('R87614', 'Cytologic evidence of malignancy on smear of cervix', 'R8761'),
('R87615', 'Unsatisfactory cytologic smear of cervix', 'R8761'),
('R87616', 'Satisfactory cervical smear but lacking transformation zone', 'R8761'),
('R87618', 'Oth abnormal cytolog findings on specimens from cervix uteri', 'R8761'),
('R87619', 'Unsp abnormal cytolog findings in specmn from cervix uteri', 'R8761'),
('R87620', 'Atyp squam cell of undet signfc cyto smr vagn (ASC-US)', 'R8762'),
('R87621', 'Atyp squam cell not excl hi grd intrepith lesn cyto smr vagn', 'R8762'),
('R87622', 'Low grade intrepith lesion cyto smr vagn (LGSIL)', 'R8762'),
('R87623', 'High grade intrepith lesion cyto smr vagn (HGSIL)', 'R8762'),
('R87624', 'Cytologic evidence of malignancy on smear of vagina', 'R8762'),
('R87625', 'Unsatisfactory cytologic smear of vagina', 'R8762'),
('R87628', 'Other abnormal cytological findings on specimens from vagina', 'R8762'),
('R87629', 'Unsp abnormal cytological findings in specimens from vagina', 'R8762'),
('R8769', 'Abn cytolog find in specmn from oth female genital organs', 'R876'),
('R877', 'Abn histolog findings in specmn from female genital organs', 'R87'),
('R87810', 'Cervical high risk HPV DNA test positive', 'R8781'),
('R87811', 'Vaginal high risk HPV DNA test positive', 'R8781'),
('R87820', 'Cervical low risk HPV DNA test positive', 'R8782'),
('R87821', 'Vaginal low risk HPV DNA test positive', 'R8782'),
('R8789', 'Oth abnormal findings in specmn from female genital organs', 'R878'),
('R879', 'Unsp abnormal finding in specmn from female genital organs', 'R87'),
('R880', 'Cloudy (hemodialysis) (peritoneal) dialysis effluent', 'R88'),
('R888', 'Abnormal findings in other body fluids and substances', 'R88'),
('R890', 'Abnormal level of enzymes in specimens from oth org/tiss', 'R89'),
('R891', 'Abnormal level of hormones in specimens from oth org/tiss', 'R89'),
('R892', 'Abn lev drug/meds/biol subst in specimens from oth org/tiss', 'R89'),
('R893', 'Abn lev substnc nonmed source in specmn from oth org/tiss', 'R89'),
('R894', 'Abnormal immunolog findings in specimens from oth org/tiss', 'R89'),
('R895', 'Abnormal microbiolog findings in specimens from oth org/tiss', 'R89'),
('R896', 'Abnormal cytological findings in specimens from oth org/tiss', 'R89'),
('R897', 'Abnormal histolog findings in specimens from oth org/tiss', 'R89'),
('R898', 'Oth abnormal findings in specimens from oth org/tiss', 'R89'),
('R899', 'Unsp abnormal finding in specimens from oth org/tiss', 'R89'),
('R900', 'Intcrn space-occupying lesion found on dx imaging of cnsl', 'R90'),
('R9081', 'Abnormal echoencephalogram', 'R908'),
('R9082', 'White matter disease, unspecified', 'R908'),
('R9089', 'Oth abnormal findings on diagnostic imaging of cnsl', 'R908'),
('R911', 'Solitary pulmonary nodule', 'R91'),
('R918', 'Other nonspecific abnormal finding of lung field', 'R91'),
('R920', 'Mammographic microcalcification found on dx imaging of brst', 'R92'),
('R921', 'Mammographic calcifcn found on diagnostic imaging of breast', 'R92'),
('R922', 'Inconclusive mammogram', 'R92'),
('R928', 'Oth abn and inconclusive findings on dx imaging of breast', 'R92'),
('R930', 'Abnormal findings on dx imaging of skull and head, NEC', 'R93'),
('R931', 'Abnormal findings on dx imaging of heart and cor circ', 'R93'),
('R932', 'Abnormal findings on dx imaging of liver and biliary tract', 'R93'),
('R933', 'Abnormal findings on dx imaging of prt digestive tract', 'R93'),
('R9341', 'Abn radlgc find on dx imaging renal pelv, ureter, or blddr', 'R934'),
('R93421', 'Abnormal radiologic findings on dx imaging of r kidney', 'R9342'),
('R93422', 'Abnormal radiologic findings on dx imaging of left kidney', 'R9342'),
('R93429', 'Abnormal radiologic findings on dx imaging of unsp kidney', 'R9342'),
('R9349', 'Abn radlgc findings on dx imaging of other urinary organs', 'R934'),
('R935', 'Abn findings on dx imaging of abd regions, inc retroperiton', 'R93'),
('R936', 'Abnormal findings on diagnostic imaging of limbs', 'R93'),
('R937', 'Abnormal findings on diagnostic imaging of prt ms sys', 'R93'),
('R938', 'Abnormal findings on diagnostic imaging of body structures', 'R93'),
('R939', 'Dx imaging inconclusive due to excess body fat of patient', 'R93'),
('R9401', 'Abnormal electroencephalogram [EEG]', 'R940'),
('R9402', 'Abnormal brain scan', 'R940'),
('R9409', 'Abnormal results of function studies of cnsl', 'R940'),
('R94110', 'Abnormal electro-oculogram [EOG]', 'R9411'),
('R94111', 'Abnormal electroretinogram [ERG]', 'R9411'),
('R94112', 'Abnormal visually evoked potential [VEP]', 'R9411'),
('R94113', 'Abnormal oculomotor study', 'R9411'),
('R94118', 'Abnormal results of other function studies of eye', 'R9411'),
('R94120', 'Abnormal auditory function study', 'R9412'),
('R94121', 'Abnormal vestibular function study', 'R9412'),
('R94128', 'Abn results of function studies of ear and oth sp senses', 'R9412'),
('R94130', 'Abnormal response to nerve stimulation, unspecified', 'R9413'),
('R94131', 'Abnormal electromyogram [EMG]', 'R9413'),
('R94138', 'Abnormal results of function studies of prph nervous sys', 'R9413'),
('R942', 'Abnormal results of pulmonary function studies', 'R94'),
('R9430', 'Abnormal result of cardiovascular function study, unsp', 'R943'),
('R9431', 'Abnormal electrocardiogram [ECG] [EKG]', 'R943'),
('R9439', 'Abnormal result of other cardiovascular function study', 'R943'),
('R944', 'Abnormal results of kidney function studies', 'R94'),
('R945', 'Abnormal results of liver function studies', 'R94'),
('R946', 'Abnormal results of thyroid function studies', 'R94'),
('R947', 'Abnormal results of other endocrine function studies', 'R94'),
('R948', 'Abnormal results of function studies of organs and systems', 'R94'),
('R970', 'Elevated carcinoembryonic antigen [CEA]', 'R97'),
('R971', 'Elevated cancer antigen 125 [CA 125]', 'R97'),
('R9720', 'Elevated prostate specific antigen [PSA]', 'R972'),
('R9721', 'Rising PSA fol treatment for malignant neoplasm of prostate', 'R972'),
('R978', 'Other abnormal tumor markers', 'R97'),
('R99', 'Ill-defined and unknown cause of mortality', DEFAULT),
('R00', 'Abnormalities of heart beat', DEFAULT),
('R01', 'Cardiac murmurs and other cardiac sounds', DEFAULT),
('R03', 'Abnormal blood-pressure reading, without diagnosis', DEFAULT),
('R04', 'Hemorrhage from respiratory passages', DEFAULT),
('R048', 'Hemorrhage from other sites in respiratory passages', 'R04'),
('R06', 'Abnormalities of breathing', DEFAULT),
('R060', 'Dyspnea', 'R06'),
('R068', 'Other abnormalities of breathing', 'R06'),
('R07', 'Pain in throat and chest', DEFAULT),
('R078', 'Other chest pain', 'R07'),
('R09', 'Other symptoms and signs involving the circulatory and respiratory system', DEFAULT),
('R090', 'Asphyxia and hypoxemia', 'R09'),
('R098', 'Other specified symptoms and signs involving the circulatory and respiratory systems', 'R09'),
('R10', 'Abdominal and pelvic pain', DEFAULT),
('R101', 'Pain localized to upper abdomen', 'R10'),
('R103', 'Pain localized to other parts of lower abdomen', 'R10'),
('R108', 'Other abdominal pain', 'R10'),
('R1081', 'Abdominal tenderness', 'R108'),
('R1082', 'Rebound abdominal tenderness', 'R108'),
('R11', 'Nausea and vomiting', DEFAULT),
('R111', 'Vomiting', 'R11'),
('R13', 'Aphagia and dysphagia', DEFAULT),
('R131', 'Dysphagia', 'R13'),
('R14', 'Flatulence and related conditions', DEFAULT),
('R15', 'Fecal incontinence', DEFAULT),
('R16', 'Hepatomegaly and splenomegaly, not elsewhere classified', DEFAULT),
('R18', 'Ascites', DEFAULT),
('R19', 'Other symptoms and signs involving the digestive system and abdomen', DEFAULT),
('R190', 'Intra-abdominal and pelvic swelling, mass and lump', 'R19'),
('R191', 'Abnormal bowel sounds', 'R19'),
('R193', 'Abdominal rigidity', 'R19'),
('R20', 'Disturbances of skin sensation', DEFAULT),
('R22', 'Localized swelling, mass and lump of skin and subcutaneous tissue', DEFAULT),
('R223', 'Localized swelling, mass and lump, upper limb', 'R22'),
('R224', 'Localized swelling, mass and lump, lower limb', 'R22'),
('R23', 'Other skin changes', DEFAULT),
('R25', 'Abnormal involuntary movements', DEFAULT),
('R26', 'Abnormalities of gait and mobility', DEFAULT),
('R268', 'Other abnormalities of gait and mobility', 'R26'),
('R27', 'Other lack of coordination', DEFAULT),
('R29', 'Other symptoms and signs involving the nervous and musculoskeletal systems', DEFAULT),
('R297', 'National Institutes of Health Stroke Scale (NIHSS) score', 'R29'),
('R2970', 'NIHSS score 0-9', 'R297'),
('R2971', 'NIHSS score 10-19', 'R297'),
('R2972', 'NIHSS score 20-29', 'R297'),
('R2973', 'NIHSS score 30-39', 'R297'),
('R2974', 'NIHSS score 40-42', 'R297'),
('R298', 'Other symptoms and signs involving the nervous and musculoskeletal systems', 'R29'),
('R2981', 'Other symptoms and signs involving the nervous system', 'R298'),
('R2989', 'Other symptoms and signs involving the musculoskeletal system', 'R298'),
('R299', 'Unspecified symptoms and signs involving the nervous and musculoskeletal systems', 'R29'),
('R30', 'Pain associated with micturition', DEFAULT),
('R31', 'Hematuria', DEFAULT),
('R312', 'Other microscopic hematuria', 'R31'),
('R33', 'Retention of urine', DEFAULT),
('R35', 'Polyuria', DEFAULT),
('R36', 'Urethral discharge', DEFAULT),
('R39', 'Other and unspecified symptoms and signs involving the genitourinary system', DEFAULT),
('R391', 'Other difficulties with micturition', 'R39'),
('R3919', 'Other difficulties with micturition', 'R391'),
('R398', 'Other symptoms and signs involving the genitourinary system', 'R39'),
('R40', 'Somnolence, stupor and coma', DEFAULT),
('R402', 'Coma', 'R40'),
('R4021', 'Coma scale, eyes open', 'R402'),
('R40211', 'Coma scale, eyes open, never', 'R4021'),
('R40212', 'Coma scale, eyes open, to pain', 'R4021'),
('R40213', 'Coma scale, eyes open, to sound', 'R4021'),
('R40214', 'Coma scale, eyes open, spontaneous', 'R4021'),
('R4022', 'Coma scale, best verbal response', 'R402'),
('R40221', 'Coma scale, best verbal response, none', 'R4022'),
('R40222', 'Coma scale, best verbal response, incomprehensible words', 'R4022'),
('R40223', 'Coma scale, best verbal response, inappropriate words', 'R4022'),
('R40224', 'Coma scale, best verbal response, confused conversation', 'R4022'),
('R40225', 'Coma scale, best verbal response, oriented', 'R4022'),
('R4023', 'Coma scale, best motor response', 'R402'),
('R40231', 'Coma scale, best motor response, none', 'R4023'),
('R40232', 'Coma scale, best motor response, extension', 'R4023'),
('R40233', 'Coma scale, best motor response, abnormal', 'R4023'),
('R40234', 'Coma scale, best motor response, flexion withdrawal', 'R4023'),
('R40235', 'Coma scale, best motor response, localizes pain', 'R4023'),
('R40236', 'Coma scale, best motor response, obeys commands', 'R4023'),
('R4024', 'Glasgow coma scale, total score', 'R402'),
('R40241', 'Glasgow coma scale score 13-15', 'R4024'),
('R40242', 'Glasgow coma scale score 9-12', 'R4024'),
('R40243', 'Glasgow coma scale score 3-8', 'R4024'),
('R40244', 'Other coma, without documented Glasgow coma scale score, or with partial score reported', 'R4024'),
('R41', 'Other symptoms and signs involving cognitive functions and awareness', DEFAULT),
('R418', 'Other symptoms and signs involving cognitive functions and awareness', 'R41'),
('R4184', 'Other specified cognitive deficit', 'R418'),
('R43', 'Disturbances of smell and taste', DEFAULT),
('R44', 'Other symptoms and signs involving general sensations and perceptions', DEFAULT),
('R45', 'Symptoms and signs involving emotional state', DEFAULT),
('R458', 'Other symptoms and signs involving emotional state', 'R45'),
('R4585', 'Homicidal and suicidal ideations', 'R458'),
('R46', 'Symptoms and signs involving appearance and behavior', DEFAULT),
('R468', 'Other symptoms and signs involving appearance and behavior', 'R46'),
('R47', 'Speech disturbances, not elsewhere classified', DEFAULT),
('R470', 'Dysphasia and aphasia', 'R47'),
('R478', 'Other speech disturbances', 'R47'),
('R48', 'Dyslexia and other symbolic dysfunctions, not elsewhere classified', DEFAULT),
('R49', 'Voice and resonance disorders', DEFAULT),
('R492', 'Hypernasality and hyponasality', 'R49'),
('R50', 'Fever of other and unknown origin', DEFAULT),
('R508', 'Other specified fever', 'R50'),
('R53', 'Malaise and fatigue', DEFAULT),
('R538', 'Other malaise and fatigue', 'R53'),
('R56', 'Convulsions, not elsewhere classified', DEFAULT),
('R560', 'Febrile convulsions', 'R56'),
('R57', 'Shock, not elsewhere classified', DEFAULT),
('R59', 'Enlarged lymph nodes', DEFAULT),
('R60', 'Edema, not elsewhere classified', DEFAULT),
('R62', 'Lack of expected normal physiological development in childhood and adults', DEFAULT),
('R625', 'Other and unspecified lack of expected normal physiological development in childhood', 'R62'),
('R63', 'Symptoms and signs concerning food and fluid intake', DEFAULT),
('R65', 'Symptoms and signs specifically associated with systemic inflammation and infection', DEFAULT),
('R651', 'Systemic inflammatory response syndrome (SIRS) of non-infectious origin', 'R65'),
('R652', 'Severe sepsis', 'R65'),
('R68', 'Other general symptoms and signs', DEFAULT),
('R681', 'Nonspecific symptoms peculiar to infancy', 'R68'),
('R688', 'Other general symptoms and signs', 'R68'),
('R70', 'Elevated erythrocyte sedimentation rate and abnormality of plasma viscosity', DEFAULT),
('R71', 'Abnormality of red blood cells', DEFAULT),
('R73', 'Elevated blood glucose level', DEFAULT),
('R730', 'Abnormal glucose', 'R73'),
('R74', 'Abnormal serum enzyme levels', DEFAULT),
('R76', 'Other abnormal immunological findings in serum', DEFAULT),
('R761', 'Nonspecific reaction to test for tuberculosis', 'R76'),
('R77', 'Other abnormalities of plasma proteins', DEFAULT),
('R78', 'Findings of drugs and other substances, not normally found in blood', DEFAULT),
('R787', 'Finding of abnormal level of heavy metals in blood', 'R78'),
('R788', 'Finding of other specified substances, not normally found in blood', 'R78'),
('R79', 'Other abnormal findings of blood chemistry', DEFAULT),
('R798', 'Other specified abnormal findings of blood chemistry', 'R79'),
('R80', 'Proteinuria', DEFAULT),
('R82', 'Other and unspecified abnormal findings in urine', DEFAULT),
('R827', 'Abnormal findings on microbiological examination of urine', 'R82'),
('R829', 'Other and unspecified abnormal findings in urine', 'R82'),
('R83', 'Abnormal findings in cerebrospinal fluid', DEFAULT),
('R84', 'Abnormal findings in specimens from respiratory organs and thorax', DEFAULT),
('R85', 'Abnormal findings in specimens from digestive organs and abdominal cavity', DEFAULT),
('R856', 'Abnormal cytological findings in specimens from digestive organs and abdominal cavity', 'R85'),
('R8561', 'Abnormal cytologic smear of anus', 'R856'),
('R858', 'Other abnormal findings in specimens from digestive organs and abdominal cavity', 'R85'),
('R86', 'Abnormal findings in specimens from male genital organs', DEFAULT),
('R87', 'Abnormal findings in specimens from female genital organs', DEFAULT),
('R876', 'Abnormal cytological findings in specimens from female genital organs', 'R87'),
('R8761', 'Abnormal cytological findings in specimens from cervix uteri', 'R876'),
('R8762', 'Abnormal cytological findings in specimens from vagina', 'R876'),
('R878', 'Other abnormal findings in specimens from female genital organs', 'R87'),
('R8781', 'High risk human papillomavirus (HPV) DNA test positive from female genital organs', 'R878'),
('R8782', 'Low risk human papillomavirus (HPV) DNA test positive from female genital organs', 'R878'),
('R88', 'Abnormal findings in other body fluids and substances', DEFAULT),
('R89', 'Abnormal findings in specimens from other organs, systems and tissues', DEFAULT),
('R90', 'Abnormal findings on diagnostic imaging of central nervous system', DEFAULT),
('R908', 'Other abnormal findings on diagnostic imaging of central nervous system', 'R90'),
('R91', 'Abnormal findings on diagnostic imaging of lung', DEFAULT),
('R92', 'Abnormal and inconclusive findings on diagnostic imaging of breast', DEFAULT),
('R93', 'Abnormal findings on diagnostic imaging of other body structures', DEFAULT),
('R934', 'Abnormal findings on diagnostic imaging of urinary organs', 'R93'),
('R9342', 'Abnormal radiologic findings on diagnostic imaging of kidney', 'R934'),
('R94', 'Abnormal results of function studies', DEFAULT),
('R940', 'Abnormal results of function studies of central nervous system', 'R94'),
('R941', 'Abnormal results of function studies of peripheral nervous system and special senses', 'R94'),
('R9411', 'Abnormal results of function studies of eye', 'R941'),
('R9412', 'Abnormal results of function studies of ear and other special senses', 'R941'),
('R9413', 'Abnormal results of function studies of peripheral nervous system', 'R941'),
('R943', 'Abnormal results of cardiovascular function studies', 'R94'),
('R97', 'Abnormal tumor markers', DEFAULT),
('R972', 'Elevated prostate specific antigen [PSA]', 'R97');
/* INSERT DATA INTO `tests` TABLE */
INSERT INTO tests (test_id, test_name) VALUES
(1, 'visualize global mindshare'),
(2, 'evolve next-generation content'),
(3, 'facilitate dynamic markets'),
(4, 'facilitate global vortals'),
(5, 'repurpose efficient models'),
(6, 'syndicate open-source niches'),
(7, 'productize intuitive bandwidth'),
(8, 'exploit granular platforms'),
(9, 'deliver back-end schemas'),
(10, 'unleash wireless metrics'),
(11, 'grow next-generation web services'),
(12, 'leverage next-generation channels'),
(13, 'innovate one-to-one applications'),
(14, 'revolutionize one-to-one ROI'),
(15, 'extend compelling technologies'),
(16, 'innovate mission-critical methodologies'),
(17, 'engineer cutting-edge portals'),
(18, 'empower one-to-one functionalities'),
(19, 'seize intuitive synergies'),
(20, 'integrate value-added channels'),
(21, 'matrix 24/7 e-markets'),
(22, 'synergize compelling web-readiness'),
(23, 'harness global infrastructures'),
(24, 'scale impactful experiences'),
(25, 'benchmark magnetic markets'),
(26, 'architect transparent web-readiness'),
(27, 'streamline wireless channels'),
(28, 'engage seamless e-markets'),
(29, 'strategize leading-edge systems'),
(30, 'matrix B2B schemas'),
(31, 'productize end-to-end experiences'),
(32, 'architect frictionless infrastructures'),
(33, 'maximize collaborative technologies'),
(34, 'empower dot-com e-tailers'),
(35, 'strategize value-added functionalities'),
(36, 'cultivate scalable deliverables'),
(37, 'revolutionize innovative synergies'),
(38, 'whiteboard front-end eyeballs'),
(39, 'revolutionize B2B mindshare'),
(40, 'enable one-to-one supply-chains');
/* INSERT DATA INTO `specialized_labs` TABLE */
INSERT INTO specialized_labs (address, lab_id, phone_number) VALUES
('8811 Gonzales Trail Suite 878\nStonebury, SD 52878', 1, '5259115347'),
('USCGC Morales\nFPO AA 98009', 2, '521.220.6911x84945'),
('9380 Terri Port Suite 052\nJosephfort, MT 00671', 3, '+1-978-538-0655x80391'),
('759 Good Port\nNew Russell, MN 50437', 4, '+1-375-207-8264x9730'),
('289 Patricia Mission Suite 329\nCatherineland, NM 28064', 5, '334-389-5739x5925'),
('476 Allison Summit Suite 010\nTonyaview, VA 73741', 6, '648-356-5003x3928'),
('300 Madison Stream\nChristophershire, MO 93533', 7, '486.753.1118x098'),
('7429 Harris Dale\nDicksonburgh, OR 02754', 8, '(998)344-2293'),
('27808 Herring Skyway Apt. 757\nLake Dana, TX 93233', 9, '(872)419-4930x239'),
('61918 Jennifer Mount\nSouth Jose, ND 26070', 10, '157.458.9434');
/* INSERT DATA INTO `accepted_tests` TABLE */
INSERT INTO accepted_tests (lab_id, test_id) VALUES
(1, 40),
(1, 21),
(1, 7),
(2, 26),
(3, 5),
(3, 35),
(3, 11),
(4, 2),
(4, 31),
(4, 40),
(5, 12),
(6, 28),
(6, 19),
(7, 25),
(7, 28),
(7, 32),
(8, 9),
(9, 5),
(9, 8),
(10, 29),
(10, 19);
/* INSERT DATA INTO `referrable_doctors` TABLE */
INSERT INTO referrable_doctors (name, phone_number, ref_doctor_id, specialization) VALUES
('Jessica Swanson', '(027)142-8397x5292', 1, 'Neurosurgery'),
('Jessica Figueroa', '(278)620-4791', 2, 'Colorectal Surgery'),
('Maria Garcia', '800.917.4948', 3, 'Otolaryngology / Head & Neck Surgery'),
('Carla Garrett', '001-827-303-2922x9921', 4, 'Pediatrics'),
('Brandon Dean', '001-496-012-7055x46604', 5, 'Pathology: Surgical & Anatomic'),
('Christy Davis', '837.504.6988', 6, 'Electrophysiology'),
('Michelle Baldwin', '(341)743-4415x2706', 7, 'Pain Management'),
('Jillian Welch', '967.998.3204x16437', 8, 'Hepatobiliary'),
('Deborah Powell', '420.354.1064x5935', 9, 'Pediatric Surgery'),
('Timothy Hayden', '577.256.6659', 10, 'Colorectal Surgery');
/* INSERT DATA INTO `pharmacies` TABLE */
INSERT INTO pharmacies (pharmacy_address, pharmacy_name) VALUES
('147 Bennett Center\nMarissafurt, VA 50826', 'Martinez, Mckinney and Weaver'),
('9789 Clark Ford\nFritzville, MO 16439', 'Nunez, Curry and Jackson'),
('96618 Alicia Forge\nDavisville, DC 79641', 'Pierce PLC'),
('647 Michael Trafficway Apt. 037\nNew Evelyn, AL 19289', 'Chavez Inc'),
('5419 Margaret Land Apt. 326\nPort Andrew, FL 68291', 'Wood, Byrd and Wilson');
/* INSERT DATA INTO `patients` TABLE */
INSERT INTO patients (address, birthday, email, gender, name, patient_id, phone_number, ssn) VALUES
('578 Michael Island\nNew Thomas, NC 34644', '2010-11-14', 'montgomeryjohn@example.net', 'Male', 'Thomas Moon', 1, '(604)876-4759x3824', '723-78-2408'),
('583 Wallace Ranch\nStewartbury, HI 25324', '2010-01-16', 'kaisernancy@example.com', 'Male', 'Amanda Zavala', 2, '(097)535-1393x3287', '112-39-9032'),
('59179 Bruce Gardens Apt. 413\nLauramouth, AR 13687', '2012-07-01', 'pattylawrence@example.com', 'Genderfluid', 'Savannah Robinson', 3, '122-018-6848', '594-36-7383'),
('086 Mary Cliff\nNorth Deborah, NE 24135', '2018-10-17', 'leetara@example.net', 'Female', 'John Carlson', 4, '+1-891-013-9916x1510', '127-62-3451'),
('564 Ann Bridge Suite 150\nDennisfort, RI 38233', '2018-08-24', 'awade@example.com', 'Genderfluid', 'Leslie Mcclain', 5, '(345)792-3022x5841', '698-53-9325'),
('027 Jonathon Estate Suite 878\nNorth Troyport, NH 07035', '2012-04-15', 'rgray@example.net', 'Male', 'Sheri Burnett', 6, '(466)109-3523', '896-54-0517'),
('7142 Wilson Drives\nMelissaton, IL 89760', '2010-07-07', 'morganramirez@example.org', 'Female', 'Ernest Richardson', 7, '+1-120-665-0300x8913', '103-61-6500'),
('42294 Foster Plaza\nWest Danny, IA 06826', '2013-06-11', 'taylorjoseph@example.com', 'Male', 'Scott Chandler', 8, '9776582369', '809-48-1536'),
('30601 Hawkins Highway\nMorashire, TX 28976', '2013-08-17', 'jessica22@example.net', 'Male', 'Jacob Hinton', 9, '461-187-7551x71760', '579-49-1425'),
('219 Hernandez Lodge Suite 875\nBoltonborough, RI 29176', '2019-05-25', 'shealaura@example.net', 'Male', 'Michael Burgess', 10, '001-263-511-0873x17643', '150-14-3244'),
('8688 Audrey Springs Apt. 634\nPetersenfort, WY 51431', '2012-04-27', 'billysmith@example.com', 'Male', 'Cynthia Hancock', 11, '082-492-6947x11801', '339-21-2439'),
('07627 Emily Drive Suite 609\nHugheston, NJ 20341', '2021-08-19', 'ycruz@example.org', 'Male', 'Kyle Anderson', 12, '2489451744', '168-83-2087'),
('67537 Clarke Club\nNorth Toddtown, TN 75114', '2013-07-14', 'susanhughes@example.com', 'Genderfluid', 'Cindy Davis', 13, '001-853-671-0979x519', '764-88-1992'),
('5415 David Square\nWest Michaeltown, IN 48447', '2010-03-07', 'uayala@example.org', 'Male', 'Steven Clark', 14, '+1-886-841-2696x1161', '811-58-7063'),
('89426 Sonya Unions\nWest William, WV 24610', '2008-12-19', 'michaelkennedy@example.com', 'Male', 'Jason Williams', 15, '+1-104-509-3227x17542', '304-71-5358'),
('65735 Farley Course Apt. 141\nPort Jacqueline, HI 55774', '2015-09-04', 'dana13@example.com', 'Transgender', 'David Chavez', 16, '6112648629', '648-48-8671'),
('73864 David Skyway Apt. 046\nWallaceview, LA 99489', '2008-08-16', 'kennethmack@example.net', 'Male', 'Christina Miller', 17, '(571)734-0797', '309-70-9981'),
('221 Patrick Ramp Suite 284\nCrystalchester, NJ 64576', '2018-04-04', 'amandajenkins@example.net', 'Male', 'Emily Pearson', 18, '485-183-2164x482', '557-52-4565'),
('94316 Moran Lights\nWest Robert, TX 57552', '2008-08-07', 'blake90@example.com', 'Male', 'Timothy Hernandez', 19, '270-930-5760x8116', '895-82-4793'),
('94918 Wise Knoll\nEllishaven, SD 72221', '2011-12-20', 'bullockarthur@example.net', 'Female', 'Taylor Carpenter', 20, '275.667.6337', '087-24-5958'),
('155 Barry Glens\nNew Bradleystad, IL 69250', '2009-07-29', 'mbecker@example.com', 'Female', 'Ryan King', 21, '001-735-400-0250x402', '572-29-7434'),
('12637 Lisa Points\nWilliamsburgh, NM 29343', '2020-10-26', 'zwilliams@example.com', 'Male', 'Seth Michael', 22, '486-475-3048x1077', '506-59-7211'),
('886 David Rue\nDavidshire, IN 88959', '2008-10-09', 'mendezjennifer@example.org', 'Female', 'Kimberly Campbell', 23, '(184)983-4789x78443', '751-54-4076'),
('81237 Joe Curve\nPort Patrick, OR 17873', '2010-10-29', 'tranmark@example.net', 'Genderfluid', 'Stephanie Rodriguez', 24, '184.535.7492', '651-04-2128'),
('7345 Kevin Knolls\nLake Crystalstad, NM 82791', '2010-10-30', 'uwarner@example.com', 'Transgender', 'David Smith', 25, '957.740.3827x78514', '394-08-3419'),
('6208 Christy Shore\nNorth Mark, HI 32848', '2008-08-27', 'imacdonald@example.net', 'Female', 'Tina Kemp', 26, '105-623-7625x42566', '824-95-7581'),
('654 Blackburn Bridge\nAlyssaport, NJ 05079', '2008-12-15', 'crawfordmichael@example.net', 'Female', 'Laura Baker', 27, '+1-821-691-9729x90456', '155-59-3870'),
('25090 Stephanie Lake Suite 457\nBurkeburgh, WY 18950', '2021-06-19', 'paul43@example.org', 'Male', 'Jessica Peterson', 28, '616.570.0404x943', '580-43-3976'),
('8885 Lee Tunnel Suite 208\nPort Donna, OK 50851', '2010-05-13', 'rfischer@example.com', 'Female', 'Travis Hoffman', 29, '001-749-318-6428x2129', '292-02-7024'),
('27166 King Throughway\nChelsealand, AK 65056', '2011-08-23', 'cmiller@example.org', 'Male', 'David Farmer', 30, '+1-305-823-5703x934', '762-92-7368');
/* INSERT DATA INTO `relatives` TABLE */
INSERT INTO relatives (additional_notes, patient_id, relative_id, relative_type) VALUES
('Time agree everybody. After level pattern side collection cold team.', 25, 1, 'father'),
('Without finish weight theory. Discussion would arrive teacher where close democratic. Team middle model pick.', 12, 2, 'great-grandmother'),
('Discuss our five purpose everything. Thought whatever over structure. Blue since long economic.', 9, 3, 'great-grandmother'),
('System involve require region. Feel wear official area agency. Speech lawyer west particularly everything former.', 15, 4, 'mother'),
('Mr statement best child full describe. Right phone effect themselves action.', 29, 5, 'grandfather'),
(DEFAULT, 18, 6, 'brother'),
(DEFAULT, 28, 7, 'aunt'),
(DEFAULT, 2, 8, 'brother'),
('Reveal structure chair same. Test when general everything center wind.', 29, 9, 'aunt'),
('Trial other night somebody process analysis. Know rich medical carry music. Until new enter message reason.', 30, 10, 'great-grandfather'),
('Cover feel debate. About into nearly water realize.', 8, 11, 'grandmother'),
('Themselves especially husband government choice. Foreign professor will themselves. Everything writer mean series nothing nothing.', 27, 12, 'brother'),
('Claim contain discuss bad discussion. Institution seek certainly explain space final.', 22, 13, 'uncle'),
(DEFAULT, 13, 14, 'sister'),
('Both purpose ready become leader difference. And big probably tax financial scientist sign attention. Itself customer daughter start quality if list claim.', 16, 15, 'father'),
(DEFAULT, 29, 16, 'sister'),
('There floor run bag should partner lay cover. Quality information citizen without Mrs such job. Ability wide attention fact level never view people.', 28, 17, 'uncle'),
('Goal position sing loss guess either not. Career professor experience ball role their once should. Wear southern lot consider stay throughout itself.', 8, 18, 'grandmother'),
('Another institution whose.', 3, 19, 'grandmother'),
('Others bring wait community paper attack edge. Just writer citizen sport. Political traditional probably article last.', 5, 20, 'brother');
/* INSERT DATA INTO `relative_conditions` TABLE */
INSERT INTO relative_conditions (icd_code, relative_id) VALUES
('R6884', 1),
('R29711', 2),
('R29705', 3),
('R012', 3),
('R749', 4),
('R1031', 4),
('R83', 5),
('R632', 6),
('R843', 7),
('R0603', 8),
('R29709', 8),
('R635', 9),
('R40225', 9),
('R7881', 10),
('R297', 10),
('R402434', 11),
('R771', 12),
('R468', 12),
('R1314', 13),
('R491', 14),
('R785', 15),
('R784', 15),
('R10811', 16),
('R5382', 17),
('R40211', 18),
('R632', 18),
('R87614', 19),
('R402234', 19),
('R40244', 20);
/* INSERT DATA INTO `insurance_providers` TABLE */
INSERT INTO insurance_providers (in_network, insurance_name, policy_number, provider_id) VALUES
(True, 'Highland Sons Mutual', '42073', 1),
(True, 'World Market', '57472', 2),
(True, 'Liberty Truth Medical', '55966', 3),
(True, 'World Market', '84933', 4),
(True, 'Purple Shield', '48282', 5),
(True, 'HealthMark', '88754', 6),
(True, 'Liberty Truth Medical', '78034', 7),
(True, 'Highland Sons Mutual', '10391', 8),
(True, 'Health World', '32925', 9),
(True, 'Liberty Truth Medical', '00092', 10),
(True, 'Purple Shield', '67551', 11),
(True, 'World Market', '10209', 12),
(True, 'Liberty Truth Medical', '53635', 13),
(True, 'Purple Shield', '72998', 14),
(True, 'HealthMark', '30069', 15);
/* INSERT DATA INTO `insurance_covers` TABLE */
INSERT INTO insurance_covers (group_number, member_id, patient_id, policy_holder_name, provider_id) VALUES
('012959', 'HMA274205454', 28, 'Jessica Peterson', 9),
('605459', 'RFN008292122', 23, 'Kimberly Campbell', 4),
('238292', 'LSI551955163', 19, 'Kevin Smith', 3),
('472665', 'LIO159989192', 3, 'Savannah Robinson', 1),
('263329', 'IVL524257155', 25, 'David Smith', 7),
('106493', 'NSZ969305207', 25, 'David Smith', 10),
('422518', 'MMB093697796', 25, 'David Smith', 13),
('758349', 'ZYK729632407', 25, 'David Smith', 5),
('396249', 'XHA724350496', 6, 'Sheri Burnett', 2),
('665424', 'AXT326975792', 27, 'Laura Baker', 8),
('638461', 'BXX469373277', 9, 'Jacob Hinton', 6),
('201249', 'SSZ422342253', 8, 'Scott Chandler', 6),
('884188', 'KWT420495164', 1, 'Thomas Moon', 1),
('194852', 'NNV056975931', 5, 'Leslie Mcclain', 8),
('811983', 'ZSM026505589', 11, 'Cynthia Hancock', 7),
('163511', 'NSW586201053', 7, 'Ernest Richardson', 11),
('638195', 'AQI243236633', 27, 'Laura Baker', 11),
('461015', 'SVD548379390', 2, 'Amanda Zavala', 6),
('532320', 'MPE194134911', 14, 'Steven Clark', 1),
('524177', 'GTD907788363', 12, 'Kyle Anderson', 15),
('462298', 'MLN747372939', 26, 'Tina Kemp', 4),
('495050', 'GMH139594047', 26, 'Tina Kemp', 12),
('086164', 'OKU098000694', 10, 'Michael Burgess', 9),
('803996', 'UDS050051908', 21, 'Ryan King', 1),
('308871', 'TIM112128337', 14, 'Steven Clark', 11),
('493808', 'VPN267133126', 8, 'Scott Chandler', 15),
('965831', 'PVO627920469', 21, 'Ryan King', 3),
('561977', 'HIQ136825367', 21, 'Ryan King', 9),
('206656', 'GAT121844066', 23, 'Kimberly Campbell', 9);
/* INSERT DATA INTO `immunizations` TABLE */
INSERT INTO immunizations (immunization_id, immunization_type) VALUES
(1, 'Pertussis'),
(2, 'Pertussis'),
(3, 'Mumps'),
(4, 'Rubella'),
(5, 'Hepatitis B'),
(6, 'Pertussis'),
(7, 'Human papillomavirus'),
(8, 'Diphtheria'),
(9, 'Diphtheria'),
(10, 'Tetanus');
/* INSERT DATA INTO `immunized_patients` TABLE */
INSERT INTO immunized_patients (immun_id, patient_id) VALUES
(7, 3),
(8, 9),
(2, 18),
(9, 25),
(4, 25),
(9, 22),
(6, 12),
(6, 6),
(5, 12),
(9, 28),
(7, 22),
(1, 25),
(8, 23),
(3, 17),
(6, 13),
(3, 8),
(1, 30),
(8, 19),
(8, 14),
(5, 8),
(2, 3),
(1, 1),
(1, 19),
(2, 11),
(4, 23),
(1, 8),
(10, 15),
(9, 3),
(1, 18),
(8, 1),
(9, 26),
(6, 30),
(7, 4),
(2, 28),
(2, 29),
(8, 12),
(9, 11),
(10, 19),
(7, 18),
(6, 2),
(5, 20),
(9, 6),
(5, 17),
(8, 16),
(7, 30),
(5, 1),
(3, 16),
(4, 27),
(5, 3),
(9, 20),
(2, 14),
(3, 25),
(4, 26),
(2, 5),
(2, 17),
(6, 27),
(1, 29),
(8, 22),
(5, 25),
(4, 6),
(3, 26),
(9, 14),
(5, 2),
(2, 27),
(8, 25),
(7, 12),
(5, 19),
(6, 29),
(4, 24);
/* INSERT DATA INTO `employees` TABLE */
INSERT INTO employees (address, birthday, dea_number, email, emp_id, gender, medical_license_number, name, phone_number, role, salary, ssn) VALUES
('50562 Russell Divide Apt. 648\nEast Davidberg, NJ 92947', '2009-03-14', 'BW1824345', 'knightmichael@example.org', 1, 'Genderfluid', 'GP6259', 'Pamela Williams', '001-609-759-2945x06782', 'Physician General Practitioner', 25310462, '072-25-1816'),
('278 Amy View Suite 011\nLawsonshire, MA 50054', '2013-11-13', DEFAULT, 'leekrystal@example.net', 2, 'Male', DEFAULT, 'Victoria Hensley', '001-448-727-8209x280', 'Orderly', 1690635, '245-59-8557'),
('497 White Motorway Suite 361\nColetown, AK 23712', '2009-05-19', 'MD4081155', 'michaelconley@example.org', 3, 'Male', 'PA7710', 'Michael Prince', '(205)930-6046', 'Physician Assistant', 12528999, '419-07-7221'),
('3267 Walter Dam\nCunninghamtown, OR 01239', '2012-08-14', 'BN9922606', 'sonya76@example.org', 4, 'Male', 'GP8000', 'Michelle Jackson', '028.400.6528x2222', 'Physician General Practitioner', 21424467, '232-31-4614'),
('PSC 3769, Box 1448\nAPO AA 71586', '2015-06-06', 'BT6066617', 'tammy66@example.org', 5, 'Male', 'GP6180', 'Logan Wells', '001-532-583-8612', 'Physician General Practitioner', 21395053, '483-49-3687'),
('6048 Johnson Loop Suite 635\nEast Daniel, GA 04593', '2014-07-30', 'BL3230827', 'wmccoy@example.org', 6, 'Female', 'GP8822', 'James Jones', '225.762.9481x552', 'Physician General Practitioner', 23137495, '201-33-2899'),
('1220 Heidi Rue Apt. 998\nWest Haleyburgh, CO 05222', '2013-09-07', 'BU2881820', 'nicoleriddle@example.com', 7, 'Female', 'GP5947', 'Steven Roth', '+1-451-642-5858x268', 'Physician General Practitioner', 23593847, '400-61-8382'),
('707 Joseph Parkways\nPiercefurt, KS 24227', '2015-02-05', 'ME8147314', 'nicolecunningham@example.com', 8, 'Female', 'RN1176', 'Jackson Turner', '(869)376-4092', 'Nurse', 9232930, '822-12-9638'),
('4307 Arroyo Pass Suite 114\nPerezstad, WV 19568', '2010-04-25', DEFAULT, 'xhansen@example.com', 9, 'Female', DEFAULT, 'Timothy Newton', '(120)298-3006x897', 'Orderly', 3873125, '894-13-0085'),
('3166 Palmer Port Apt. 684\nHallhaven, AL 12545', '2013-04-23', DEFAULT, 'castillokelly@example.com', 10, 'Genderfluid', DEFAULT, 'James Dodson', '(921)658-7355x6456', 'Receptionist', 1907935, '158-45-3991'),
('73089 Jones Fall\nEast Sarah, NJ 00549', '2008-12-21', DEFAULT, 'stephaniesmith@example.net', 11, 'Female', DEFAULT, 'James Cannon', '001-061-435-2125', 'Orderly', 1739517, '005-17-1909'),
('68818 Heather Mountains Apt. 877\nSouth Amy, MT 33850', '2010-04-02', 'BH7086736', 'andrew29@example.net', 12, 'Genderfluid', 'RN3576', 'Karl Rogers', '001-555-729-8141', 'Nurse', 9206764, '140-49-3393'),
('3673 Peter Turnpike Suite 835\nNew Sandra, PA 76875', '2013-08-05', 'ME9583000', 'shaheric@example.org', 13, 'Nonbinary', 'PA9703', 'Mark Williamson', '772-374-5792x813', 'Physician Assistant', 10294968, '343-80-2628'),
('23126 Zimmerman Fords Suite 006\nNorth Melissa, OK 54423', '2011-04-09', 'BY1970369', 'angela57@example.com', 14, 'Female', 'PA7468', 'Madeline Yu', '793.186.4573', 'Physician Assistant', 12096806, '450-85-5203'),
('02599 Brown Pine Suite 656\nNorth Ryanberg, FL 04580', '2016-02-06', DEFAULT, 'natalie36@example.com', 15, 'Male', DEFAULT, 'Jeffrey Johnson', '(410)390-9852x741', 'Receptionist', 2468293, '764-65-5567'),
('192 Johnson Ville\nWest Colin, VT 28939', '2008-11-12', DEFAULT, 'martin51@example.net', 16, 'Female', DEFAULT, 'Melissa Hayden MD', '(459)388-0588x027', 'Receptionist', 4422724, '575-54-1109'),
('1243 Grimes Corners\nShawchester, CO 78301', '2008-07-01', DEFAULT, 'kellermark@example.net', 17, 'Male', DEFAULT, 'Yesenia Thompson', '(458)337-5248', 'Receptionist', 7150828, '801-42-0576'),
('USCGC Preston\nFPO AP 16607', '2010-11-15', DEFAULT, 'carla66@example.com', 18, 'Female', DEFAULT, 'Christopher Williams', '001-400-041-5584x038', 'Receptionist', 4718714, '597-29-4153'),
('85332 Lauren Turnpike\nEast Andrea, ND 04072', '2015-07-14', 'BF8407306', 'rosevincent@example.com', 19, 'Nonbinary', 'RN8292', 'Sean Bowen', '3141227058', 'Nurse', 7441353, '414-56-7713'),
('93300 Heather Gateway\nMckinneyberg, SC 67306', '2012-08-17', DEFAULT, 'rcole@example.com', 20, 'Male', DEFAULT, 'Kyle Bell', '(863)688-7121x8010', 'Orderly', 5708987, '354-85-6493');
/* INSERT DATA INTO `referrals` TABLE */
INSERT INTO referrals (emp_id, patient_id, ref_doctor_id, ref_id) VALUES
(3, 21, 9, 1),
(9, 24, 6, 2),
(2, 8, 9, 3),
(7, 22, 8, 4),
(7, 10, 7, 5),
(4, 3, 5, 6),
(3, 14, 10, 7),
(1, 19, 9, 8),
(13, 9, 7, 9),
(13, 5, 7, 10),
(20, 27, 8, 11),
(2, 26, 1, 12),
(19, 20, 10, 13),
(5, 26, 2, 14),
(9, 4, 2, 15);
/* INSERT DATA INTO `prescriptions` TABLE */
INSERT INTO prescriptions (dose, drug_name, emp_id, instructions, patient_id, pharmacy_address, prescription_date, prescription_id, quantity, refills) VALUES
('433 mg/mL', 'Atorvastatin', 18, 'Wrong pick structure wrong figure continue food. Glass loss increase organization decide. Present spend make garden social man. Any manager political keep attack behavior security movement. Perhaps such those position wrong. Quickly wind include allow must point.', 12, '9789 Clark Ford\nFritzville, MO 16439', TIMESTAMP '2014-07-09 15:50:39', 1, 79, 4),
('242 mg/mL', 'Atorvastatin', 7, 'Method movie painting then rate. If near energy fund later role change. Adult prepare son particular economy evening same trouble.', 27, '647 Michael Trafficway Apt. 037\nNew Evelyn, AL 19289', TIMESTAMP '2012-04-14 23:43:15', 2, 152, 3),
('128 mcg', 'Gabapentin', 15, DEFAULT, 16, '147 Bennett Center\nMarissafurt, VA 50826', TIMESTAMP '2012-08-15 04:20:20', 3, 42, 7),
('420 g', 'Omeprazole', 14, 'As his seven stock. Decade high clear ready past trade believe worry. Despite approach beautiful late find. Every quality he under body phone. Hard movement similar certainly little talk.', 18, '647 Michael Trafficway Apt. 037\nNew Evelyn, AL 19289', TIMESTAMP '2015-01-14 00:50:52', 4, 70, 3),
('410 g', 'Furosemide', 13, 'Check election reality population. Under rock next week scientist recognize so. Risk agent dark sound again professor operation next.', 28, '147 Bennett Center\nMarissafurt, VA 50826', TIMESTAMP '2010-04-14 11:32:30', 5, 90, 2),
('214 g', 'Lisinopril', 19, 'Piece time on expert. Light within better those ability serve least. Event artist later someone management pressure feeling. Charge or put upon rather claim also. Good from glass type structure so magazine.', 18, '147 Bennett Center\nMarissafurt, VA 50826', TIMESTAMP '2018-10-06 18:36:50', 6, 87, 3),
('456 mg', 'Escitalopram', 16, 'Mrs budget standard very night federal. Pass he training one. Social production consider state.', 14, '9789 Clark Ford\nFritzville, MO 16439', TIMESTAMP '2012-04-21 00:50:48', 7, 132, 7),
('322 mg', 'Simvastatin', 17, 'Daughter indicate scientist offer issue long civil. Since amount suggest. Bit mind race born. Summer country toward claim. Budget television message different. Arrive body modern bit no responsibility peace.', 6, '5419 Margaret Land Apt. 326\nPort Andrew, FL 68291', TIMESTAMP '2008-08-26 13:14:20', 8, 87, 5),
('481 mg/mL', 'Amlodipine', 9, 'North development everything candidate rule manager forget. Draw seat true listen art. Participant affect better answer. Change treatment figure.', 6, '647 Michael Trafficway Apt. 037\nNew Evelyn, AL 19289', TIMESTAMP '2019-10-26 08:04:22', 9, 66, 2),
('297 mg/mL', 'Albuterol', 18, 'Ever pull research man former. Price summer or. Keep really language account early use strategy. Smile media send water happen debate. Firm person black because song. Reveal movement event current cost later despite training.', 16, '9789 Clark Ford\nFritzville, MO 16439', TIMESTAMP '2010-02-01 01:46:36', 10, 6, 6),
('95 mg', 'Furosemide', 15, 'Relate require item field. Card board during training decision. Site tend staff name material. Religious base service stand measure.', 2, '147 Bennett Center\nMarissafurt, VA 50826', TIMESTAMP '2012-04-09 03:08:30', 11, 141, 5),
('103 mg/mL', 'Metoprolol', 7, 'Name ability population number campaign or. Recent type rest name. Unit difficult matter police anyone. Wind radio less must cut style. Foot yard make.', 16, '9789 Clark Ford\nFritzville, MO 16439', TIMESTAMP '2009-09-26 09:40:50', 12, 116, 7),
('395 mg/mL', 'Fluticasone', 9, 'Different admit break Republican. Face fight face region go program address. Too this want. Beat yourself find available. Start wonder space particular. Walk four stop part agency stock window safe.', 27, '5419 Margaret Land Apt. 326\nPort Andrew, FL 68291', TIMESTAMP '2020-11-18 08:49:30', 13, 157, 4),
('439 mg', 'Simvastatin', 5, 'Color couple apply ahead thought side. Degree federal other activity I you easy. Partner seek up. Street stuff rock foreign. Maybe significant mention detail enough suddenly.', 12, '96618 Alicia Forge\nDavisville, DC 79641', TIMESTAMP '2018-04-20 01:51:21', 14, 75, 3),
('132 mcg', 'Gabapentin', 18, 'Event help born baby culture. Range statement step ever. Practice yes kind kid peace sing. Simple know garden say pass. Unit send strategy against value. Value institution wait maybe before.', 26, '147 Bennett Center\nMarissafurt, VA 50826', TIMESTAMP '2013-07-09 11:36:32', 15, 145, 4),
('453 mg', 'Pantoprazole', 8, 'He listen professor difficult player last drive. Who dinner alone body front. Generation option lead increase discuss health. Box range forget our rule father whether. Factor down learn weight main fly conference. Bit data guy think condition source discuss.', 23, '647 Michael Trafficway Apt. 037\nNew Evelyn, AL 19289', TIMESTAMP '2011-10-17 06:40:04', 16, 120, 4),
('390 mg', 'Rosuvastatin', 8, 'Especially phone a various week car. A rich open person explain product civil. Vote wrong market though technology there question. Build decision determine choice middle fill.', 25, '647 Michael Trafficway Apt. 037\nNew Evelyn, AL 19289', TIMESTAMP '2013-07-06 03:04:10', 17, 132, 6),
('107 mcg', 'Albuterol', 8, 'Development involve everyone design possible left car. Heavy important decision past eight miss. Probably office another. Our company address edge compare stand evening whom.', 11, '5419 Margaret Land Apt. 326\nPort Andrew, FL 68291', TIMESTAMP '2020-07-18 02:45:58', 18, 88, 7),
('54 mg/mL', 'Gabapentin', 12, DEFAULT, 19, '5419 Margaret Land Apt. 326\nPort Andrew, FL 68291', TIMESTAMP '2014-02-12 21:19:06', 19, 101, 6),
('473 mcg', 'Albuterol', 6, 'Finish later would challenge notice same. Laugh such carry field movement. Game quickly use friend attack guy address. Carry eight think sort. Class game may television sense.', 20, '5419 Margaret Land Apt. 326\nPort Andrew, FL 68291', TIMESTAMP '2018-07-13 01:29:37', 20, 178, 2),
('343 mcg', 'Levothyroxine', 17, 'Light data language his few dinner. Road social perform run firm best character. Manager conference least money lose. Draw culture all.', 3, '647 Michael Trafficway Apt. 037\nNew Evelyn, AL 19289', TIMESTAMP '2014-06-09 19:52:28', 21, 132, 7),
('492 g', 'Pantoprazole', 14, 'Player thought ready majority peace. Open size behind section rather check. Happen thousand agency nice probably international fact.', 6, '5419 Margaret Land Apt. 326\nPort Andrew, FL 68291', TIMESTAMP '2013-12-20 13:50:28', 22, 80, 5),
('393 mcg', 'Pantoprazole', 16, 'Small force bank worker finish now. Second thing few similar. Support road development might focus need statement catch. Thing stage stage choice enough very right. Such quickly fall third former watch.', 21, '647 Michael Trafficway Apt. 037\nNew Evelyn, AL 19289', TIMESTAMP '2019-07-05 06:45:03', 23, 16, 4),
('440 mg', 'Albuterol', 2, 'What discuss campaign financial. Knowledge resource much. Talk beat support down wide leader indicate. News analysis throughout every husband certain. Politics toward people tell them.', 22, '9789 Clark Ford\nFritzville, MO 16439', TIMESTAMP '2021-06-03 11:10:49', 24, 162, 6),
('343 mg', 'Amlodipine', 8, 'Draw boy as. Court child from. Treatment bank operation fire some but for. Yet family represent soon. Blue well expect law. Senior practice say behavior indeed marriage.', 2, '96618 Alicia Forge\nDavisville, DC 79641', TIMESTAMP '2017-04-10 21:56:42', 25, 38, 3),
('357 mcg', 'Hydrocodone', 5, DEFAULT, 15, '9789 Clark Ford\nFritzville, MO 16439', TIMESTAMP '2010-02-01 18:44:35', 26, 139, 0),
('80 mcg', 'Atorvastatin', 4, 'Mean eight campaign former. Scene hotel above expect. Until federal part manager film approach admit.', 15, '9789 Clark Ford\nFritzville, MO 16439', TIMESTAMP '2020-09-25 20:45:58', 27, 124, 5),
('340 mg', 'Metoprolol', 7, 'Physical development Republican mean. Far such thus long whom occur. Degree question above democratic scientist film. Almost itself impact fund can.', 13, '147 Bennett Center\nMarissafurt, VA 50826', TIMESTAMP '2009-12-24 06:02:11', 28, 32, 3),
('171 mg', 'Metoprolol', 18, 'Body rich budget help way pass air. Course risk meeting activity. Close of enough fact other.', 23, '147 Bennett Center\nMarissafurt, VA 50826', TIMESTAMP '2011-07-29 15:46:39', 29, 16, 2),
('203 g', 'Furosemide', 8, 'Certain choose own father budget election magazine. Especially question new too few. Despite myself black hot business hair.', 30, '9789 Clark Ford\nFritzville, MO 16439', TIMESTAMP '2019-03-24 22:53:44', 30, 154, 1),
('290 mcg', 'Rosuvastatin', 2, 'Response ground responsibility. Job animal right man their event. White him child by attention among than hair.', 1, '5419 Margaret Land Apt. 326\nPort Andrew, FL 68291', TIMESTAMP '2016-06-11 14:33:26', 31, 167, 0),
('207 mg', 'Montelukast', 17, DEFAULT, 28, '96618 Alicia Forge\nDavisville, DC 79641', TIMESTAMP '2020-01-14 20:34:03', 32, 52, 5),
('338 mg/mL', 'Furosemide', 16, 'Open player expert player need ok much election. Ball financial field its able daughter take. Actually parent middle best score. Rule until rich risk him decision.', 23, '96618 Alicia Forge\nDavisville, DC 79641', TIMESTAMP '2008-08-17 17:10:32', 33, 99, 6),
('320 mg/mL', 'Levothyroxine', 11, 'Detail free remember hard fine base garden soon. Pm think include how participant. Too especially personal can expect. Water another dream four. Bring reason PM event wait describe four blood.', 12, '147 Bennett Center\nMarissafurt, VA 50826', TIMESTAMP '2016-11-02 07:31:42', 34, 27, 1),
('217 g', 'Hydrocodone', 1, 'Idea beat myself remember. Tax year you region list. Hear truth thing store forget.', 8, '5419 Margaret Land Apt. 326\nPort Andrew, FL 68291', TIMESTAMP '2012-11-25 23:19:33', 35, 79, 2),
('151 mg/mL', 'Albuterol', 4, 'Provide upon summer during. Country growth entire carry account western know. Find physical state condition where often clear. Kitchen tax throw provide suffer list. Along public join every.', 18, '147 Bennett Center\nMarissafurt, VA 50826', TIMESTAMP '2018-07-23 21:54:11', 36, 26, 6),
('46 g', 'Pantoprazole', 8, 'List finish unit bar blood away east. Kid three let poor understand condition. Such raise coach read church lose. Best city best represent.', 17, '5419 Margaret Land Apt. 326\nPort Andrew, FL 68291', TIMESTAMP '2014-02-21 09:06:35', 37, 115, 6),
('60 g', 'Levothyroxine', 9, 'Project trial debate line news especially since hundred. Father music high far. Recent eye again space body friend central. Bill social sure.', 29, '147 Bennett Center\nMarissafurt, VA 50826', TIMESTAMP '2016-06-18 19:24:10', 38, 177, 4),
('221 g', 'Gabapentin', 7, 'Official might officer lot draw pick. Expert best consider economy sit example blood. Above yet officer fish. Entire prepare into. Color range crime our.', 30, '147 Bennett Center\nMarissafurt, VA 50826', TIMESTAMP '2011-07-21 22:10:00', 39, 36, 5),
('2 mcg', 'Levothyroxine', 16, DEFAULT, 24, '5419 Margaret Land Apt. 326\nPort Andrew, FL 68291', TIMESTAMP '2020-03-07 11:45:09', 40, 14, 1),
('48 g', 'Levothyroxine', 20, 'Interview tend drive region unit new TV law. Who approach share peace notice. Wall imagine story middle weight total baby. Start college wall civil in step guess. Institution individual deal imagine indicate region different leave.', 27, '147 Bennett Center\nMarissafurt, VA 50826', TIMESTAMP '2008-08-31 17:01:17', 41, 127, 3),
('271 mg', 'Escitalopram', 9, 'Plant off to several test morning article. Reduce still thousand season. Behind number alone join. Member want affect can. Base capital significant seat traditional.', 21, '9789 Clark Ford\nFritzville, MO 16439', TIMESTAMP '2014-06-20 13:39:28', 42, 122, 5),
('405 mcg', 'Lisinopril', 4, DEFAULT, 24, '647 Michael Trafficway Apt. 037\nNew Evelyn, AL 19289', TIMESTAMP '2018-02-16 22:28:54', 43, 53, 7),
('116 mg/mL', 'Lisinopril', 10, 'Economic both magazine mean represent too. It tree onto situation star. Nice about easy. Hand since become black reflect win while home. Author vote Republican century discussion. Improve good save return father they hear very.', 17, '96618 Alicia Forge\nDavisville, DC 79641', TIMESTAMP '2012-08-19 14:11:49', 44, 134, 2),
('338 mcg', 'Albuterol', 3, 'Style fish future property. Face station career. Relationship no decade. Usually direction campaign Congress push modern young.', 22, '647 Michael Trafficway Apt. 037\nNew Evelyn, AL 19289', TIMESTAMP '2010-12-10 05:57:10', 45, 106, 6),
('22 mg/mL', 'Atorvastatin', 10, 'Him local sing money buy leg still. Low approach case reflect world visit. Lead probably base open scene today. Wall significant debate front.', 14, '9789 Clark Ford\nFritzville, MO 16439', TIMESTAMP '2014-03-06 08:45:03', 46, 154, 2),
('202 mcg', 'Pantoprazole', 9, 'Machine admit culture culture final might before. Hotel community two back better our authority hotel. Area parent may sing live.', 28, '647 Michael Trafficway Apt. 037\nNew Evelyn, AL 19289', TIMESTAMP '2017-10-03 07:07:03', 47, 143, 3),
('52 g', 'Hydrochlorothiazide', 20, 'Process almost give line. You work each scene control standard. Close every just least democratic stand record produce. Bar last generation across.', 28, '147 Bennett Center\nMarissafurt, VA 50826', TIMESTAMP '2011-10-26 17:36:27', 48, 166, 4),
('128 mg', 'Sertraline', 8, 'Already employee grow ok physical who establish. Game good fish money fight region. Another everything those whose choose. Listen western treatment early wait agency change should.', 30, '147 Bennett Center\nMarissafurt, VA 50826', TIMESTAMP '2013-02-21 01:10:53', 49, 180, 0),
('454 g', 'Amlodipine', 3, 'Nor range statement religious. Region over return their down adult. Fire minute decade enough. Wind specific general must their. Professional identify stand positive record wide.', 8, '9789 Clark Ford\nFritzville, MO 16439', TIMESTAMP '2009-12-11 20:23:19', 50, 104, 4),
('468 mcg', 'Hydrochlorothiazide', 19, 'Defense brother foot administration meet. Child loss our. Professional enough accept stay much think.', 7, '5419 Margaret Land Apt. 326\nPort Andrew, FL 68291', TIMESTAMP '2013-01-22 15:01:41', 51, 118, 7),
('483 mg', 'Hydrochlorothiazide', 15, 'Factor camera agree direction service ask behavior. Author somebody car boy defense. Situation war way happy. Moment price site wrong. Simply research matter ever stock.', 19, '147 Bennett Center\nMarissafurt, VA 50826', TIMESTAMP '2012-01-31 15:18:48', 52, 8, 6),
('409 mg/mL', 'Fluoxetine', 14, 'Station ability suffer professional tough adult. Sister relationship plan your participant sit I. Other set meet civil. Decade gun see individual. School about television power. Would author pressure allow general.', 12, '647 Michael Trafficway Apt. 037\nNew Evelyn, AL 19289', TIMESTAMP '2018-01-06 18:28:17', 53, 180, 3),
('423 mg/mL', 'Pantoprazole', 7, 'Home employee month fund cell change. Before training human bit finish center. Measure use education too nor book.', 12, '5419 Margaret Land Apt. 326\nPort Andrew, FL 68291', TIMESTAMP '2016-07-17 05:33:07', 54, 112, 1),
('444 mcg', 'Lisinopril', 5, 'Personal network nature cost red list. Safe growth range quality several red decision. Relate fire marriage performance. Along various century energy reduce old.', 24, '5419 Margaret Land Apt. 326\nPort Andrew, FL 68291', TIMESTAMP '2016-05-06 01:01:02', 55, 81, 4),
('379 g', 'Metformin', 15, 'Fly oil smile know board stuff. Forward none sure will five. Blood whose marriage kid several scientist relate. Strategy physical campaign store middle once news develop. Impact plant conference and perform entire matter. Man interview three.', 21, '147 Bennett Center\nMarissafurt, VA 50826', TIMESTAMP '2012-10-06 02:06:34', 56, 153, 3),
('421 mg/mL', 'Pantoprazole', 6, 'Pretty live whether every also will. Direction democratic political population. Suffer myself direction message age hand conference. Listen certain thus hair seven work. Certainly worker receive production maintain. Result nothing college thought time peace.', 26, '9789 Clark Ford\nFritzville, MO 16439', TIMESTAMP '2011-06-01 07:08:42', 57, 11, 7),
('382 mg/mL', 'Escitalopram', 13, 'Central then prepare fight crime water. She determine action who special factor spend. Would wind method gun. Skill middle theory ok exactly wish. Someone west their free. Soldier run what general.', 25, '147 Bennett Center\nMarissafurt, VA 50826', TIMESTAMP '2019-02-20 06:49:03', 58, 105, 5),
('127 mg', 'Escitalopram', 2, 'Second reach leg bring accept employee. Grow make free month. Big person conference type start if. Arm participant government. Fact past present fine fear big watch.', 15, '647 Michael Trafficway Apt. 037\nNew Evelyn, AL 19289', TIMESTAMP '2016-11-24 00:43:00', 59, 165, 6),
('236 mg/mL', 'Levothyroxine', 9, 'Health particular more. Day society him film. Information south write. Leader often image crime night environment point fine.', 4, '96618 Alicia Forge\nDavisville, DC 79641', TIMESTAMP '2018-09-18 07:57:51', 60, 180, 4),
('402 mg/mL', 'Fluoxetine', 13, 'Reality decade probably. Meet news economic make require score. Seven card safe significant first. Wish raise report.', 13, '9789 Clark Ford\nFritzville, MO 16439', TIMESTAMP '2014-11-17 10:53:49', 61, 180, 1),
('239 mg', 'Amlodipine', 12, 'Figure hope partner mission whatever light fight adult. Part language travel option writer. Risk painting camera film leave military. Film leader edge clearly voice. Until American need outside who respond plant.', 24, '5419 Margaret Land Apt. 326\nPort Andrew, FL 68291', TIMESTAMP '2013-01-20 15:19:16', 62, 97, 4),
('304 g', 'Atorvastatin', 13, 'Better court name among hold official. Call newspaper get newspaper ready. Pretty second mind start class. Ever such able. Everybody think American several theory.', 12, '96618 Alicia Forge\nDavisville, DC 79641', TIMESTAMP '2019-01-13 12:27:48', 63, 162, 0),
('313 mg', 'Levothyroxine', 5, 'Politics town recent blue politics firm phone. Mouth dog magazine particularly. It message meeting free. Method know not prepare important.', 26, '5419 Margaret Land Apt. 326\nPort Andrew, FL 68291', TIMESTAMP '2009-11-12 11:44:44', 64, 51, 2),
('281 mg', 'Sertraline', 10, 'East mind weight sell. Wait occur first test senior area third. Matter physical identify garden piece sign. Behavior game including all TV imagine common.', 12, '647 Michael Trafficway Apt. 037\nNew Evelyn, AL 19289', TIMESTAMP '2016-06-06 06:21:17', 65, 76, 0),
('183 mg', 'Hydrocodone', 2, DEFAULT, 25, '147 Bennett Center\nMarissafurt, VA 50826', TIMESTAMP '2017-09-28 23:32:08', 66, 62, 3),
('453 mg', 'Lisinopril', 2, 'This purpose wrong provide blue. Soldier around through realize season small long. Its someone point daughter nice. Decade attack child. Current sister what.', 23, '147 Bennett Center\nMarissafurt, VA 50826', TIMESTAMP '2020-07-06 09:12:19', 67, 64, 2),
('403 mg/mL', 'Fluticasone', 5, DEFAULT, 21, '147 Bennett Center\nMarissafurt, VA 50826', TIMESTAMP '2016-05-08 01:42:38', 68, 170, 0),
('140 mg', 'Furosemide', 13, DEFAULT, 1, '9789 Clark Ford\nFritzville, MO 16439', TIMESTAMP '2020-11-28 18:39:49', 69, 103, 7),
('443 mcg', 'Amlodipine', 16, 'Food study hit. State huge his participant. Science find west include environment president station. Stuff safe glass PM since loss. Notice play green understand media each.', 28, '647 Michael Trafficway Apt. 037\nNew Evelyn, AL 19289', TIMESTAMP '2014-08-30 03:56:27', 70, 125, 1),
('159 g', 'Omeprazole', 12, 'Camera drug partner daughter wind. Today matter partner necessary that adult reveal. Reach direction baby drop. Notice practice should size center pretty.', 12, '5419 Margaret Land Apt. 326\nPort Andrew, FL 68291', TIMESTAMP '2012-11-27 10:26:33', 71, 64, 6),
('237 g', 'Fluoxetine', 8, 'Natural indicate early quality meet. Test operation development trip. Sure seat model report manage. Writer air her key hear remember similar.', 3, '147 Bennett Center\nMarissafurt, VA 50826', TIMESTAMP '2020-10-29 20:33:53', 72, 147, 4),
('278 g', 'Losartan', 1, 'Safe about response. Successful government other situation reflect new. Citizen house each black. Third situation customer every.', 1, '96618 Alicia Forge\nDavisville, DC 79641', TIMESTAMP '2018-08-25 19:41:57', 73, 72, 5),
('156 mg', 'Losartan', 14, 'Whom free smile notice customer bring. Education which important visit article audience story. Poor force again central mean. Question week along change determine send task. Attention agreement able. Would professional gun describe nature often smile.', 26, '5419 Margaret Land Apt. 326\nPort Andrew, FL 68291', TIMESTAMP '2021-05-16 18:53:18', 74, 58, 2),
('17 mcg', 'Gabapentin', 18, 'Unit gas personal wish article. First Mr another travel administration continue author. Quickly network network dream determine action why. Too laugh door.', 13, '647 Michael Trafficway Apt. 037\nNew Evelyn, AL 19289', TIMESTAMP '2016-07-14 20:33:36', 75, 79, 7),
('448 g', 'Metformin', 1, 'Service drive attack safe low product. Wear fall view energy defense. Discuss according structure follow attention. Research late manager. Nor even common over next. Message west take black impact.', 18, '9789 Clark Ford\nFritzville, MO 16439', TIMESTAMP '2014-11-28 04:29:56', 76, 171, 6),
('397 g', 'Furosemide', 13, 'Large important word effect six too trip. Most new oil special success fish hundred. Require along speech food seat actually actually. Dark deal among position onto control. Myself industry billion various themselves character international.', 30, '5419 Margaret Land Apt. 326\nPort Andrew, FL 68291', TIMESTAMP '2008-08-13 06:59:55', 77, 17, 4),
('302 mg/mL', 'Sertraline', 7, 'Decision off sell require parent. Support data happen try gun national minute. Water exist page school another sell.', 29, '147 Bennett Center\nMarissafurt, VA 50826', TIMESTAMP '2015-02-13 13:33:31', 78, 46, 5),
('330 mg/mL', 'Furosemide', 9, 'Number moment against purpose market east. Former opportunity article alone kid important risk. Others beautiful adult effort support.', 19, '9789 Clark Ford\nFritzville, MO 16439', TIMESTAMP '2010-04-16 15:23:28', 79, 167, 3),
('441 g', 'Omeprazole', 15, 'Should think stay special behavior the. Take body suggest ten. History floor very mother report finally raise. College me fast bit hope. Ball stop enough decade raise issue. Begin phone long scientist agent authority.', 22, '9789 Clark Ford\nFritzville, MO 16439', TIMESTAMP '2019-07-29 11:53:12', 80, 137, 3),
('59 g', 'Gabapentin', 9, 'Reduce office decide which. Charge lead music see business. Million both decision room. Television church above research job successful.', 20, '96618 Alicia Forge\nDavisville, DC 79641', TIMESTAMP '2009-04-10 16:00:32', 81, 173, 6),
('39 mg/mL', 'Albuterol', 11, DEFAULT, 13, '96618 Alicia Forge\nDavisville, DC 79641', TIMESTAMP '2012-05-27 13:42:33', 82, 144, 2),
('373 mg/mL', 'Hydrocodone', 14, 'Democrat one could usually beyond. To whose return war address guy. Detail tell hospital also billion reality land.', 4, '147 Bennett Center\nMarissafurt, VA 50826', TIMESTAMP '2014-09-29 18:22:58', 83, 177, 0),
('462 mcg', 'Albuterol', 14, 'Response prepare finish nothing share toward. Couple image understand others baby. Development view seat eye anyone. Artist hot work southern sometimes bill both after. Affect himself need.', 7, '147 Bennett Center\nMarissafurt, VA 50826', TIMESTAMP '2019-01-17 17:58:49', 84, 160, 4),
('251 mg', 'Fluticasone', 10, 'Day door sit authority probably design. Tough task much region give. Action home order indicate force charge design decide.', 9, '647 Michael Trafficway Apt. 037\nNew Evelyn, AL 19289', TIMESTAMP '2015-04-03 00:34:50', 85, 37, 1),
('394 g', 'Metoprolol', 11, 'Theory increase concern pressure season. Push first crime onto star board. No pick worry score federal song onto gun. From opportunity wife travel well give easy. Customer though for strategy various wall.', 7, '5419 Margaret Land Apt. 326\nPort Andrew, FL 68291', TIMESTAMP '2014-11-13 13:18:12', 86, 126, 0),
('324 mg', 'Losartan', 13, 'Whatever ten far available baby cause. Build assume each argue no from technology away. Sense stock story glass.', 28, '147 Bennett Center\nMarissafurt, VA 50826', TIMESTAMP '2012-12-03 19:17:51', 87, 146, 1),
('336 g', 'Furosemide', 1, 'Far glass him. Effort actually skin enter fight worry. Easy charge beat trouble. Front pass source project family always address. Film product international industry. Ready politics order indeed group now bill know.', 7, '5419 Margaret Land Apt. 326\nPort Andrew, FL 68291', TIMESTAMP '2015-09-29 15:13:00', 88, 122, 3),
('55 g', 'Metformin', 1, 'Owner nothing course claim up behavior. Hand social some man maybe. Garden family relate. Only example international cover reason drive position.', 8, '96618 Alicia Forge\nDavisville, DC 79641', TIMESTAMP '2019-08-02 18:00:27', 89, 112, 7),
('214 mg', 'Omeprazole', 10, 'Oil professor help business. Address social clear market. Fall cover character president defense. Check event administration end.', 21, '647 Michael Trafficway Apt. 037\nNew Evelyn, AL 19289', TIMESTAMP '2019-04-03 14:25:14', 90, 6, 3),
('226 mcg', 'Lisinopril', 15, DEFAULT, 30, '147 Bennett Center\nMarissafurt, VA 50826', TIMESTAMP '2012-07-25 16:14:38', 91, 162, 6),
('277 mg', 'Hydrocodone', 20, 'Nothing at poor glass beautiful. All buy or box. Tonight yet most walk. Career including control reason amount figure customer. Just mind mother building walk.', 20, '9789 Clark Ford\nFritzville, MO 16439', TIMESTAMP '2008-09-18 13:30:58', 92, 165, 5),
('363 mg/mL', 'Albuterol', 11, 'Kind leave five share mission rock. Low even investment cultural responsibility bag. That his hotel require country wish. Amount maybe figure off reason watch argue. Necessary food owner identify.', 9, '96618 Alicia Forge\nDavisville, DC 79641', TIMESTAMP '2012-05-19 17:16:10', 93, 48, 0),
('248 g', 'Albuterol', 14, 'Series development sit situation. Produce if prove but strong key program because. Deep accept old. Congress help cut threat.', 25, '96618 Alicia Forge\nDavisville, DC 79641', TIMESTAMP '2020-10-30 08:48:55', 94, 85, 2),
('22 mcg', 'Fluoxetine', 19, 'Everybody especially our impact. Base feel Mrs protect. Red month truth follow particular author. Look think off whatever not nor leg. Southern name nature order story argue page important. Deal follow join opportunity writer manager statement.', 5, '5419 Margaret Land Apt. 326\nPort Andrew, FL 68291', TIMESTAMP '2018-03-19 08:05:39', 95, 136, 0),
('449 mg/mL', 'Metformin', 2, DEFAULT, 20, '96618 Alicia Forge\nDavisville, DC 79641', TIMESTAMP '2013-05-01 15:35:53', 96, 72, 2),
('17 mcg', 'Albuterol', 3, 'Push protect huge wall house himself. Art director herself true common. Meeting half wait agreement available. Majority science between myself.', 15, '5419 Margaret Land Apt. 326\nPort Andrew, FL 68291', TIMESTAMP '2010-03-01 06:38:23', 97, 178, 6),
('187 mg/mL', 'Pantoprazole', 10, 'Trial deal material interview. Article level yet would magazine author history. Difference impact management practice. Building result interesting second here cell writer. Town end realize fire. Usually detail image vote.', 23, '5419 Margaret Land Apt. 326\nPort Andrew, FL 68291', TIMESTAMP '2008-08-15 10:42:34', 98, 134, 0),
('219 mg', 'Lisinopril', 12, 'And rich attack serve court realize rest. Scene set although identify only hope about movie. Likely area economy social fast eat. Wife despite work year third. Language indeed bring account candidate. Southern contain near nature.', 15, '5419 Margaret Land Apt. 326\nPort Andrew, FL 68291', TIMESTAMP '2011-11-03 16:09:06', 99, 153, 6),
('102 mcg', 'Hydrocodone', 7, 'Sit interesting television money student near then understand. Report nearly help them response seat. Success list campaign happen.', 19, '9789 Clark Ford\nFritzville, MO 16439', TIMESTAMP '2015-07-11 09:22:47', 100, 123, 1);
/* INSERT DATA INTO `immunized_employees` TABLE */
INSERT INTO immunized_employees (emp_id, immun_id) VALUES
(16, 1),
(19, 6),
(4, 9),
(6, 5),
(2, 8),
(4, 1),
(18, 1),
(12, 4),
(18, 2),
(9, 5),
(9, 7),
(5, 2),
(12, 2),
(17, 9),
(2, 2),
(2, 1),
(7, 2),
(10, 7),
(20, 8),
(9, 2),
(9, 10),
(8, 7),
(1, 5),
(6, 2),
(11, 6),
(19, 8),
(7, 6),
(10, 2),
(13, 9),
(3, 1),
(1, 1),
(15, 7),
(8, 4),
(1, 2),
(3, 2),
(8, 3),
(6, 9),
(16, 7),
(1, 6),
(2, 7),
(15, 6),
(12, 9),
(17, 2),
(5, 5),
(16, 9),
(18, 10),
(1, 7),
(16, 4),
(18, 4),
(16, 3),
(7, 4),
(3, 7),
(13, 5),
(1, 3),
(16, 8),
(4, 7),
(9, 1),
(16, 5),
(14, 4),
(20, 10),
(11, 8),
(17, 1),
(19, 9),
(14, 7),
(15, 3),
(8, 2);
/* INSERT DATA INTO `archived_files` TABLE */
INSERT INTO archived_files (emp_id, file_id, file_name, patient_id, s3_id) VALUES
(8, 1, 'wife.flac', 5, '38625239-ca32-4081-8aa9-70f0a3f01dcd'),
(12, 2, 'respond.json', 21, '3064f0fc-7fc0-41bd-b46d-43983144088a'),
(16, 3, 'debate.avi', 12, '8bf83124-4091-45a8-aeca-d5f5447dc5a8'),
(19, 4, 'especially.avi', 6, '9db02d92-9f14-4ca2-ba81-db5e92c56f2e'),
(8, 5, 'source.tiff', 15, '072c511b-3f4c-49fc-bc92-6c46aede20d5'),
(17, 6, 'produce.docx', 28, 'eb43f541-fb4e-4524-bb11-568ff1ebce9b'),
(7, 7, 'management.csv', 19, 'b60a6384-70d1-46d3-88be-e994081434b9'),
(20, 8, 'through.gif', 1, 'b7309855-d7c9-4d5e-8a5c-48749fc3cfc8'),
(5, 9, 'into.tiff', 22, '3df2a81b-a4e1-45dd-9843-bb4401650350'),
(17, 10, 'Mrs.csv', 12, '82e02823-b040-43a1-8a90-fbbbc72d2b32'),
(16, 11, 'sister.txt', 26, '7d31df96-8684-488a-9a46-58f9d0cd64e2'),
(16, 12, 'strategy.flac', 26, 'ca06a574-3f1b-43ad-a165-89247f73b70e'),
(16, 13, 'myself.flac', 8, 'aa63a546-4c5f-4152-a098-054e77e398e6'),
(1, 14, 'show.wav', 10, 'aa7fc4cd-a908-4744-bc56-b9dcb432df57'),
(4, 15, 'relationship.mp4', 22, '232aabb1-47e9-4726-8a51-f91354cd927e'),
(3, 16, 'Mrs.mp4', 25, '8626d37d-6121-4f84-8661-be705005341f'),
(6, 17, 'position.json', 17, '1a1636ce-12ae-47a8-89d1-d42494296b68'),
(9, 18, 'yet.html', 7, 'c018b89f-cb7a-4f7a-b69f-36d9bfa2bd08'),
(4, 19, 'those.flac', 23, '958ef526-841a-4762-a0d5-e8218327f24c'),
(10, 20, 'go.png', 20, '74c9118f-d7ee-43d7-ad91-1405e567e67c'),
(6, 21, 'information.ppt', 30, 'bb70815a-c58d-476f-bbdd-4130be7c18ea'),
(6, 22, 'week.mp3', 1, 'be8145d9-4164-48c7-ba3b-8d148df54a24'),
(15, 23, 'career.gif', 8, 'f80a2fd2-5d87-46b2-a63d-256f274ae2b3'),
(9, 24, 'her.txt', 20, '40b7dbc2-e82a-4d22-b46b-456ac40c8da3'),
(2, 25, 'anything.pdf', 25, '5a019401-53f2-4d68-b164-775dfddadf24'),
(14, 26, 'her.avi', 23, '37b84200-2207-48f5-a2ab-5123047286ac'),
(12, 27, 'last.mp3', 19, '14836831-313d-4798-bb5c-ac482bec0b51'),
(11, 28, 'gas.json', 2, 'd8621586-58ac-4b37-934c-7ac7427b3842'),
(8, 29, 'represent.jpg', 3, 'f278d163-d312-4e5c-bea3-351de7ab1597'),
(13, 30, 'season.wav', 10, 'c945291e-2654-44db-be50-807bd7bbf3e9');
/* INSERT DATA INTO `appointments` TABLE */
INSERT INTO appointments (app_id, blood_pressure, date, height, notes, patient_id, room_number, temperature, weight) VALUES
(1, '151/83', TIMESTAMP '2022-02-28 22:29:31', 69.19, 'Exist message list table scene. General simple cost develop left. Head perform walk. Put again big role stand.', 4, 16, 96.08, 131.57),
(2, '157/81', TIMESTAMP '2022-04-16 07:40:15', 50.99, 'Activity note attention yeah process rest. If everything bad age local season school. Culture far share.', 3, 12, 100.14, 252.07),
(3, '137/92', TIMESTAMP '2022-02-27 18:40:53', 51.93, 'Herself population seven sign executive will. A itself eye magazine human station truth. Research wind yard street only over.', 25, 13, 96.39, 301.51),
(4, '133/97', TIMESTAMP '2022-04-16 21:11:30', 55.1, 'Assume dinner former heavy person. Consumer through theory simply. Wall allow power condition.', 4, 9, 96.37, 283.28),
(5, '135/71', TIMESTAMP '2022-04-14 13:16:46', 63.21, 'Citizen to produce list run safe figure. Allow star forward leave art practice.', 1, 13, 105.58, 165.52),
(6, '119/95', TIMESTAMP '2022-03-23 16:30:13', 61.33, 'Hard far around almost.', 25, 14, 96.68, 376.07),
(7, '101/90', TIMESTAMP '2022-04-16 07:12:38', 67.57, DEFAULT, 26, 19, 96.2, 284.29),
(8, '89/64', TIMESTAMP '2022-02-19 03:40:43', 69.83, 'Bag list teacher would road collection. Catch head sure memory. Phone when room network.', 12, 3, 98.02, 270.48),
(9, '127/93', TIMESTAMP '2022-04-14 12:31:55', 66.85, 'Not before painting sure whom. Wall measure again ability election.', 15, 12, 101.72, 371.92),
(10, '97/71', TIMESTAMP '2022-04-15 18:14:54', 64.69, 'Stage the common prevent spend. Customer plan maybe manager place fly.', 12, 20, 100.84, 108.22),
(11, '125/85', TIMESTAMP '2022-04-16 00:52:50', 78.72, 'Allow forward hour whom inside establish. Turn another wonder reveal. Possible account question dinner write usually.', 22, 7, 103.75, 323.92),
(12, '112/83', TIMESTAMP '2022-04-16 11:43:51', 74.68, 'The particular available expect really. Election air parent. Commercial identify on stand trip all.', 13, 5, 102.34, 375.79),
(13, '138/94', TIMESTAMP '2022-01-06 11:28:49', 67.79, 'Sign admit hair look. Reveal safe PM too right. Top his outside project us pass management serious.', 21, 6, 105.62, 287.21),
(14, '128/88', TIMESTAMP '2022-04-15 03:56:48', 72.1, 'Red citizen notice feeling. Better child computer either.', 9, 13, 102.43, 343.01),
(15, '148/87', TIMESTAMP '2022-01-31 04:50:27', 53.6, 'Heart message matter position water. Instead room seven reveal whole.', 6, 10, 102.05, 231.86),
(16, '83/61', TIMESTAMP '2022-03-14 20:30:22', 74.29, 'Model new run tonight official south senior. Green film at best small law campaign value. Suffer team word major western education.', 9, 8, 105.48, 232.63),
(17, '85/83', TIMESTAMP '2022-04-14 04:16:55', 57.91, DEFAULT, 4, 7, 104.13, 374.38),
(18, '96/92', TIMESTAMP '2022-02-04 13:32:52', 51.92, 'Likely off anything pick none none ball.', 21, 9, 99.4, 116.09),
(19, '127/62', TIMESTAMP '2022-03-05 13:25:05', 76.45, 'You half side price little. Plan before talk want it manage.', 11, 14, 102.24, 178.85),
(20, '134/100', TIMESTAMP '2022-04-14 05:27:57', 58.03, 'Fact special gas class wish relate. Market best only know fish. Produce clear various production.', 30, 6, 104.09, 324.42),
(21, '121/80', TIMESTAMP '2022-04-14 01:28:46', 75.68, 'College newspaper little drive. Time to black her become less production.', 1, 12, 104.64, 172.2),
(22, '99/100', TIMESTAMP '2021-06-19 17:45:10', 62.12, 'Oil describe section few stay top most. Shake phone positive idea throughout.', 11, 3, 104.92, 109.51),
(23, '107/100', TIMESTAMP '2022-03-27 20:03:04', 77.04, DEFAULT, 11, 2, 99.58, 241.64),
(24, '122/93', TIMESTAMP '2022-04-15 16:13:15', 73.66, 'Compare difficult discuss call share its. Seem building care door natural produce.', 26, 2, 99.02, 210.03),
(25, '141/92', TIMESTAMP '2022-04-14 01:16:46', 76.34, 'True even matter remember body keep body lay. No none say heart information part full. Yeah certain return suddenly wish loss. Ability no affect catch.', 8, 20, 103.74, 395.37),
(26, '119/72', TIMESTAMP '2022-02-16 16:07:32', 70.26, DEFAULT, 27, 10, 103.58, 322.76),
(27, '129/93', TIMESTAMP '2022-04-15 10:52:46', 79.53, 'Others development account. Scene increase simple as player use through. Seek third since laugh model make.', 18, 11, 104.96, 274.47),
(28, '136/94', TIMESTAMP '2022-03-31 12:46:19', 70.12, DEFAULT, 8, 9, 105.3, 179.59),
(29, '107/89', TIMESTAMP '2021-06-26 08:38:49', 62.1, DEFAULT, 6, 0, 103.39, 318.4),
(30, '104/70', TIMESTAMP '2022-02-01 13:59:35', 77.76, 'Clearly take product building view its contain. Middle reflect yes. Third option chair decide.', 14, 15, 96.78, 276.1),
(31, '128/91', TIMESTAMP '2022-03-21 20:50:13', 67.2, DEFAULT, 1, 3, 101.22, 111.45),
(32, '136/98', TIMESTAMP '2022-01-28 22:27:40', 54.21, 'Concern reach every put. Knowledge report national senior.', 1, 18, 104.4, 164.7),
(33, '123/87', TIMESTAMP '2021-05-13 07:53:38', 74.07, DEFAULT, 10, 6, 105.26, 361.93),
(34, '157/91', TIMESTAMP '2022-04-14 06:52:36', 61.51, 'Within night want according. Personal task same yourself front season suddenly really. Standard even exist identify agency toward.', 7, 15, 103.15, 167.99),
(35, '122/79', TIMESTAMP '2022-02-06 22:58:24', 64.68, DEFAULT, 17, 9, 100.45, 270.25),
(36, '83/79', TIMESTAMP '2021-07-20 23:42:14', 78.56, 'Ten mention laugh spring move single. Start fund reality no work collection.', 16, 13, 104.07, 350.96),
(37, '105/90', TIMESTAMP '2022-03-07 04:00:25', 71.53, 'Form great education training see we.', 10, 3, 104.45, 396.63),
(38, '108/90', TIMESTAMP '2022-04-16 08:22:26', 74.59, DEFAULT, 3, 13, 103.3, 74.9),
(39, '107/96', TIMESTAMP '2022-04-11 10:06:54', 74.02, DEFAULT, 17, 10, 97.77, 185.13),
(40, '125/84', TIMESTAMP '2022-04-16 12:16:15', 74.35, DEFAULT, 9, 3, 103.11, 120.94),
(41, '83/64', TIMESTAMP '2022-02-04 23:19:23', 77.8, 'Movie democratic score world respond. Significant specific city paper. Answer where simply degree article available possible order.', 2, 12, 100.12, 341.68),
(42, '146/78', TIMESTAMP '2022-04-15 02:26:21', 79.76, 'This per pretty. Society oil activity include audience white step. Star feel chance although address politics.', 28, 6, 96.88, 259.71),
(43, '135/74', TIMESTAMP '2022-04-12 03:31:51', 67.11, 'Lawyer attack simply protect something camera himself. Safe prepare blue tend.', 4, 0, 98.94, 340.89),
(44, '101/84', TIMESTAMP '2022-01-28 06:03:14', 59.57, 'Other question indeed message picture study. Full road nothing defense customer. Serious form fight century office.', 5, 9, 100.2, 78.68),
(45, '94/96', TIMESTAMP '2022-02-13 15:48:34', 75.72, 'Seven can place this read guy. Poor modern democratic.', 5, 12, 100.98, 391.66),
(46, '90/94', TIMESTAMP '2022-03-04 08:23:31', 76.39, 'People point month smile. Indicate actually small case middle resource project.', 14, 18, 99.03, 106.64),
(47, '111/97', TIMESTAMP '2022-04-15 12:12:35', 60.12, 'Story around enter blue expect true. Drop store could her movement. Professor wife get hospital theory.', 28, 1, 97.05, 157.86),
(48, '94/76', TIMESTAMP '2022-04-14 14:47:36', 56.03, 'Wish purpose good challenge business rule sometimes. Community tonight east trouble two.', 21, 13, 99.01, 335.49),
(49, '141/72', TIMESTAMP '2022-02-20 05:24:03', 58.06, 'Stage goal can value leave should five. Find cell animal ready at order attention both.', 14, 2, 99.28, 188.24),
(50, '93/87', TIMESTAMP '2022-04-15 14:29:41', 78.39, DEFAULT, 25, 20, 105.63, 380.82),
(51, '131/86', TIMESTAMP '2022-04-14 21:39:10', 56.82, 'Movement certainly group member. Since use out cost game set.', 1, 1, 103.76, 242.84),
(52, '93/92', TIMESTAMP '2022-04-16 19:54:57', 76.75, DEFAULT, 12, 4, 97.02, 173.79),
(53, '141/93', TIMESTAMP '2022-02-27 00:52:16', 77.67, 'Decade plant identify mention. Detail open future rich seat total. Sometimes although best various exactly several effect. Gas fly drug.', 29, 3, 100.93, 273.02),
(54, '128/72', TIMESTAMP '2022-03-25 07:38:02', 78.95, 'Against take budget agency century strong anything trial. White send guess you bar. Property fish plan pick again.', 4, 11, 101.81, 75.75),
(55, '107/70', TIMESTAMP '2022-04-16 21:10:37', 63.59, 'Yard treat begin should property ten many. Not hear pressure finish pressure.', 3, 12, 97.58, 309.34),
(56, '144/63', TIMESTAMP '2022-04-14 06:30:21', 72.23, 'Among nice operation risk. Its practice how save several model think five.', 24, 19, 105.63, 150.45),
(57, '118/95', TIMESTAMP '2022-01-20 13:02:05', 62.06, 'Note understand enough production scene start of. White message laugh billion onto. Follow baby job game according.', 7, 19, 101.22, 166.99),
(58, '155/66', TIMESTAMP '2022-03-13 20:37:24', 67.13, 'See body program after scientist.', 22, 10, 102.68, 253.89),
(59, '113/72', TIMESTAMP '2022-01-24 07:59:13', 62.04, DEFAULT, 7, 9, 100.47, 381.84),
(60, '157/98', TIMESTAMP '2022-04-14 20:31:22', 53.2, 'Energy give person rate security develop consumer. Letter little bar reach common appear economy. Growth himself game will third and.', 20, 18, 102.93, 325.56);
/* INSERT DATA INTO `lab_reports` TABLE */
INSERT INTO lab_reports (app_id, file_id, icd_code, report_id, result_info) VALUES
(55, 29, 'R85', 1, 'Detail road meet wall author behavior. Minute cold officer affect particular unit.'),
(42, 9, 'R2231', 2, 'Billion always beautiful president all north. That spring human win.'),
(52, 5, 'R680', 3, 'Plan change trade especially. Political treat respond.'),
(1, 16, 'R41843', 4, 'Meet difficult leader happy small ago. As here speech discussion. Before treatment direction rock how test street.'),
(44, 22, 'R402312', 5, 'Population worry remember teacher site stop. Position floor amount either sometimes sign chance especially. Their value stay they.'),
(2, 1, 'R74', 6, DEFAULT),
(23, 5, 'R852', 7, 'Drop kitchen without. Number open social movie. Tough coach stop age list newspaper.'),
(15, 14, 'R402434', 8, 'Health training trip thing prove likely its. Son thus paper level worker pay their. Almost establish such upon far arm.'),
(10, 6, 'R06', 9, 'Use fund store woman chair wife. Often as I remain enter respond need.'),
(29, 18, 'R402134', 10, 'Article act have edge travel skin stay.'),
(45, 22, 'R402214', 11, 'Follow protect key forget century. Might professional apply culture imagine store all difference.'),
(47, 22, 'R2970', 12, 'Buy four occur certain at wrong teacher. Only allow attack think current. Call ball art of. Action black throughout soldier bar do kind.'),
(59, 28, 'R4182', 13, 'The foreign field key approach talk wear. Perform look weight phone rise bar. Always size friend man minute. Player somebody simple animal.'),
(17, 29, 'R402310', 14, DEFAULT),
(4, 19, 'R41844', 15, 'Media determine model mouth cup day. Century choice may decision month model fear early.'),
(2, 13, 'R402224', 16, 'Race information yet own number threat. Relate mind table discuss best also.'),
(18, 17, 'R2974', 17, DEFAULT),
(9, 28, 'R51', 18, DEFAULT),
(60, 20, 'R6259', 19, 'Behind against someone structure employee thousand. Own have bill song federal nothing soon. Appear phone card film appear build discussion.'),
(5, 28, 'R7981', 20, 'Trouble kind fund glass. Area individual ever hold job support.'),
(26, 22, 'R627', 21, 'Foreign hit skill quite Democrat center. Lay level smile suffer some share. Them standard sure campaign military stay.'),
(59, 23, 'R412', 22, 'Open describe practice series figure fear. Majority executive common beyond. Break card now none rate.'),
(51, 14, 'R10826', 23, 'Work along blue kid.'),
(20, 26, 'R1901', 24, 'Environment hold class sea soon.'),
(13, 24, 'R10821', 25, 'Enjoy life system cold drive loss speech. Break if foot Republican hope speak plant.'),
(16, 27, 'R339', 26, 'Million article arrive sort energy. Money individual house blue natural. Against power performance.'),
(39, 21, 'R455', 27, DEFAULT),
(17, 2, 'R1930', 28, 'Seat song performance should amount person.'),
(46, 18, 'R80', 29, 'Half fall subject together maybe alone. Health begin cover whole.'),
(39, 10, 'R6883', 30, 'Matter major maybe assume. Enjoy church commercial down people you. Mouth religious work century general model.'),
(11, 7, 'R467', 31, 'Report wife so. Always position report professional commercial. Thought activity debate true.'),
(36, 4, 'R400', 32, 'What popular blood present nor into road. Crime rest network decide. Number lawyer story think share performance become movement.'),
(10, 23, 'R633', 33, 'Beyond play study company. Yourself partner officer remain tree into. Effort near red number of meet.'),
(50, 1, 'R87629', 34, 'Discover sing ten cup care.'),
(16, 15, 'R1114', 35, 'Often site audience. Everyone change fall season across. Attorney television bad year.'),
(20, 3, 'R848', 36, 'Amount policy kitchen effort blood.'),
(25, 13, 'R934', 37, 'Real home accept Democrat maintain moment. Quite really bit thus beautiful.'),
(19, 29, 'R2689', 38, 'Let majority feel modern growth work. Mention do international traditional owner even everything. Statement figure record fund somebody.'),
(7, 19, 'R29732', 39, 'Raise compare usually find before. Adult growth within authority conference politics support. Everything mind short machine remember.'),
(29, 16, 'R402133', 40, 'Source five for. This peace part wish list traditional painting.'),
(8, 6, 'R826', 41, 'Half news because science need future indicate within. Ago become source present ever safe. Three true never measure fast rich itself. We design require trip difference treat tax foreign.'),
(29, 11, 'R846', 42, 'Customer wish before you save decade. Economic Mrs issue different lead. Phone physical stage ahead card.'),
(33, 28, 'R8781', 43, DEFAULT),
(53, 27, 'R40243', 44, DEFAULT),
(39, 21, 'R6882', 45, 'You understand around green. Yard majority control rich fill send.'),
(4, 11, 'R99', 46, 'Fine miss myself policy person. Everything join oil line. Window public network image past hour response enjoy. Concern finally though law parent seat.'),
(4, 27, 'R591', 47, 'Mouth the suffer bar condition choose easy. Rock moment find assume. Action fall class manager travel use change.'),
(54, 27, 'R830', 48, 'Red have I meet amount. Budget rock visit woman side today. Allow with about their month. Professional fill teacher available idea.'),
(20, 24, 'R632', 49, 'Experience high let fish camera. There true production. Response eye happy other own lead top every.'),
(38, 22, 'R462', 50, DEFAULT),
(59, 23, 'R1907', 51, 'Stage father agency night involve place important. History girl goal.'),
(12, 9, 'R1081', 52, 'Simply though goal identify deep again life. Week window early side common. College claim sort town.'),
(57, 26, 'R142', 53, DEFAULT),
(44, 5, 'R402441', 54, 'Last central gas. Rest memory chance.'),
(20, 9, 'R1314', 55, 'Read particularly improve these finish yes open. Their dog institution arm catch wrong short.'),
(41, 14, 'R94111', 56, 'Speak relate increase response wife. Particular word Congress real. Letter in green garden.'),
(28, 1, 'R40225', 57, DEFAULT),
(21, 28, 'R402140', 58, 'Media knowledge and action while size success. Help smile certainly matter. Heart group game message hotel product.'),
(18, 13, 'R131', 59, 'Assume attention physical until seem evidence commercial. Prepare them rather baby well. Very move create close way usually several real.'),
(58, 18, 'R3911', 60, DEFAULT);
/* INSERT DATA INTO `report_creators` TABLE */
INSERT INTO report_creators (lab_id, report_id) VALUES
(6, 1),
(1, 2),
(1, 3),
(9, 4),
(10, 5),
(2, 6),
(9, 7),
(7, 8),
(10, 9),
(10, 10),
(6, 11),
(9, 12),
(2, 13),
(7, 14),
(10, 15),
(3, 16),
(10, 17),
(7, 18),
(2, 19),
(4, 20),
(1, 21),
(8, 22),
(5, 23),
(9, 24),
(7, 25),
(1, 26),
(4, 27),
(6, 28),
(9, 29),
(2, 30),
(6, 31),
(6, 32),
(7, 33),
(1, 34),
(3, 35),
(8, 36),
(8, 37),
(6, 38),
(1, 39),
(1, 40),
(4, 41),
(3, 42),
(7, 43),
(10, 44),
(7, 45),
(7, 46),
(4, 47),
(4, 48),
(9, 49),
(1, 50),
(3, 51),
(6, 52),
(10, 53),
(1, 54),
(2, 55),
(3, 56),
(5, 57),
(1, 58),
(3, 59),
(6, 60);
/* INSERT DATA INTO `exams` TABLE */
INSERT INTO exams (app_id, comment, exam_id, report_id) VALUES
(46, 'In threat serve light material.', 1, 31),
(18, 'Lead charge reach set.', 2, 21),
(49, 'Skin clear easy until score effort family.', 3, 38),
(13, 'Worry white listen apply hundred address approach behavior.', 4, 8),
(8, 'Staff reach there. Approach resource dream home under guess necessary.', 5, 10),
(20, DEFAULT, 6, 17),
(43, DEFAULT, 7, 58),
(8, DEFAULT, 8, 26),
(54, DEFAULT, 9, 19),
(5, DEFAULT, 10, 45),
(47, 'Government money relationship lead.', 11, 51),
(42, 'Inside science hundred everyone suddenly. Lead he late other door person join lead.', 12, 10),
(31, 'Lose environmental different contain fish.', 13, 55),
(46, DEFAULT, 14, 49),
(33, 'Assume marriage result include anything. Sense president decade along structure.', 15, 23),
(42, 'Check lot goal within measure car strategy.', 16, 12),
(9, DEFAULT, 17, 30),
(18, 'Only push item.', 18, 51),
(33, DEFAULT, 19, 13),
(38, 'Assume check prepare race allow oil. Meeting through sister against my laugh will ever.', 20, 11),
(36, DEFAULT, 21, 48),
(44, DEFAULT, 22, 37),
(42, 'Miss once form marriage before. Question final truth.', 23, 44),
(20, DEFAULT, 24, 30),
(57, DEFAULT, 25, 19),
(57, 'Nature candidate month technology tree computer. Indicate itself tend fill.', 26, 58),
(18, DEFAULT, 27, 15),
(28, 'Fall citizen partner edge two data early series.', 28, 41),
(24, DEFAULT, 29, 20),
(5, 'Ability somebody free mouth five couple thus. Few three training her large rate school.', 30, 1),
(33, 'Throughout drive pull lawyer produce draw happy wide.', 31, 32),
(49, DEFAULT, 32, 43),
(15, 'Around future appear senior. Any real fight capital reduce society picture.', 33, 50),
(32, 'Practice official pull rock baby surface.', 34, 31),
(37, 'Century executive there kind would toward.', 35, 1),
(7, DEFAULT, 36, 20),
(26, DEFAULT, 37, 35),
(7, 'Dinner force he must. Fund forget about deep must.', 38, 36),
(22, 'Thousand have result need value. Sense relationship guess lay.', 39, 56),
(37, 'Address pull leader natural. Conference notice resource she wish.', 40, 58),
(40, 'Create meet cost quality sound sure.', 41, 43),
(60, 'Change manage or school enough expect our strong.', 42, 10),
(42, 'Series order speech upon bed some.', 43, 45),
(55, DEFAULT, 44, 8),
(44, 'Star war dog focus right administration.', 45, 21),
(52, 'Senior your near.', 46, 5),
(28, 'Model stop too Democrat artist speak listen.', 47, 49),
(13, 'Market us skin speak.', 48, 31),
(30, 'Money why least find always herself go.', 49, 44),
(49, 'Letter total early threat mother trouble.', 50, 3),
(28, DEFAULT, 51, 11),
(3, 'Those beautiful address thing. Rate perhaps fight onto door one hour.', 52, 13),
(59, DEFAULT, 53, 30),
(2, DEFAULT, 54, 10),
(17, 'Board so trade meet.', 55, 7),
(31, DEFAULT, 56, 34),
(38, 'Exactly former hour recognize focus or gas.', 57, 7),
(26, DEFAULT, 58, 58),
(58, DEFAULT, 59, 47),
(57, DEFAULT, 60, 60);
/* INSERT DATA INTO `covid_exams` TABLE */
INSERT INTO covid_exams (exam_id, is_positive, test_type) VALUES
(2, False, 'Antigen'),
(4, False, 'PCR'),
(9, False, 'Antigen'),
(12, False, 'Antigen'),
(14, False, 'Antigen'),
(17, False, 'PCR'),
(22, False, 'Antigen'),
(24, False, 'Antigen'),
(26, False, 'PCR'),
(27, False, 'Antigen'),
(28, False, 'PCR'),
(31, False, 'Antigen'),
(33, False, 'PCR'),
(35, False, 'PCR'),
(38, False, 'PCR'),
(39, False, 'PCR'),
(44, True, 'Antigen'),
(49, False, 'PCR'),
(51, True, 'PCR'),
(56, False, 'PCR'),
(57, False, 'Antigen'),
(58, True, 'PCR');
/* INSERT DATA INTO `blood_exams` TABLE */
INSERT INTO blood_exams (blood_sugar, blood_type, exam_id) VALUES
('111.62 mg/dL', 'B-', 1),
('109.82 mg/dL', 'A+', 6),
('96.97 mg/dL', 'A-', 8),
('75.51 mg/dL', 'AB+', 15),
('71.84 mg/dL', 'A-', 19),
('102.96 mg/dL', 'AB+', 20),
('79.74 mg/dL', 'AB-', 23),
('76.95 mg/dL', 'B+', 32),
('119.84 mg/dL', 'O-', 37),
('111.04 mg/dL', 'A-', 40),
('82.44 mg/dL', 'O-', 41),
('79.58 mg/dL', 'B-', 42),
('115.43 mg/dL', 'O+', 46),
('92.66 mg/dL', 'AB+', 47),
('77.59 mg/dL', 'O+', 50),
('102.99 mg/dL', 'B+', 53),
('83.87 mg/dL', 'O+', 54),
('104.02 mg/dL', 'A-', 55);
/* INSERT DATA INTO `administered_vaccines` TABLE */
INSERT INTO administered_vaccines (exam_id, vaccine_type) VALUES
(3, 'Poliovirus'),
(5, 'Rotavirus'),
(7, 'Pertussis'),
(10, 'Rotavirus'),
(11, 'Human papillomavirus'),
(13, 'Pneumococcal diseases'),
(16, 'Tuberculosis'),
(18, 'Measles'),
(21, 'Haemophilus Influenza Type B'),
(25, 'Rotavirus'),
(29, 'Mumps'),
(30, 'Pneumococcal diseases'),
(34, 'Tetanus'),
(36, 'Poliovirus'),
(43, 'Diphtheria'),
(45, 'Tuberculosis'),
(48, 'Rotavirus'),
(52, 'Measles'),
(59, 'Rotavirus'),
(60, 'Pneumococcal diseases');
/* INSERT DATA INTO `diagnoses` TABLE */
INSERT INTO diagnoses (app_id, comment, emp_id, icd_code, patient_id) VALUES
(2, 'Organization foreign pass culture sound media. Every feel huge miss hospital. College discover first high.', 5, 'R41', 3),
(2, 'Between interest program state certainly skill. Affect significant entire away case. Road us back each decide.', 5, 'R01', 3),
(3, 'Audience should oil.', 1, 'R0683', 25),
(4, 'However reach serve assume affect guess million form. Foreign risk key positive through yard. Write amount identify bit once play.', 17, 'R932', 4),
(6, 'Born trial generation community ball. Daughter idea heart camera might here control.', 14, 'R1906', 25),
(6, 'Response citizen detail quickly involve year already.', 14, 'R490', 25),
(7, 'Ok see civil forward simply less campaign.', 17, 'R402310', 26),
(7, 'Soldier strong charge director. Building read painting range. Today book support size city bar. Dog management free news.', 17, 'R10821', 26),
(8, 'Parent green listen field rise alone. Always for natural. Provide vote hotel check push fight case.', 15, 'R402214', 12),
(11, 'Unit nearly miss. His can already side image. Down anyone in arm defense industry writer.', 18, 'R7881', 22),
(11, 'Decision many program space high about. Half watch exactly standard. Development edge people figure.', 18, 'R0489', 22),
(13, 'Age young current education. Determine on follow choice author. More the do.', 2, 'R112', 21),
(15, 'Important into begin morning enough. Particular institution lead rock. My night this none attack same base.', 13, 'R142', 6),
(15, 'Blood left deal particularly night positive young. Ok stock hand red speak agency.', 13, 'R855', 6),
(17, 'Plant support doctor above national experience soon. Work buy college next son impact.', 3, 'R35', 4),
(17, 'Top west increase little. Now yet thing century cost room blue media. Couple fall order record type relate piece.', 3, 'R1081', 4),
(18, 'Mention quite concern miss home painting rock. Road person national talk gun thing. Old pick charge person rock as. Sell hotel western.', 6, 'R40225', 21),
(19, DEFAULT, 19, 'R32', 11),
(20, 'Animal task language at take side. Service commercial generation without. Believe impact product space plant. Until study share.', 18, 'R29810', 30),
(20, 'What unit visit pay. Off good much spend. Television field point region rise participant I.', 18, 'R319', 30),
(21, 'Follow develop pass prove. Tree yet option. Assume foreign Mr minute although talk begin.', 11, 'R298', 1),
(22, 'Some whom program movie perform. Painting drug decide family present likely wind. Senior rise direction he democratic.', 15, 'R7879', 11),
(22, DEFAULT, 15, 'R27', 11),
(23, 'Enjoy story land firm. Live blood some between animal raise bring. Answer occur ask force.', 5, 'R0789', 11),
(23, 'His whom suddenly fine discussion hundred. Response young group carry foot.', 5, 'R71', 11),
(24, 'Month bit no person off tree evening. Conference street take former. Station theory stop cover behavior.', 18, 'R060', 26),
(24, 'Support could risk with. Final medical truth admit staff home family. Partner vote out them few. Billion benefit chair.', 18, 'R1114', 26),
(27, 'Paper discover place group force agreement.', 8, 'R768', 18),
(27, 'Base teach behavior will much. Less someone whatever.', 8, 'R191', 18),
(28, 'Between poor sister study fast wrong. Structure public include return. Officer compare rather theory. Congress economic option feel fill.', 18, 'R0781', 8),
(31, DEFAULT, 15, 'R0683', 1),
(32, 'Network truth property half deal bad people. Either bit apply modern. Talk painting community close simple drug.', 16, 'R2973', 1),
(32, 'Understand result need moment star lay.', 16, 'R16', 1),
(33, DEFAULT, 14, 'R338', 10),
(33, 'Final get personal character evening nearly. Though important pass pull. Quickly then financial people prove can station.', 14, 'R11', 10),
(34, DEFAULT, 7, 'R10826', 7),
(35, 'Type feeling grow his appear clearly. And star individual decision yes end.', 2, 'R402361', 17),
(37, 'Drive within rock short hard would whom. Out wonder list bit positive.', 8, 'R402321', 10),
(39, DEFAULT, 18, 'R54', 17),
(39, 'Shake nothing heavy herself forward even hotel. Leader raise early find sometimes relationship.', 18, 'R312', 17),
(42, 'Coach nearly their especially prevent tonight score but. Job southern where born work remember many.', 18, 'R233', 28),
(45, 'Policy fact matter industry thought. Door heart city attorney hold.', 10, 'R0600', 5),
(45, 'Eye alone meeting. Tv try factor manager against may factor. Perhaps anything majority color weight easy yourself.', 10, 'R2689', 5),
(47, 'Spring remember try none factor. Sound no answer increase true return.', 15, 'R239', 28),
(47, 'Lead continue medical daughter now decision. Their money watch address such no. Sing dream herself skin same almost continue result. Arm from left nothing within.', 15, 'R1930', 28),
(49, 'Continue training site three occur. Health miss doctor job manage ready of program. Board apply adult democratic structure apply real any.', 11, 'R402321', 14),
(49, 'Receive about body before politics number none skill. Minute south will tend discover.', 11, 'R402121', 14),
(50, 'Quickly along firm we room response nation across. They serve senior design. Expert section weight herself ago page.', 7, 'R56', 25),
(50, DEFAULT, 7, 'R6812', 25),
(55, 'Amount forget thus phone manage.', 14, 'R360', 3),
(56, 'Free argue yeah feeling change. Subject from own very there dinner number. Turn natural may.', 14, 'R3984', 24),
(56, 'Fast recently human toward. Daughter story rich trouble strategy.', 14, 'R87628', 24),
(58, 'Both black public drop born upon this.', 20, 'R312', 22),
(58, 'Stage deal employee son hospital reason. Development budget other particular six family student.', 20, 'R0681', 22),
(59, 'Writer point certain. Budget action this radio whose car. Reality everyone laugh produce prove staff think.', 12, 'R41843', 7),
(60, 'There far because later. Meeting member capital opportunity star available person finally. Yet lawyer performance still same degree strong.', 11, 'R29735', 20),
(60, 'Teach society red could material. Hotel assume become reduce right dog. Imagine defense television scientist theory. Director sure actually.', 11, 'R402124', 20);
/* INSERT DATA INTO `appointment_medical_conditions` TABLE */
INSERT INTO appointment_medical_conditions (app_id, comment, icd_code) VALUES
(1, DEFAULT, 'R63'),
(1, DEFAULT, 'R880'),
(2, 'Step account join three prepare direction after.', 'R492'),
(3, DEFAULT, 'R803'),
(3, DEFAULT, 'R933'),
(4, DEFAULT, 'R749'),
(4, DEFAULT, 'R87821'),
(5, DEFAULT, 'R40243'),
(5, 'Send state former.', 'R402331'),
(6, DEFAULT, 'R5382'),
(7, DEFAULT, 'R87629'),
(8, DEFAULT, 'R579'),
(8, 'Chair unit investment letter stop foreign indeed.', 'R16'),
(9, DEFAULT, 'R40225'),
(9, DEFAULT, 'R11'),
(10, DEFAULT, 'R82'),
(10, DEFAULT, 'R845'),
(11, 'Risk expert key many.', 'R842'),
(12, 'Break source improve culture.', 'R700'),
(13, DEFAULT, 'R110'),
(14, DEFAULT, 'R402214'),
(15, DEFAULT, 'R87619'),
(16, 'Turn it draw find.', 'R68'),
(16, 'Question manager pass arm couple building animal.', 'R942'),
(17, DEFAULT, 'R410'),
(18, DEFAULT, 'R0681'),
(19, 'Great too song tend.', 'R402121'),
(20, DEFAULT, 'R402124'),
(21, DEFAULT, 'R509'),
(21, DEFAULT, 'R849'),
(22, 'Deep network control sound occur thousand fall. Explain say arrive street.', 'R419'),
(23, DEFAULT, 'R441'),
(24, 'Card culture help official.', 'R402233'),
(24, DEFAULT, 'R834'),
(25, 'Have whole building. Let change issue run nice stock success.', 'R491'),
(26, DEFAULT, 'R463'),
(26, 'Name list lay upon hard hundred. Certainly detail cultural so art.', 'R863'),
(27, DEFAULT, 'R180'),
(27, 'Decide suggest become ever play total sign back.', 'R25'),
(28, 'Item life song somebody. Physical she peace should cost doctor would.', 'R221'),
(29, 'Poor foreign term hear hospital effort store current.', 'R578'),
(29, DEFAULT, 'R0683'),
(30, 'Television ten federal teacher the. Care method wide scene upon wonder art station.', 'R710'),
(31, 'Collection own mother clear sound role agency. Course avoid condition despite south possible chance.', 'R402223'),
(31, DEFAULT, 'R29810'),
(32, DEFAULT, 'R9082'),
(33, DEFAULT, 'R29739'),
(34, DEFAULT, 'R49'),
(35, DEFAULT, 'R831'),
(36, DEFAULT, 'R279'),
(37, DEFAULT, 'R402251'),
(37, DEFAULT, 'R402222'),
(38, DEFAULT, 'R1930'),
(38, 'Part weight conference service social.', 'R87811'),
(39, DEFAULT, 'R865'),
(39, DEFAULT, 'R1083'),
(40, DEFAULT, 'R402331'),
(40, DEFAULT, 'R7309'),
(41, DEFAULT, 'R402414'),
(41, 'Key newspaper theory job free product. Present possible single successful.', 'R70'),
(42, DEFAULT, 'R200'),
(43, DEFAULT, 'R8271'),
(43, 'Name situation west remain so expert. Ball young carry investment mean wife.', 'R223'),
(44, 'Hot role me bar so.', 'R771'),
(45, DEFAULT, 'R85615'),
(46, 'Control cost of part.', 'R238'),
(47, 'Include that real share computer politics. First street today hospital lead will with.', 'R865'),
(48, 'Fill analysis hope safe picture film. Positive organization each do consumer bed color.', 'R40232'),
(48, DEFAULT, 'R40212'),
(49, 'Vote Democrat with nature. Bank soon risk my.', 'R151'),
(50, 'Audience school back. Suffer process radio something project boy.', 'R861'),
(50, 'Development always simply shake special.', 'R452'),
(51, 'The design east quickly. Yes bad citizen break.', 'R579'),
(52, 'Yeah employee per name.', 'R609'),
(52, 'Adult later manage president.', 'R402444'),
(53, DEFAULT, 'R1936'),
(54, 'Citizen size author year letter.', 'R51'),
(54, 'Ground everything develop role base down.', 'R29713'),
(55, DEFAULT, 'R53'),
(55, 'Social successful fight nearly play success role partner.', 'R921'),
(56, DEFAULT, 'R5084'),
(56, DEFAULT, 'R25'),
(57, 'Best skin first collection. Audience long structure computer police return.', 'R10'),
(58, 'Important second computer cold event item explain should.', 'R7309'),
(59, 'Subject firm after participant soon.', 'R142'),
(59, 'Light cost eat after piece news Mrs investment. Ready foreign whose us strategy.', 'R03'),
(60, DEFAULT, 'R9082'),
(60, 'He indeed few hand hear run available summer. Mission way here year toward design certain clearly.', 'R18');
/* INSERT DATA INTO `appointment_employees` TABLE */
INSERT INTO appointment_employees (app_id, emp_id) VALUES
(1, 2),
(2, 1),
(2, 8),
(3, 8),
(3, 15),
(3, 11),
(4, 14),
(4, 18),
(5, 11),
(5, 19),
(6, 3),
(7, 10),
(7, 5),
(8, 7),
(9, 10),
(9, 15),
(10, 6),
(11, 17),
(12, 19),
(12, 17),
(12, 3),
(13, 13),
(14, 13),
(14, 2),
(15, 19),
(15, 10),
(16, 4),
(16, 6),
(17, 18),
(18, 13),
(18, 5),
(19, 17),
(19, 10),
(19, 12),
(20, 14),
(20, 17),
(20, 20),
(21, 11),
(21, 19),
(22, 14),
(23, 10),
(24, 15),
(24, 14),
(24, 8),
(25, 4),
(26, 8),
(26, 13),
(26, 5),
(27, 19),
(27, 17),
(28, 16),
(28, 7),
(28, 9),
(29, 7),
(29, 8),
(30, 12),
(30, 8),
(30, 2),
(31, 20),
(31, 10),
(31, 19),
(32, 16),
(32, 18),
(32, 10),
(33, 13),
(33, 14),
(33, 12),
(34, 1),
(35, 5),
(35, 12),
(35, 4),
(36, 3),
(36, 7),
(36, 9),
(37, 14),
(37, 16),
(37, 2),
(38, 14),
(38, 1),
(38, 12),
(39, 15),
(40, 10),
(40, 7),
(40, 11),
(41, 13),
(41, 16),
(42, 9),
(43, 4),
(43, 16),
(44, 20),
(44, 10),
(45, 7),
(45, 19),
(45, 8),
(46, 3),
(46, 7),
(46, 11),
(47, 1),
(47, 8),
(48, 14),
(48, 20),
(49, 17),
(49, 5),
(50, 5),
(50, 3),
(51, 17),
(51, 19),
(51, 9),
(52, 7),
(52, 12),
(52, 11),
(53, 3),
(53, 14),
(54, 3),
(54, 17),
(54, 14),
(55, 9),
(56, 5),
(57, 6),
(58, 8),
(59, 9),
(59, 2),
(60, 4),
(60, 14),
(60, 10);
/* UPDATE AUTOINCREMENT START VALUES BASED ON MOCK DATA INSERTS */
select setval('patients_patient_id_seq', 30);
select setval('insurance_providers_provider_id_seq', 15);
select setval('employees_emp_id_seq', 20);
select setval('prescriptions_prescription_id_seq', 100);
select setval('relatives_relative_id_seq', 20);
select setval('referrals_ref_id_seq', 15);
select setval('immunizations_immunization_id_seq', 10);
select setval('appointments_app_id_seq', 60);
select setval('tests_test_id_seq', 40);
select setval('archived_files_file_id_seq', 30);
select setval('lab_reports_report_id_seq', 60);
select setval('exams_exam_id_seq', 60);
select setval('specialized_labs_lab_id_seq', 10);
select setval('referrable_doctors_ref_doctor_id_seq', 10);
