TRUNCATE accepted_tests, tests, relative_conditions, relatives, report_creators, specialized_labs, insurance_covers, insurance_providers, immunized_patients, covid_exams, blood_exams, administered_vaccines, referrals, referrable_doctors, prescriptions, pharmacies, immunized_employees, immunizations, exams, lab_reports, archived_files, diagnoses, appointment_medical_conditions, medical_conditions, appointment_employees, employees, appointments, patients;

/* INSERT DATA INTO `medical_conditions` TABLE */
INSERT INTO medical_conditions (icd_code, name, parent_code) VALUES
('R000', 'Tachycardia, unspecified', 'R00'),
('R001', 'Bradycardia, unspecified', 'R00'),
('R002', 'Palpitations', 'R00'),
('R008', 'Other abnormalities of heart beat', 'R00'),
('R009', 'Unspecified abnormalities of heart beat', 'R00'),
('R010', 'Benign and innocent cardiac murmurs', 'R01'),
('R011', 'Cardiac murmur, unspecified', 'R01'),
('R012', 'Other cardiac sounds', 'R01'),
('R030', 'Elevated blood-pressure reading, w/o diagnosis of htn', 'R03'),
('R031', 'Nonspecific low blood-pressure reading', 'R03'),
('R040', 'Epistaxis', 'R04'),
('R041', 'Hemorrhage from throat', 'R04'),
('R042', 'Hemoptysis', 'R04'),
('R0481', 'Acute idiopathic pulmonary hemorrhage in infants', 'R048'),
('R0489', 'Hemorrhage from other sites in respiratory passages', 'R048'),
('R049', 'Hemorrhage from respiratory passages, unspecified', 'R04'),
('R05', 'Cough', DEFAULT),
('R0600', 'Dyspnea, unspecified', 'R060'),
('R0601', 'Orthopnea', 'R060'),
('R0602', 'Shortness of breath', 'R060'),
('R0603', 'Acute respiratory distress', 'R060'),
('R0609', 'Other forms of dyspnea', 'R060'),
('R061', 'Stridor', 'R06'),
('R062', 'Wheezing', 'R06'),
('R063', 'Periodic breathing', 'R06'),
('R064', 'Hyperventilation', 'R06'),
('R065', 'Mouth breathing', 'R06'),
('R066', 'Hiccough', 'R06'),
('R067', 'Sneezing', 'R06'),
('R0681', 'Apnea, not elsewhere classified', 'R068'),
('R0682', 'Tachypnea, not elsewhere classified', 'R068'),
('R0683', 'Snoring', 'R068'),
('R0689', 'Other abnormalities of breathing', 'R068'),
('R069', 'Unspecified abnormalities of breathing', 'R06'),
('R070', 'Pain in throat', 'R07'),
('R071', 'Chest pain on breathing', 'R07'),
('R072', 'Precordial pain', 'R07'),
('R0781', 'Pleurodynia', 'R078'),
('R0782', 'Intercostal pain', 'R078'),
('R0789', 'Other chest pain', 'R078'),
('R079', 'Chest pain, unspecified', 'R07'),
('R0901', 'Asphyxia', 'R090'),
('R0902', 'Hypoxemia', 'R090'),
('R091', 'Pleurisy', 'R09'),
('R092', 'Respiratory arrest', 'R09'),
('R093', 'Abnormal sputum', 'R09'),
('R0981', 'Nasal congestion', 'R098'),
('R0982', 'Postnasal drip', 'R098'),
('R0989', 'Oth symptoms and signs involving the circ and resp systems', 'R098'),
('R100', 'Acute abdomen', 'R10'),
('R1010', 'Upper abdominal pain, unspecified', 'R101'),
('R1011', 'Right upper quadrant pain', 'R101'),
('R1012', 'Left upper quadrant pain', 'R101'),
('R1013', 'Epigastric pain', 'R101'),
('R102', 'Pelvic and perineal pain', 'R10'),
('R1030', 'Lower abdominal pain, unspecified', 'R103'),
('R1031', 'Right lower quadrant pain', 'R103'),
('R1032', 'Left lower quadrant pain', 'R103'),
('R1033', 'Periumbilical pain', 'R103'),
('R10811', 'Right upper quadrant abdominal tenderness', 'R1081'),
('R10812', 'Left upper quadrant abdominal tenderness', 'R1081'),
('R10813', 'Right lower quadrant abdominal tenderness', 'R1081'),
('R10814', 'Left lower quadrant abdominal tenderness', 'R1081'),
('R10815', 'Periumbilic abdominal tenderness', 'R1081'),
('R10816', 'Epigastric abdominal tenderness', 'R1081'),
('R10817', 'Generalized abdominal tenderness', 'R1081'),
('R10819', 'Abdominal tenderness, unspecified site', 'R1081'),
('R10821', 'Right upper quadrant rebound abdominal tenderness', 'R1082'),
('R10822', 'Left upper quadrant rebound abdominal tenderness', 'R1082'),
('R10823', 'Right lower quadrant rebound abdominal tenderness', 'R1082'),
('R10824', 'Left lower quadrant rebound abdominal tenderness', 'R1082'),
('R10825', 'Periumbilic rebound abdominal tenderness', 'R1082'),
('R10826', 'Epigastric rebound abdominal tenderness', 'R1082'),
('R10827', 'Generalized rebound abdominal tenderness', 'R1082'),
('R10829', 'Rebound abdominal tenderness, unspecified site', 'R1082'),
('R1083', 'Colic', 'R108'),
('R1084', 'Generalized abdominal pain', 'R108'),
('R109', 'Unspecified abdominal pain', 'R10'),
('R110', 'Nausea', 'R11'),
('R1110', 'Vomiting, unspecified', 'R111'),
('R1111', 'Vomiting without nausea', 'R111'),
('R1112', 'Projectile vomiting', 'R111'),
('R1113', 'Vomiting of fecal matter', 'R111'),
('R1114', 'Bilious vomiting', 'R111'),
('R112', 'Nausea with vomiting, unspecified', 'R11'),
('R12', 'Heartburn', DEFAULT),
('R130', 'Aphagia', 'R13'),
('R1310', 'Dysphagia, unspecified', 'R131'),
('R1311', 'Dysphagia, oral phase', 'R131'),
('R1312', 'Dysphagia, oropharyngeal phase', 'R131'),
('R1313', 'Dysphagia, pharyngeal phase', 'R131'),
('R1314', 'Dysphagia, pharyngoesophageal phase', 'R131'),
('R1319', 'Other dysphagia', 'R131'),
('R140', 'Abdominal distension (gaseous)', 'R14'),
('R141', 'Gas pain', 'R14'),
('R142', 'Eructation', 'R14'),
('R143', 'Flatulence', 'R14'),
('R150', 'Incomplete defecation', 'R15'),
('R151', 'Fecal smearing', 'R15'),
('R152', 'Fecal urgency', 'R15'),
('R159', 'Full incontinence of feces', 'R15'),
('R160', 'Hepatomegaly, not elsewhere classified', 'R16'),
('R161', 'Splenomegaly, not elsewhere classified', 'R16'),
('R162', 'Hepatomegaly with splenomegaly, not elsewhere classified', 'R16'),
('R17', 'Unspecified jaundice', DEFAULT),
('R180', 'Malignant ascites', 'R18'),
('R188', 'Other ascites', 'R18'),
('R1900', 'Intra-abd and pelvic swelling, mass and lump, unsp site', 'R190'),
('R1901', 'Right upper quadrant abdominal swelling, mass and lump', 'R190'),
('R1902', 'Left upper quadrant abdominal swelling, mass and lump', 'R190'),
('R1903', 'Right lower quadrant abdominal swelling, mass and lump', 'R190'),
('R1904', 'Left lower quadrant abdominal swelling, mass and lump', 'R190'),
('R1905', 'Periumbilic swelling, mass or lump', 'R190'),
('R1906', 'Epigastric swelling, mass or lump', 'R190'),
('R1907', 'Generalized intra-abd and pelvic swelling, mass and lump', 'R190'),
('R1909', 'Other intra-abdominal and pelvic swelling, mass and lump', 'R190'),
('R1911', 'Absent bowel sounds', 'R191'),
('R1912', 'Hyperactive bowel sounds', 'R191'),
('R1915', 'Other abnormal bowel sounds', 'R191'),
('R192', 'Visible peristalsis', 'R19'),
('R1930', 'Abdominal rigidity, unspecified site', 'R193'),
('R1931', 'Right upper quadrant abdominal rigidity', 'R193'),
('R1932', 'Left upper quadrant abdominal rigidity', 'R193'),
('R1933', 'Right lower quadrant abdominal rigidity', 'R193'),
('R1934', 'Left lower quadrant abdominal rigidity', 'R193'),
('R1935', 'Periumbilic abdominal rigidity', 'R193'),
('R1936', 'Epigastric abdominal rigidity', 'R193'),
('R1937', 'Generalized abdominal rigidity', 'R193'),
('R194', 'Change in bowel habit', 'R19'),
('R195', 'Other fecal abnormalities', 'R19'),
('R196', 'Halitosis', 'R19'),
('R197', 'Diarrhea, unspecified', 'R19'),
('R198', 'Oth symptoms and signs involving the dgstv sys and abdomen', 'R19'),
('R200', 'Anesthesia of skin', 'R20'),
('R201', 'Hypoesthesia of skin', 'R20'),
('R202', 'Paresthesia of skin', 'R20'),
('R203', 'Hyperesthesia', 'R20'),
('R208', 'Other disturbances of skin sensation', 'R20'),
('R209', 'Unspecified disturbances of skin sensation', 'R20'),
('R21', 'Rash and other nonspecific skin eruption', DEFAULT),
('R220', 'Localized swelling, mass and lump, head', 'R22'),
('R221', 'Localized swelling, mass and lump, neck', 'R22'),
('R222', 'Localized swelling, mass and lump, trunk', 'R22'),
('R2230', 'Localized swelling, mass and lump, unspecified upper limb', 'R223'),
('R2231', 'Localized swelling, mass and lump, right upper limb', 'R223'),
('R2232', 'Localized swelling, mass and lump, left upper limb', 'R223'),
('R2233', 'Localized swelling, mass and lump, upper limb, bilateral', 'R223'),
('R2240', 'Localized swelling, mass and lump, unspecified lower limb', 'R224'),
('R2241', 'Localized swelling, mass and lump, right lower limb', 'R224'),
('R2242', 'Localized swelling, mass and lump, left lower limb', 'R224'),
('R2243', 'Localized swelling, mass and lump, lower limb, bilateral', 'R224'),
('R229', 'Localized swelling, mass and lump, unspecified', 'R22'),
('R230', 'Cyanosis', 'R23'),
('R231', 'Pallor', 'R23'),
('R232', 'Flushing', 'R23'),
('R233', 'Spontaneous ecchymoses', 'R23'),
('R234', 'Changes in skin texture', 'R23'),
('R238', 'Other skin changes', 'R23'),
('R239', 'Unspecified skin changes', 'R23'),
('R250', 'Abnormal head movements', 'R25'),
('R251', 'Tremor, unspecified', 'R25'),
('R252', 'Cramp and spasm', 'R25'),
('R253', 'Fasciculation', 'R25'),
('R258', 'Other abnormal involuntary movements', 'R25'),
('R259', 'Unspecified abnormal involuntary movements', 'R25'),
('R260', 'Ataxic gait', 'R26'),
('R261', 'Paralytic gait', 'R26'),
('R262', 'Difficulty in walking, not elsewhere classified', 'R26'),
('R2681', 'Unsteadiness on feet', 'R268'),
('R2689', 'Other abnormalities of gait and mobility', 'R268'),
('R269', 'Unspecified abnormalities of gait and mobility', 'R26'),
('R270', 'Ataxia, unspecified', 'R27'),
('R278', 'Other lack of coordination', 'R27'),
('R279', 'Unspecified lack of coordination', 'R27'),
('R290', 'Tetany', 'R29'),
('R291', 'Meningismus', 'R29'),
('R292', 'Abnormal reflex', 'R29'),
('R293', 'Abnormal posture', 'R29'),
('R294', 'Clicking hip', 'R29'),
('R295', 'Transient paralysis', 'R29'),
('R296', 'Repeated falls', 'R29'),
('R29700', 'NIHSS score 0', 'R2970'),
('R29701', 'NIHSS score 1', 'R2970'),
('R29702', 'NIHSS score 2', 'R2970'),
('R29703', 'NIHSS score 3', 'R2970'),
('R29704', 'NIHSS score 4', 'R2970'),
('R29705', 'NIHSS score 5', 'R2970'),
('R29706', 'NIHSS score 6', 'R2970'),
('R29707', 'NIHSS score 7', 'R2970'),
('R29708', 'NIHSS score 8', 'R2970'),
('R29709', 'NIHSS score 9', 'R2970'),
('R29710', 'NIHSS score 10', 'R2971'),
('R29711', 'NIHSS score 11', 'R2971'),
('R29712', 'NIHSS score 12', 'R2971'),
('R29713', 'NIHSS score 13', 'R2971'),
('R29714', 'NIHSS score 14', 'R2971'),
('R29715', 'NIHSS score 15', 'R2971'),
('R29716', 'NIHSS score 16', 'R2971'),
('R29717', 'NIHSS score 17', 'R2971'),
('R29718', 'NIHSS score 18', 'R2971'),
('R29719', 'NIHSS score 19', 'R2971'),
('R29720', 'NIHSS score 20', 'R2972'),
('R29721', 'NIHSS score 21', 'R2972'),
('R29722', 'NIHSS score 22', 'R2972'),
('R29723', 'NIHSS score 23', 'R2972'),
('R29724', 'NIHSS score 24', 'R2972'),
('R29725', 'NIHSS score 25', 'R2972'),
('R29726', 'NIHSS score 26', 'R2972'),
('R29727', 'NIHSS score 27', 'R2972'),
('R29728', 'NIHSS score 28', 'R2972'),
('R29729', 'NIHSS score 29', 'R2972'),
('R29730', 'NIHSS score 30', 'R2973'),
('R29731', 'NIHSS score 31', 'R2973'),
('R29732', 'NIHSS score 32', 'R2973'),
('R29733', 'NIHSS score 33', 'R2973'),
('R29734', 'NIHSS score 34', 'R2973'),
('R29735', 'NIHSS score 35', 'R2973'),
('R29736', 'NIHSS score 36', 'R2973'),
('R29737', 'NIHSS score 37', 'R2973'),
('R29738', 'NIHSS score 38', 'R2973'),
('R29739', 'NIHSS score 39', 'R2973'),
('R29740', 'NIHSS score 40', 'R2974'),
('R29741', 'NIHSS score 41', 'R2974'),
('R29742', 'NIHSS score 42', 'R2974'),
('R29810', 'Facial weakness', 'R2981'),
('R29818', 'Other symptoms and signs involving the nervous system', 'R2981'),
('R29890', 'Loss of height', 'R2989'),
('R29891', 'Ocular torticollis', 'R2989'),
('R29898', 'Oth symptoms and signs involving the musculoskeletal system', 'R2989'),
('R2990', 'Unspecified symptoms and signs involving the nervous system', 'R299'),
('R2991', 'Unsp symptoms and signs involving the musculoskeletal system', 'R299'),
('R300', 'Dysuria', 'R30'),
('R301', 'Vesical tenesmus', 'R30'),
('R309', 'Painful micturition, unspecified', 'R30'),
('R310', 'Gross hematuria', 'R31'),
('R311', 'Benign essential microscopic hematuria', 'R31'),
('R3121', 'Asymptomatic microscopic hematuria', 'R312'),
('R3129', 'Other microscopic hematuria', 'R312'),
('R319', 'Hematuria, unspecified', 'R31'),
('R32', 'Unspecified urinary incontinence', DEFAULT),
('R330', 'Drug induced retention of urine', 'R33'),
('R338', 'Other retention of urine', 'R33'),
('R339', 'Retention of urine, unspecified', 'R33'),
('R34', 'Anuria and oliguria', DEFAULT),
('R350', 'Frequency of micturition', 'R35'),
('R351', 'Nocturia', 'R35'),
('R358', 'Other polyuria', 'R35'),
('R360', 'Urethral discharge without blood', 'R36'),
('R361', 'Hematospermia', 'R36'),
('R369', 'Urethral discharge, unspecified', 'R36'),
('R37', 'Sexual dysfunction, unspecified', DEFAULT),
('R390', 'Extravasation of urine', 'R39'),
('R3911', 'Hesitancy of micturition', 'R391'),
('R3912', 'Poor urinary stream', 'R391'),
('R3913', 'Splitting of urinary stream', 'R391'),
('R3914', 'Feeling of incomplete bladder emptying', 'R391'),
('R3915', 'Urgency of urination', 'R391'),
('R3916', 'Straining to void', 'R391'),
('R39191', 'Need to immediately re-void', 'R3919'),
('R39192', 'Position dependent micturition', 'R3919'),
('R39198', 'Other difficulties with micturition', 'R3919'),
('R392', 'Extrarenal uremia', 'R39'),
('R3981', 'Functional urinary incontinence', 'R398'),
('R3982', 'Chronic bladder pain', 'R398'),
('R3983', 'Unilateral non-palpable testicle', 'R398'),
('R3984', 'Bilateral non-palpable testicles', 'R398'),
('R3989', 'Other symptoms and signs involving the genitourinary system', 'R398'),
('R399', 'Unsp symptoms and signs involving the genitourinary system', 'R39'),
('R400', 'Somnolence', 'R40'),
('R401', 'Stupor', 'R40'),
('R4020', 'Unspecified coma', 'R402'),
('R402110', 'Coma scale, eyes open, never, unspecified time', 'R40211'),
('R402111', 'Coma scale, eyes open, never, in the field', 'R40211'),
('R402112', 'Coma scale, eyes open, never, EMR', 'R40211'),
('R402113', 'Coma scale, eyes open, never, at hospital admission', 'R40211'),
('R402114', 'Coma scale, eyes open, never, 24+hrs', 'R40211'),
('R402120', 'Coma scale, eyes open, to pain, unspecified time', 'R40212'),
('R402121', 'Coma scale, eyes open, to pain, in the field', 'R40212'),
('R402122', 'Coma scale, eyes open, to pain, EMR', 'R40212'),
('R402123', 'Coma scale, eyes open, to pain, at hospital admission', 'R40212'),
('R402124', 'Coma scale, eyes open, to pain, 24+hrs', 'R40212'),
('R402130', 'Coma scale, eyes open, to sound, unspecified time', 'R40213'),
('R402131', 'Coma scale, eyes open, to sound, in the field', 'R40213'),
('R402132', 'Coma scale, eyes open, to sound, EMR', 'R40213'),
('R402133', 'Coma scale, eyes open, to sound, at hospital admission', 'R40213'),
('R402134', 'Coma scale, eyes open, to sound, 24+hrs', 'R40213'),
('R402140', 'Coma scale, eyes open, spontaneous, unspecified time', 'R40214'),
('R402141', 'Coma scale, eyes open, spontaneous, in the field', 'R40214'),
('R402142', 'Coma scale, eyes open, spontaneous, EMR', 'R40214'),
('R402143', 'Coma scale, eyes open, spontaneous, at hospital admission', 'R40214'),
('R402144', 'Coma scale, eyes open, spontaneous, 24+hrs', 'R40214'),
('R402210', 'Coma scale, best verbal response, none, unspecified time', 'R40221'),
('R402211', 'Coma scale, best verbal response, none, in the field', 'R40221'),
('R402212', 'Coma scale, best verbal response, none, EMR', 'R40221'),
('R402213', 'Coma scale, best verbal response, none, admit', 'R40221'),
('R402214', 'Coma scale, best verbal response, none, 24+hrs', 'R40221'),
('R402220', 'Coma scale, best verb, incomprehensible words, unsp time', 'R40222'),
('R402221', 'Coma scale, best verb, incomprehensible words, in the field', 'R40222'),
('R402222', 'Coma scale, best verb, incomprehensible words, EMR', 'R40222'),
('R402223', 'Coma scale, best verb, incomprehensible words, admit', 'R40222'),
('R402224', 'Coma scale, best verb, incomprehensible words, 24+hrs', 'R40222'),
('R402230', 'Coma scale, best verb, inappropriate words, unsp time', 'R40223'),
('R402231', 'Coma scale, best verb, inappropriate words, in the field', 'R40223'),
('R402232', 'Coma scale, best verbal response, inappropriate words, EMR', 'R40223'),
('R402233', 'Coma scale, best verbal response, inappropriate words, admit', 'R40223'),
('R402234', 'Coma scale, best verb, inappropriate words, 24+hrs', 'R40223'),
('R402240', 'Coma scale, best verb, confused conversation, unsp time', 'R40224'),
('R402241', 'Coma scale, best verb, confused conversation, in the field', 'R40224'),
('R402242', 'Coma scale, best verbal response, confused conversation, EMR', 'R40224'),
('R402243', 'Coma scale, best verb, confused conversation, admit', 'R40224'),
('R402244', 'Coma scale, best verb, confused conversation, 24+hrs', 'R40224'),
('R402250', 'Coma scale, best verbal response, oriented, unspecified time', 'R40225'),
('R402251', 'Coma scale, best verbal response, oriented, in the field', 'R40225'),
('R402252', 'Coma scale, best verbal response, oriented, EMR', 'R40225'),
('R402253', 'Coma scale, best verbal response, oriented, admit', 'R40225'),
('R402254', 'Coma scale, best verbal response, oriented, 24+hrs', 'R40225'),
('R402310', 'Coma scale, best motor response, none, unspecified time', 'R40231'),
('R402311', 'Coma scale, best motor response, none, in the field', 'R40231'),
('R402312', 'Coma scale, best motor response, none, EMR', 'R40231'),
('R402313', 'Coma scale, best motor response, none, at hospital admission', 'R40231'),
('R402314', 'Coma scale, best motor response, none, 24+hrs', 'R40231'),
('R402320', 'Coma scale, best motor response, extension, unspecified time', 'R40232'),
('R402321', 'Coma scale, best motor response, extension, in the field', 'R40232'),
('R402322', 'Coma scale, best motor response, extension, EMR', 'R40232'),
('R402323', 'Coma scale, best motor response, extension, admit', 'R40232'),
('R402324', 'Coma scale, best motor response, extension, 24+hrs', 'R40232'),
('R402330', 'Coma scale, best motor response, abnormal, unspecified time', 'R40233'),
('R402331', 'Coma scale, best motor response, abnormal, in the field', 'R40233'),
('R402332', 'Coma scale, best motor response, abnormal, EMR', 'R40233'),
('R402333', 'Coma scale, best motor response, abnormal, admit', 'R40233'),
('R402334', 'Coma scale, best motor response, abnormal, 24+hrs', 'R40233'),
('R402340', 'Coma scale, best motor, flexion withdrawal, unsp time', 'R40234'),
('R402341', 'Coma scale, best motor, flexion withdrawal, in the field', 'R40234'),
('R402342', 'Coma scale, best motor response, flexion withdrawal, EMR', 'R40234'),
('R402343', 'Coma scale, best motor response, flexion withdrawal, admit', 'R40234'),
('R402344', 'Coma scale, best motor response, flexion withdrawal, 24+hrs', 'R40234'),
('R402350', 'Coma scale, best motor response, localizes pain, unsp time', 'R40235'),
('R402351', 'Coma scale, best motor, localizes pain, in the field', 'R40235'),
('R402352', 'Coma scale, best motor response, localizes pain, EMR', 'R40235'),
('R402353', 'Coma scale, best motor response, localizes pain, admit', 'R40235'),
('R402354', 'Coma scale, best motor response, localizes pain, 24+hrs', 'R40235'),
('R402360', 'Coma scale, best motor response, obeys commands, unsp time', 'R40236'),
('R402361', 'Coma scale, best motor, obeys commands, in the field', 'R40236'),
('R402362', 'Coma scale, best motor response, obeys commands, EMR', 'R40236'),
('R402363', 'Coma scale, best motor response, obeys commands, admit', 'R40236'),
('R402364', 'Coma scale, best motor response, obeys commands, 24+hrs', 'R40236'),
('R402410', 'Glasgow coma scale score 13-15, unspecified time', 'R40241'),
('R402411', 'Glasgow coma scale score 13-15, in the field', 'R40241'),
('R402412', 'Glasgow coma scale score 13-15, EMR', 'R40241'),
('R402413', 'Glasgow coma scale score 13-15, at hospital admission', 'R40241'),
('R402414', 'Glasgow coma scale score 13-15, 24+hrs', 'R40241'),
('R402420', 'Glasgow coma scale score 9-12, unspecified time', 'R40242'),
('R402421', 'Glasgow coma scale score 9-12, in the field', 'R40242'),
('R402422', 'Glasgow coma scale score 9-12, EMR', 'R40242'),
('R402423', 'Glasgow coma scale score 9-12, at hospital admission', 'R40242'),
('R402424', 'Glasgow coma scale score 9-12, 24+hrs', 'R40242'),
('R402430', 'Glasgow coma scale score 3-8, unspecified time', 'R40243'),
('R402431', 'Glasgow coma scale score 3-8, in the field', 'R40243'),
('R402432', 'Glasgow coma scale score 3-8, EMR', 'R40243'),
('R402433', 'Glasgow coma scale score 3-8, at hospital admission', 'R40243'),
('R402434', 'Glasgow coma scale score 3-8, 24+hrs', 'R40243'),
('R402440', 'Other coma, without Glasgow, or w/part score, unsp time', 'R40244'),
('R402441', 'Other coma, without Glasgow, or w/part score, in the field', 'R40244'),
('R402442', 'Other coma, without documented Glasgow, or w/part score, EMR', 'R40244'),
('R402443', 'Other coma, without Glasgow, or w/part score, admit', 'R40244'),
('R402444', 'Other coma, without Glasgow, or w/part score, 24+hrs', 'R40244'),
('R403', 'Persistent vegetative state', 'R40'),
('R404', 'Transient alteration of awareness', 'R40'),
('R410', 'Disorientation, unspecified', 'R41'),
('R411', 'Anterograde amnesia', 'R41'),
('R412', 'Retrograde amnesia', 'R41'),
('R413', 'Other amnesia', 'R41'),
('R414', 'Neurologic neglect syndrome', 'R41'),
('R4181', 'Age-related cognitive decline', 'R418'),
('R4182', 'Altered mental status, unspecified', 'R418'),
('R4183', 'Borderline intellectual functioning', 'R418'),
('R41840', 'Attention and concentration deficit', 'R4184'),
('R41841', 'Cognitive communication deficit', 'R4184'),
('R41842', 'Visuospatial deficit', 'R4184'),
('R41843', 'Psychomotor deficit', 'R4184'),
('R41844', 'Frontal lobe and executive function deficit', 'R4184'),
('R4189', 'Oth symptoms and signs w cognitive functions and awareness', 'R418'),
('R419', 'Unsp symptoms and signs w cognitive functions and awareness', 'R41'),
('R42', 'Dizziness and giddiness', DEFAULT),
('R430', 'Anosmia', 'R43'),
('R431', 'Parosmia', 'R43'),
('R432', 'Parageusia', 'R43'),
('R438', 'Other disturbances of smell and taste', 'R43'),
('R439', 'Unspecified disturbances of smell and taste', 'R43'),
('R440', 'Auditory hallucinations', 'R44'),
('R441', 'Visual hallucinations', 'R44'),
('R442', 'Other hallucinations', 'R44'),
('R443', 'Hallucinations, unspecified', 'R44'),
('R448', 'Oth symptoms and signs w general sensations and perceptions', 'R44'),
('R449', 'Unsp symptoms and signs w general sensations and perceptions', 'R44'),
('R450', 'Nervousness', 'R45'),
('R451', 'Restlessness and agitation', 'R45'),
('R452', 'Unhappiness', 'R45'),
('R453', 'Demoralization and apathy', 'R45'),
('R454', 'Irritability and anger', 'R45'),
('R455', 'Hostility', 'R45'),
('R456', 'Violent behavior', 'R45'),
('R457', 'State of emotional shock and stress, unspecified', 'R45'),
('R4581', 'Low self-esteem', 'R458'),
('R4582', 'Worries', 'R458'),
('R4583', 'Excessive crying of child, adolescent or adult', 'R458'),
('R4584', 'Anhedonia', 'R458'),
('R45850', 'Homicidal ideations', 'R4585'),
('R45851', 'Suicidal ideations', 'R4585'),
('R4586', 'Emotional lability', 'R458'),
('R4587', 'Impulsiveness', 'R458'),
('R4589', 'Other symptoms and signs involving emotional state', 'R458'),
('R460', 'Very low level of personal hygiene', 'R46'),
('R461', 'Bizarre personal appearance', 'R46'),
('R462', 'Strange and inexplicable behavior', 'R46'),
('R463', 'Overactivity', 'R46'),
('R464', 'Slowness and poor responsiveness', 'R46'),
('R465', 'Suspiciousness and marked evasiveness', 'R46'),
('R466', 'Undue concern and preoccupation with stressful events', 'R46'),
('R467', 'Verbosity and circumstantial detail obscuring rsn for cntct', 'R46'),
('R4681', 'Obsessive-compulsive behavior', 'R468'),
('R4689', 'Other symptoms and signs involving appearance and behavior', 'R468'),
('R4701', 'Aphasia', 'R470'),
('R4702', 'Dysphasia', 'R470'),
('R471', 'Dysarthria and anarthria', 'R47'),
('R4781', 'Slurred speech', 'R478'),
('R4782', 'Fluency disorder in conditions classified elsewhere', 'R478'),
('R4789', 'Other speech disturbances', 'R478'),
('R479', 'Unspecified speech disturbances', 'R47'),
('R480', 'Dyslexia and alexia', 'R48'),
('R481', 'Agnosia', 'R48'),
('R482', 'Apraxia', 'R48'),
('R483', 'Visual agnosia', 'R48'),
('R488', 'Other symbolic dysfunctions', 'R48'),
('R489', 'Unspecified symbolic dysfunctions', 'R48'),
('R490', 'Dysphonia', 'R49'),
('R491', 'Aphonia', 'R49'),
('R4921', 'Hypernasality', 'R492'),
('R4922', 'Hyponasality', 'R492'),
('R498', 'Other voice and resonance disorders', 'R49'),
('R499', 'Unspecified voice and resonance disorder', 'R49'),
('R502', 'Drug induced fever', 'R50'),
('R5081', 'Fever presenting with conditions classified elsewhere', 'R508'),
('R5082', 'Postprocedural fever', 'R508'),
('R5083', 'Postvaccination fever', 'R508'),
('R5084', 'Febrile nonhemolytic transfusion reaction', 'R508'),
('R509', 'Fever, unspecified', 'R50'),
('R51', 'Headache', DEFAULT),
('R52', 'Pain, unspecified', DEFAULT),
('R530', 'Neoplastic (malignant) related fatigue', 'R53'),
('R531', 'Weakness', 'R53'),
('R532', 'Functional quadriplegia', 'R53'),
('R5381', 'Other malaise', 'R538'),
('R5382', 'Chronic fatigue, unspecified', 'R538'),
('R5383', 'Other fatigue', 'R538'),
('R54', 'Age-related physical debility', DEFAULT),
('R55', 'Syncope and collapse', DEFAULT),
('R5600', 'Simple febrile convulsions', 'R560'),
('R5601', 'Complex febrile convulsions', 'R560'),
('R561', 'Post traumatic seizures', 'R56'),
('R569', 'Unspecified convulsions', 'R56'),
('R570', 'Cardiogenic shock', 'R57'),
('R571', 'Hypovolemic shock', 'R57'),
('R578', 'Other shock', 'R57'),
('R579', 'Shock, unspecified', 'R57'),
('R58', 'Hemorrhage, not elsewhere classified', DEFAULT),
('R590', 'Localized enlarged lymph nodes', 'R59'),
('R591', 'Generalized enlarged lymph nodes', 'R59'),
('R599', 'Enlarged lymph nodes, unspecified', 'R59'),
('R600', 'Localized edema', 'R60'),
('R601', 'Generalized edema', 'R60'),
('R609', 'Edema, unspecified', 'R60'),
('R61', 'Generalized hyperhidrosis', DEFAULT),
('R620', 'Delayed milestone in childhood', 'R62'),
('R6250', 'Unsp lack of expected normal physiol dev in childhood', 'R625'),
('R6251', 'Failure to thrive (child)', 'R625'),
('R6252', 'Short stature (child)', 'R625'),
('R6259', 'Oth lack of expected normal physiol development in childhood', 'R625'),
('R627', 'Adult failure to thrive', 'R62'),
('R630', 'Anorexia', 'R63'),
('R631', 'Polydipsia', 'R63'),
('R632', 'Polyphagia', 'R63'),
('R633', 'Feeding difficulties', 'R63'),
('R634', 'Abnormal weight loss', 'R63'),
('R635', 'Abnormal weight gain', 'R63'),
('R636', 'Underweight', 'R63'),
('R638', 'Other symptoms and signs concerning food and fluid intake', 'R63'),
('R64', 'Cachexia', DEFAULT),
('R6510', 'SIRS of non-infectious origin w/o acute organ dysfunction', 'R651'),
('R6511', 'SIRS of non-infectious origin w acute organ dysfunction', 'R651'),
('R6520', 'Severe sepsis without septic shock', 'R652'),
('R6521', 'Severe sepsis with septic shock', 'R652'),
('R680', 'Hypothermia, not associated w low environmental temperature', 'R68'),
('R6811', 'Excessive crying of infant (baby)', 'R681'),
('R6812', 'Fussy infant (baby)', 'R681'),
('R6813', 'Apparent life threatening event in infant (ALTE)', 'R681'),
('R6819', 'Other nonspecific symptoms peculiar to infancy', 'R681'),
('R682', 'Dry mouth, unspecified', 'R68'),
('R683', 'Clubbing of fingers', 'R68'),
('R6881', 'Early satiety', 'R688'),
('R6882', 'Decreased libido', 'R688'),
('R6883', 'Chills (without fever)', 'R688'),
('R6884', 'Jaw pain', 'R688'),
('R6889', 'Other general symptoms and signs', 'R688'),
('R69', 'Illness, unspecified', DEFAULT),
('R700', 'Elevated erythrocyte sedimentation rate', 'R70'),
('R701', 'Abnormal plasma viscosity', 'R70'),
('R710', 'Precipitous drop in hematocrit', 'R71'),
('R718', 'Other abnormality of red blood cells', 'R71'),
('R7301', 'Impaired fasting glucose', 'R730'),
('R7302', 'Impaired glucose tolerance (oral)', 'R730'),
('R7303', 'Prediabetes', 'R730'),
('R7309', 'Other abnormal glucose', 'R730'),
('R739', 'Hyperglycemia, unspecified', 'R73'),
('R740', 'Nonspec elev of levels of transamns & lactic acid dehydrgnse', 'R74'),
('R748', 'Abnormal levels of other serum enzymes', 'R74'),
('R749', 'Abnormal serum enzyme level, unspecified', 'R74'),
('R75', 'Inconclusive laboratory evidence of human immunodef virus', DEFAULT),
('R760', 'Raised antibody titer', 'R76'),
('R7611', 'Nonspecific reaction to skin test w/o active tuberculosis', 'R761'),
('R7612', 'Nonspec reaction to gamma intrfrn respns w/o actv tubrclosis', 'R761'),
('R768', 'Other specified abnormal immunological findings in serum', 'R76'),
('R769', 'Abnormal immunological finding in serum, unspecified', 'R76'),
('R770', 'Abnormality of albumin', 'R77'),
('R771', 'Abnormality of globulin', 'R77'),
('R772', 'Abnormality of alphafetoprotein', 'R77'),
('R778', 'Other specified abnormalities of plasma proteins', 'R77'),
('R779', 'Abnormality of plasma protein, unspecified', 'R77'),
('R780', 'Finding of alcohol in blood', 'R78'),
('R781', 'Finding of opiate drug in blood', 'R78'),
('R782', 'Finding of cocaine in blood', 'R78'),
('R783', 'Finding of hallucinogen in blood', 'R78'),
('R784', 'Finding of other drugs of addictive potential in blood', 'R78'),
('R785', 'Finding of other psychotropic drug in blood', 'R78'),
('R786', 'Finding of steroid agent in blood', 'R78'),
('R7871', 'Abnormal lead level in blood', 'R787'),
('R7879', 'Finding of abnormal level of heavy metals in blood', 'R787'),
('R7881', 'Bacteremia', 'R788'),
('R7889', 'Finding of oth substances, not normally found in blood', 'R788'),
('R789', 'Finding of unsp substance, not normally found in blood', 'R78'),
('R790', 'Abnormal level of blood mineral', 'R79'),
('R791', 'Abnormal coagulation profile', 'R79'),
('R7981', 'Abnormal blood-gas level', 'R798'),
('R7982', 'Elevated C-reactive protein (CRP)', 'R798'),
('R7989', 'Other specified abnormal findings of blood chemistry', 'R798'),
('R799', 'Abnormal finding of blood chemistry, unspecified', 'R79'),
('R800', 'Isolated proteinuria', 'R80'),
('R801', 'Persistent proteinuria, unspecified', 'R80'),
('R802', 'Orthostatic proteinuria, unspecified', 'R80'),
('R803', 'Bence Jones proteinuria', 'R80'),
('R808', 'Other proteinuria', 'R80'),
('R809', 'Proteinuria, unspecified', 'R80'),
('R81', 'Glycosuria', DEFAULT),
('R820', 'Chyluria', 'R82'),
('R821', 'Myoglobinuria', 'R82'),
('R822', 'Biliuria', 'R82'),
('R823', 'Hemoglobinuria', 'R82'),
('R824', 'Acetonuria', 'R82'),
('R825', 'Elevated urine levels of drug/meds/biol subst', 'R82'),
('R826', 'Abnormal urine levels of substances chiefly nonmed source', 'R82'),
('R8271', 'Bacteriuria', 'R827'),
('R8279', 'Other abnormal findings on microbiolog examination of urine', 'R827'),
('R828', 'Abnormal findings on cytolog and histolog exam of urine', 'R82'),
('R8290', 'Unspecified abnormal findings in urine', 'R829'),
('R8291', 'Other chromoabnormalities of urine', 'R829'),
('R8299', 'Other abnormal findings in urine', 'R829'),
('R830', 'Abnormal level of enzymes in cerebrospinal fluid', 'R83'),
('R831', 'Abnormal level of hormones in cerebrospinal fluid', 'R83'),
('R832', 'Abn lev drug/meds/biol subst in cerebrospinal fluid', 'R83'),
('R833', 'Abn lev substances chiefly nonmedicinal as to source in CSF', 'R83'),
('R834', 'Abnormal immunological findings in cerebrospinal fluid', 'R83'),
('R835', 'Abnormal microbiological findings in cerebrospinal fluid', 'R83'),
('R836', 'Abnormal cytological findings in cerebrospinal fluid', 'R83'),
('R838', 'Other abnormal findings in cerebrospinal fluid', 'R83'),
('R839', 'Unspecified abnormal finding in cerebrospinal fluid', 'R83'),
('R840', 'Abnormal level of enzymes in specimens from resp org/thrx', 'R84'),
('R841', 'Abnormal level of hormones in specimens from resp org/thrx', 'R84'),
('R842', 'Abn lev drug/meds/biol subst in specimens from resp org/thrx', 'R84'),
('R843', 'Abn lev substnc nonmed source in specmn from resp org/thrx', 'R84'),
('R844', 'Abnormal immunolog findings in specimens from resp org/thrx', 'R84'),
('R845', 'Abnormal microbiolog findings in specmn from resp org/thrx', 'R84'),
('R846', 'Abnormal cytolog findings in specimens from resp org/thrx', 'R84'),
('R847', 'Abnormal histolog findings in specimens from resp org/thrx', 'R84'),
('R848', 'Oth abnormal findings in specimens from resp org/thrx', 'R84'),
('R849', 'Unsp abnormal finding in specimens from resp org/thrx', 'R84'),
('R850', 'Abn lev enzymes in specimens from dgstv org/abd cav', 'R85'),
('R851', 'Abn lev hormones in specimens from dgstv org/abd cav', 'R85'),
('R852', 'Abn lev drug/meds/biol subst in specmn fr dgstv org/abd cav', 'R85'),
('R853', 'Abn lev substnc nonmed source in specmn fr dgstv org/abd cav', 'R85'),
('R854', 'Abnormal immunolog findings in specmn from dgstv org/abd cav', 'R85'),
('R855', 'Abn microbiolog findings in specmn from dgstv org/abd cav', 'R85'),
('R85610', 'Atyp squam cell of undet signfc cyto smr anus (ASC-US)', 'R8561'),
('R85611', 'Atyp squam cell not excl hi grd intrepith lesn cyto smr anus', 'R8561'),
('R85612', 'Low grade intrepith lesion cyto smr anus (LGSIL)', 'R8561'),
('R85613', 'High grade intrepith lesion cyto smr anus (HGSIL)', 'R8561'),
('R85614', 'Cytologic evidence of malignancy on smear of anus', 'R8561'),
('R85615', 'Unsatisfactory cytologic smear of anus', 'R8561'),
('R85616', 'Satisfactory anal smear but lacking transformation zone', 'R8561'),
('R85618', 'Other abnormal cytological findings on specimens from anus', 'R8561'),
('R85619', 'Unsp abnormal cytological findings in specimens from anus', 'R8561'),
('R8569', 'Abn cytolog findings in specmn from oth dgstv org/abd cav', 'R856'),
('R857', 'Abnormal histolog findings in specmn from dgstv org/abd cav', 'R85'),
('R8581', 'Anal high risk human papillomavirus (HPV) DNA test positive', 'R858'),
('R8582', 'Anal low risk human papillomavirus (HPV) DNA test positive', 'R858'),
('R8589', 'Oth abnormal findings in specimens from dgstv org/abd cav', 'R858'),
('R859', 'Unsp abnormal finding in specimens from dgstv org/abd cav', 'R85'),
('R860', 'Abn lev enzymes in specimens from male genital organs', 'R86'),
('R861', 'Abn lev hormones in specimens from male genital organs', 'R86'),
('R862', 'Abn lev drug/meds/biol subst in specmn from male gntl organs', 'R86'),
('R863', 'Abn lev substnc nonmed source in specmn from male gntl org', 'R86'),
('R864', 'Abn immunolog findings in specmn from male genital organs', 'R86'),
('R865', 'Abn microbiolog findings in specmn from male genital organs', 'R86'),
('R866', 'Abnormal cytolog findings in specmn from male genital organs', 'R86'),
('R867', 'Abn histolog findings in specmn from male genital organs', 'R86'),
('R868', 'Oth abnormal findings in specimens from male genital organs', 'R86'),
('R869', 'Unsp abnormal finding in specimens from male genital organs', 'R86'),
('R870', 'Abn lev enzymes in specimens from female genital organs', 'R87'),
('R871', 'Abn lev hormones in specimens from female genital organs', 'R87'),
('R872', 'Abn lev drug/meds/biol subst in specmn from fem gntl organs', 'R87'),
('R873', 'Abn lev substnc nonmed source in specmn from fem gntl organs', 'R87'),
('R874', 'Abn immunolog findings in specmn from female genital organs', 'R87'),
('R875', 'Abn microbiolog find in specmn from female genital organs', 'R87'),
('R87610', 'Atyp squam cell of undet signfc cyto smr crvx (ASC-US)', 'R8761'),
('R87611', 'Atyp squam cell not excl hi grd intrepith lesn cyto smr crvx', 'R8761'),
('R87612', 'Low grade intrepith lesion cyto smr crvx (LGSIL)', 'R8761'),
('R87613', 'High grade intrepith lesion cyto smr crvx (HGSIL)', 'R8761'),
('R87614', 'Cytologic evidence of malignancy on smear of cervix', 'R8761'),
('R87615', 'Unsatisfactory cytologic smear of cervix', 'R8761'),
('R87616', 'Satisfactory cervical smear but lacking transformation zone', 'R8761'),
('R87618', 'Oth abnormal cytolog findings on specimens from cervix uteri', 'R8761'),
('R87619', 'Unsp abnormal cytolog findings in specmn from cervix uteri', 'R8761'),
('R87620', 'Atyp squam cell of undet signfc cyto smr vagn (ASC-US)', 'R8762'),
('R87621', 'Atyp squam cell not excl hi grd intrepith lesn cyto smr vagn', 'R8762'),
('R87622', 'Low grade intrepith lesion cyto smr vagn (LGSIL)', 'R8762'),
('R87623', 'High grade intrepith lesion cyto smr vagn (HGSIL)', 'R8762'),
('R87624', 'Cytologic evidence of malignancy on smear of vagina', 'R8762'),
('R87625', 'Unsatisfactory cytologic smear of vagina', 'R8762'),
('R87628', 'Other abnormal cytological findings on specimens from vagina', 'R8762'),
('R87629', 'Unsp abnormal cytological findings in specimens from vagina', 'R8762'),
('R8769', 'Abn cytolog find in specmn from oth female genital organs', 'R876'),
('R877', 'Abn histolog findings in specmn from female genital organs', 'R87'),
('R87810', 'Cervical high risk HPV DNA test positive', 'R8781'),
('R87811', 'Vaginal high risk HPV DNA test positive', 'R8781'),
('R87820', 'Cervical low risk HPV DNA test positive', 'R8782'),
('R87821', 'Vaginal low risk HPV DNA test positive', 'R8782'),
('R8789', 'Oth abnormal findings in specmn from female genital organs', 'R878'),
('R879', 'Unsp abnormal finding in specmn from female genital organs', 'R87'),
('R880', 'Cloudy (hemodialysis) (peritoneal) dialysis effluent', 'R88'),
('R888', 'Abnormal findings in other body fluids and substances', 'R88'),
('R890', 'Abnormal level of enzymes in specimens from oth org/tiss', 'R89'),
('R891', 'Abnormal level of hormones in specimens from oth org/tiss', 'R89'),
('R892', 'Abn lev drug/meds/biol subst in specimens from oth org/tiss', 'R89'),
('R893', 'Abn lev substnc nonmed source in specmn from oth org/tiss', 'R89'),
('R894', 'Abnormal immunolog findings in specimens from oth org/tiss', 'R89'),
('R895', 'Abnormal microbiolog findings in specimens from oth org/tiss', 'R89'),
('R896', 'Abnormal cytological findings in specimens from oth org/tiss', 'R89'),
('R897', 'Abnormal histolog findings in specimens from oth org/tiss', 'R89'),
('R898', 'Oth abnormal findings in specimens from oth org/tiss', 'R89'),
('R899', 'Unsp abnormal finding in specimens from oth org/tiss', 'R89'),
('R900', 'Intcrn space-occupying lesion found on dx imaging of cnsl', 'R90'),
('R9081', 'Abnormal echoencephalogram', 'R908'),
('R9082', 'White matter disease, unspecified', 'R908'),
('R9089', 'Oth abnormal findings on diagnostic imaging of cnsl', 'R908'),
('R911', 'Solitary pulmonary nodule', 'R91'),
('R918', 'Other nonspecific abnormal finding of lung field', 'R91'),
('R920', 'Mammographic microcalcification found on dx imaging of brst', 'R92'),
('R921', 'Mammographic calcifcn found on diagnostic imaging of breast', 'R92'),
('R922', 'Inconclusive mammogram', 'R92'),
('R928', 'Oth abn and inconclusive findings on dx imaging of breast', 'R92'),
('R930', 'Abnormal findings on dx imaging of skull and head, NEC', 'R93'),
('R931', 'Abnormal findings on dx imaging of heart and cor circ', 'R93'),
('R932', 'Abnormal findings on dx imaging of liver and biliary tract', 'R93'),
('R933', 'Abnormal findings on dx imaging of prt digestive tract', 'R93'),
('R9341', 'Abn radlgc find on dx imaging renal pelv, ureter, or blddr', 'R934'),
('R93421', 'Abnormal radiologic findings on dx imaging of r kidney', 'R9342'),
('R93422', 'Abnormal radiologic findings on dx imaging of left kidney', 'R9342'),
('R93429', 'Abnormal radiologic findings on dx imaging of unsp kidney', 'R9342'),
('R9349', 'Abn radlgc findings on dx imaging of other urinary organs', 'R934'),
('R935', 'Abn findings on dx imaging of abd regions, inc retroperiton', 'R93'),
('R936', 'Abnormal findings on diagnostic imaging of limbs', 'R93'),
('R937', 'Abnormal findings on diagnostic imaging of prt ms sys', 'R93'),
('R938', 'Abnormal findings on diagnostic imaging of body structures', 'R93'),
('R939', 'Dx imaging inconclusive due to excess body fat of patient', 'R93'),
('R9401', 'Abnormal electroencephalogram [EEG]', 'R940'),
('R9402', 'Abnormal brain scan', 'R940'),
('R9409', 'Abnormal results of function studies of cnsl', 'R940'),
('R94110', 'Abnormal electro-oculogram [EOG]', 'R9411'),
('R94111', 'Abnormal electroretinogram [ERG]', 'R9411'),
('R94112', 'Abnormal visually evoked potential [VEP]', 'R9411'),
('R94113', 'Abnormal oculomotor study', 'R9411'),
('R94118', 'Abnormal results of other function studies of eye', 'R9411'),
('R94120', 'Abnormal auditory function study', 'R9412'),
('R94121', 'Abnormal vestibular function study', 'R9412'),
('R94128', 'Abn results of function studies of ear and oth sp senses', 'R9412'),
('R94130', 'Abnormal response to nerve stimulation, unspecified', 'R9413'),
('R94131', 'Abnormal electromyogram [EMG]', 'R9413'),
('R94138', 'Abnormal results of function studies of prph nervous sys', 'R9413'),
('R942', 'Abnormal results of pulmonary function studies', 'R94'),
('R9430', 'Abnormal result of cardiovascular function study, unsp', 'R943'),
('R9431', 'Abnormal electrocardiogram [ECG] [EKG]', 'R943'),
('R9439', 'Abnormal result of other cardiovascular function study', 'R943'),
('R944', 'Abnormal results of kidney function studies', 'R94'),
('R945', 'Abnormal results of liver function studies', 'R94'),
('R946', 'Abnormal results of thyroid function studies', 'R94'),
('R947', 'Abnormal results of other endocrine function studies', 'R94'),
('R948', 'Abnormal results of function studies of organs and systems', 'R94'),
('R970', 'Elevated carcinoembryonic antigen [CEA]', 'R97'),
('R971', 'Elevated cancer antigen 125 [CA 125]', 'R97'),
('R9720', 'Elevated prostate specific antigen [PSA]', 'R972'),
('R9721', 'Rising PSA fol treatment for malignant neoplasm of prostate', 'R972'),
('R978', 'Other abnormal tumor markers', 'R97'),
('R99', 'Ill-defined and unknown cause of mortality', DEFAULT),
('R00', 'Abnormalities of heart beat', DEFAULT),
('R01', 'Cardiac murmurs and other cardiac sounds', DEFAULT),
('R03', 'Abnormal blood-pressure reading, without diagnosis', DEFAULT),
('R04', 'Hemorrhage from respiratory passages', DEFAULT),
('R048', 'Hemorrhage from other sites in respiratory passages', 'R04'),
('R06', 'Abnormalities of breathing', DEFAULT),
('R060', 'Dyspnea', 'R06'),
('R068', 'Other abnormalities of breathing', 'R06'),
('R07', 'Pain in throat and chest', DEFAULT),
('R078', 'Other chest pain', 'R07'),
('R09', 'Other symptoms and signs involving the circulatory and respiratory system', DEFAULT),
('R090', 'Asphyxia and hypoxemia', 'R09'),
('R098', 'Other specified symptoms and signs involving the circulatory and respiratory systems', 'R09'),
('R10', 'Abdominal and pelvic pain', DEFAULT),
('R101', 'Pain localized to upper abdomen', 'R10'),
('R103', 'Pain localized to other parts of lower abdomen', 'R10'),
('R108', 'Other abdominal pain', 'R10'),
('R1081', 'Abdominal tenderness', 'R108'),
('R1082', 'Rebound abdominal tenderness', 'R108'),
('R11', 'Nausea and vomiting', DEFAULT),
('R111', 'Vomiting', 'R11'),
('R13', 'Aphagia and dysphagia', DEFAULT),
('R131', 'Dysphagia', 'R13'),
('R14', 'Flatulence and related conditions', DEFAULT),
('R15', 'Fecal incontinence', DEFAULT),
('R16', 'Hepatomegaly and splenomegaly, not elsewhere classified', DEFAULT),
('R18', 'Ascites', DEFAULT),
('R19', 'Other symptoms and signs involving the digestive system and abdomen', DEFAULT),
('R190', 'Intra-abdominal and pelvic swelling, mass and lump', 'R19'),
('R191', 'Abnormal bowel sounds', 'R19'),
('R193', 'Abdominal rigidity', 'R19'),
('R20', 'Disturbances of skin sensation', DEFAULT),
('R22', 'Localized swelling, mass and lump of skin and subcutaneous tissue', DEFAULT),
('R223', 'Localized swelling, mass and lump, upper limb', 'R22'),
('R224', 'Localized swelling, mass and lump, lower limb', 'R22'),
('R23', 'Other skin changes', DEFAULT),
('R25', 'Abnormal involuntary movements', DEFAULT),
('R26', 'Abnormalities of gait and mobility', DEFAULT),
('R268', 'Other abnormalities of gait and mobility', 'R26'),
('R27', 'Other lack of coordination', DEFAULT),
('R29', 'Other symptoms and signs involving the nervous and musculoskeletal systems', DEFAULT),
('R297', 'National Institutes of Health Stroke Scale (NIHSS) score', 'R29'),
('R2970', 'NIHSS score 0-9', 'R297'),
('R2971', 'NIHSS score 10-19', 'R297'),
('R2972', 'NIHSS score 20-29', 'R297'),
('R2973', 'NIHSS score 30-39', 'R297'),
('R2974', 'NIHSS score 40-42', 'R297'),
('R298', 'Other symptoms and signs involving the nervous and musculoskeletal systems', 'R29'),
('R2981', 'Other symptoms and signs involving the nervous system', 'R298'),
('R2989', 'Other symptoms and signs involving the musculoskeletal system', 'R298'),
('R299', 'Unspecified symptoms and signs involving the nervous and musculoskeletal systems', 'R29'),
('R30', 'Pain associated with micturition', DEFAULT),
('R31', 'Hematuria', DEFAULT),
('R312', 'Other microscopic hematuria', 'R31'),
('R33', 'Retention of urine', DEFAULT),
('R35', 'Polyuria', DEFAULT),
('R36', 'Urethral discharge', DEFAULT),
('R39', 'Other and unspecified symptoms and signs involving the genitourinary system', DEFAULT),
('R391', 'Other difficulties with micturition', 'R39'),
('R3919', 'Other difficulties with micturition', 'R391'),
('R398', 'Other symptoms and signs involving the genitourinary system', 'R39'),
('R40', 'Somnolence, stupor and coma', DEFAULT),
('R402', 'Coma', 'R40'),
('R4021', 'Coma scale, eyes open', 'R402'),
('R40211', 'Coma scale, eyes open, never', 'R4021'),
('R40212', 'Coma scale, eyes open, to pain', 'R4021'),
('R40213', 'Coma scale, eyes open, to sound', 'R4021'),
('R40214', 'Coma scale, eyes open, spontaneous', 'R4021'),
('R4022', 'Coma scale, best verbal response', 'R402'),
('R40221', 'Coma scale, best verbal response, none', 'R4022'),
('R40222', 'Coma scale, best verbal response, incomprehensible words', 'R4022'),
('R40223', 'Coma scale, best verbal response, inappropriate words', 'R4022'),
('R40224', 'Coma scale, best verbal response, confused conversation', 'R4022'),
('R40225', 'Coma scale, best verbal response, oriented', 'R4022'),
('R4023', 'Coma scale, best motor response', 'R402'),
('R40231', 'Coma scale, best motor response, none', 'R4023'),
('R40232', 'Coma scale, best motor response, extension', 'R4023'),
('R40233', 'Coma scale, best motor response, abnormal', 'R4023'),
('R40234', 'Coma scale, best motor response, flexion withdrawal', 'R4023'),
('R40235', 'Coma scale, best motor response, localizes pain', 'R4023'),
('R40236', 'Coma scale, best motor response, obeys commands', 'R4023'),
('R4024', 'Glasgow coma scale, total score', 'R402'),
('R40241', 'Glasgow coma scale score 13-15', 'R4024'),
('R40242', 'Glasgow coma scale score 9-12', 'R4024'),
('R40243', 'Glasgow coma scale score 3-8', 'R4024'),
('R40244', 'Other coma, without documented Glasgow coma scale score, or with partial score reported', 'R4024'),
('R41', 'Other symptoms and signs involving cognitive functions and awareness', DEFAULT),
('R418', 'Other symptoms and signs involving cognitive functions and awareness', 'R41'),
('R4184', 'Other specified cognitive deficit', 'R418'),
('R43', 'Disturbances of smell and taste', DEFAULT),
('R44', 'Other symptoms and signs involving general sensations and perceptions', DEFAULT),
('R45', 'Symptoms and signs involving emotional state', DEFAULT),
('R458', 'Other symptoms and signs involving emotional state', 'R45'),
('R4585', 'Homicidal and suicidal ideations', 'R458'),
('R46', 'Symptoms and signs involving appearance and behavior', DEFAULT),
('R468', 'Other symptoms and signs involving appearance and behavior', 'R46'),
('R47', 'Speech disturbances, not elsewhere classified', DEFAULT),
('R470', 'Dysphasia and aphasia', 'R47'),
('R478', 'Other speech disturbances', 'R47'),
('R48', 'Dyslexia and other symbolic dysfunctions, not elsewhere classified', DEFAULT),
('R49', 'Voice and resonance disorders', DEFAULT),
('R492', 'Hypernasality and hyponasality', 'R49'),
('R50', 'Fever of other and unknown origin', DEFAULT),
('R508', 'Other specified fever', 'R50'),
('R53', 'Malaise and fatigue', DEFAULT),
('R538', 'Other malaise and fatigue', 'R53'),
('R56', 'Convulsions, not elsewhere classified', DEFAULT),
('R560', 'Febrile convulsions', 'R56'),
('R57', 'Shock, not elsewhere classified', DEFAULT),
('R59', 'Enlarged lymph nodes', DEFAULT),
('R60', 'Edema, not elsewhere classified', DEFAULT),
('R62', 'Lack of expected normal physiological development in childhood and adults', DEFAULT),
('R625', 'Other and unspecified lack of expected normal physiological development in childhood', 'R62'),
('R63', 'Symptoms and signs concerning food and fluid intake', DEFAULT),
('R65', 'Symptoms and signs specifically associated with systemic inflammation and infection', DEFAULT),
('R651', 'Systemic inflammatory response syndrome (SIRS) of non-infectious origin', 'R65'),
('R652', 'Severe sepsis', 'R65'),
('R68', 'Other general symptoms and signs', DEFAULT),
('R681', 'Nonspecific symptoms peculiar to infancy', 'R68'),
('R688', 'Other general symptoms and signs', 'R68'),
('R70', 'Elevated erythrocyte sedimentation rate and abnormality of plasma viscosity', DEFAULT),
('R71', 'Abnormality of red blood cells', DEFAULT),
('R73', 'Elevated blood glucose level', DEFAULT),
('R730', 'Abnormal glucose', 'R73'),
('R74', 'Abnormal serum enzyme levels', DEFAULT),
('R76', 'Other abnormal immunological findings in serum', DEFAULT),
('R761', 'Nonspecific reaction to test for tuberculosis', 'R76'),
('R77', 'Other abnormalities of plasma proteins', DEFAULT),
('R78', 'Findings of drugs and other substances, not normally found in blood', DEFAULT),
('R787', 'Finding of abnormal level of heavy metals in blood', 'R78'),
('R788', 'Finding of other specified substances, not normally found in blood', 'R78'),
('R79', 'Other abnormal findings of blood chemistry', DEFAULT),
('R798', 'Other specified abnormal findings of blood chemistry', 'R79'),
('R80', 'Proteinuria', DEFAULT),
('R82', 'Other and unspecified abnormal findings in urine', DEFAULT),
('R827', 'Abnormal findings on microbiological examination of urine', 'R82'),
('R829', 'Other and unspecified abnormal findings in urine', 'R82'),
('R83', 'Abnormal findings in cerebrospinal fluid', DEFAULT),
('R84', 'Abnormal findings in specimens from respiratory organs and thorax', DEFAULT),
('R85', 'Abnormal findings in specimens from digestive organs and abdominal cavity', DEFAULT),
('R856', 'Abnormal cytological findings in specimens from digestive organs and abdominal cavity', 'R85'),
('R8561', 'Abnormal cytologic smear of anus', 'R856'),
('R858', 'Other abnormal findings in specimens from digestive organs and abdominal cavity', 'R85'),
('R86', 'Abnormal findings in specimens from male genital organs', DEFAULT),
('R87', 'Abnormal findings in specimens from female genital organs', DEFAULT),
('R876', 'Abnormal cytological findings in specimens from female genital organs', 'R87'),
('R8761', 'Abnormal cytological findings in specimens from cervix uteri', 'R876'),
('R8762', 'Abnormal cytological findings in specimens from vagina', 'R876'),
('R878', 'Other abnormal findings in specimens from female genital organs', 'R87'),
('R8781', 'High risk human papillomavirus (HPV) DNA test positive from female genital organs', 'R878'),
('R8782', 'Low risk human papillomavirus (HPV) DNA test positive from female genital organs', 'R878'),
('R88', 'Abnormal findings in other body fluids and substances', DEFAULT),
('R89', 'Abnormal findings in specimens from other organs, systems and tissues', DEFAULT),
('R90', 'Abnormal findings on diagnostic imaging of central nervous system', DEFAULT),
('R908', 'Other abnormal findings on diagnostic imaging of central nervous system', 'R90'),
('R91', 'Abnormal findings on diagnostic imaging of lung', DEFAULT),
('R92', 'Abnormal and inconclusive findings on diagnostic imaging of breast', DEFAULT),
('R93', 'Abnormal findings on diagnostic imaging of other body structures', DEFAULT),
('R934', 'Abnormal findings on diagnostic imaging of urinary organs', 'R93'),
('R9342', 'Abnormal radiologic findings on diagnostic imaging of kidney', 'R934'),
('R94', 'Abnormal results of function studies', DEFAULT),
('R940', 'Abnormal results of function studies of central nervous system', 'R94'),
('R941', 'Abnormal results of function studies of peripheral nervous system and special senses', 'R94'),
('R9411', 'Abnormal results of function studies of eye', 'R941'),
('R9412', 'Abnormal results of function studies of ear and other special senses', 'R941'),
('R9413', 'Abnormal results of function studies of peripheral nervous system', 'R941'),
('R943', 'Abnormal results of cardiovascular function studies', 'R94'),
('R97', 'Abnormal tumor markers', DEFAULT),
('R972', 'Elevated prostate specific antigen [PSA]', 'R97');
/* INSERT DATA INTO `tests` TABLE */
INSERT INTO tests (test_id, test_name) VALUES
(1, 'extend compelling technologies'),
(2, 'innovate mission-critical methodologies'),
(3, 'engineer cutting-edge portals'),
(4, 'empower one-to-one functionalities'),
(5, 'seize intuitive synergies'),
(6, 'integrate value-added channels'),
(7, 'matrix 24/7 e-markets'),
(8, 'synergize compelling web-readiness'),
(9, 'harness global infrastructures'),
(10, 'scale impactful experiences'),
(11, 'benchmark magnetic markets'),
(12, 'architect transparent web-readiness'),
(13, 'streamline wireless channels'),
(14, 'engage seamless e-markets'),
(15, 'strategize leading-edge systems'),
(16, 'matrix B2B schemas'),
(17, 'productize end-to-end experiences'),
(18, 'architect frictionless infrastructures'),
(19, 'maximize collaborative technologies'),
(20, 'empower dot-com e-tailers'),
(21, 'strategize value-added functionalities'),
(22, 'cultivate scalable deliverables'),
(23, 'revolutionize innovative synergies'),
(24, 'whiteboard front-end eyeballs'),
(25, 'revolutionize B2B mindshare'),
(26, 'enable one-to-one supply-chains'),
(27, 'implement world-class eyeballs'),
(28, 'facilitate innovative infrastructures'),
(29, 'disintermediate best-of-breed portals'),
(30, 'grow open-source methodologies'),
(31, 'synthesize collaborative users'),
(32, 'mesh strategic infrastructures'),
(33, 'harness visionary architectures'),
(34, 'revolutionize wireless users'),
(35, 'syndicate cutting-edge deliverables'),
(36, 'optimize magnetic eyeballs'),
(37, 'visualize wireless mindshare'),
(38, 'harness B2B partnerships'),
(39, 'orchestrate B2C paradigms'),
(40, 'synergize one-to-one web services');
/* INSERT DATA INTO `specialized_labs` TABLE */
INSERT INTO specialized_labs (address, lab_id, phone_number) VALUES
('80655 John Club Suite 156\nNew Andrew, DE 05777', 1, '849-457-6959'),
('752 Kathleen Neck\nPort Paul, TX 76557', 2, '001-505-254-7760'),
('56433 Estes Plain Suite 739\nClaireberg, IA 19365', 3, '307.992.9759x5692'),
('6483 Anthony Island\nNorth Jamesborough, GA 73536', 4, '001-482-891-7732x95931'),
('8675 Sophia Corners Apt. 180\nStephanieville, OK 31293', 5, '148.476.5601x052'),
('USNS Ramirez\nFPO AE 24579', 6, '0141962998'),
('623 Michael Shoals\nGregoryview, VA 92174', 7, '001-322-347-4294'),
('27573 Leonard Field Apt. 574\nAmandaport, LA 72901', 8, '+1-493-023-9062x278'),
('147 Bennett Center\nMarissafurt, VA 50826', 9, '(126)191-8272x6483'),
('Unit 3736 Box 1186\nDPO AE 66917', 10, '+1-289-204-9789');
/* INSERT DATA INTO `accepted_tests` TABLE */
INSERT INTO accepted_tests (lab_id, test_id) VALUES
(1, 29),
(1, 8),
(2, 31),
(2, 6),
(3, 30),
(4, 28),
(4, 15),
(4, 18),
(5, 38),
(6, 29),
(6, 6),
(7, 23),
(7, 27),
(7, 35),
(8, 32),
(8, 31),
(9, 21),
(9, 37),
(10, 6),
(10, 8);
/* INSERT DATA INTO `referrable_doctors` TABLE */
INSERT INTO referrable_doctors (name, phone_number, ref_doctor_id, specialization) VALUES
('Meghan Perkins', '(730)329-2299', 1, 'Palliative Care'),
('Brian Davis', '949.601.2705x546', 2, 'Psychiatry'),
('Alex Phillips', '192.383.7504', 3, 'Geriatrics'),
('Joseph Krause', '001-986-341-7434x415', 4, 'Neonatology'),
('Alexander Church', '4896799832', 5, 'Ophthalmology'),
('Debra Franco', '774.862.9742', 6, 'Gynecologic Oncology'),
('Christine Green', '+1-064-593-5621x35772', 7, 'Cardiovascular Surgery'),
('Heather Sweeney', '(911)872-1086x736', 8, 'Obstetrics & Gynecology'),
('Anne Brown', '+1-244-818-5020x155', 9, 'Hepatobiliary'),
('Craig Brooks', '482.760.1015x348', 10, 'Pathology: Surgical & Anatomic');
/* INSERT DATA INTO `pharmacies` TABLE */
INSERT INTO pharmacies (pharmacy_address, pharmacy_name) VALUES
('33319 Russell Village\nNew James, CO 25596', 'Palmer PLC'),
('647 Michael Trafficway Apt. 037\nNew Evelyn, AL 19289', 'Chavez Inc'),
('5419 Margaret Land Apt. 326\nPort Andrew, FL 68291', 'Wood, Byrd and Wilson'),
('3348 Curtis Street\nFosterberg, CA 38222', 'Stanley, Rose and Greer'),
('296 Figueroa Crescent\nEast Scott, ND 56051', 'Combs LLC');
/* INSERT DATA INTO `patients` TABLE */
INSERT INTO patients (address, birthday, email, gender, name, patient_id, phone_number, ssn) VALUES
('578 Michael Island\nNew Thomas, NC 34644', '2010-11-13', 'montgomeryjohn@example.net', 'Male', 'Thomas Moon', 1, '(604)876-4759x3824', '723-78-2408'),
('583 Wallace Ranch\nStewartbury, HI 25324', '2010-01-16', 'kaisernancy@example.com', 'Male', 'Amanda Zavala', 2, '(097)535-1393x3287', '112-39-9032'),
('59179 Bruce Gardens Apt. 413\nLauramouth, AR 13687', '2012-06-30', 'pattylawrence@example.com', 'Genderfluid', 'Savannah Robinson', 3, '122-018-6848', '594-36-7383'),
('086 Mary Cliff\nNorth Deborah, NE 24135', '2018-10-17', 'leetara@example.net', 'Female', 'John Carlson', 4, '+1-891-013-9916x1510', '127-62-3451'),
('564 Ann Bridge Suite 150\nDennisfort, RI 38233', '2018-08-23', 'awade@example.com', 'Genderfluid', 'Leslie Mcclain', 5, '(345)792-3022x5841', '698-53-9325'),
('027 Jonathon Estate Suite 878\nNorth Troyport, NH 07035', '2012-04-14', 'rgray@example.net', 'Male', 'Sheri Burnett', 6, '(466)109-3523', '896-54-0517'),
('7142 Wilson Drives\nMelissaton, IL 89760', '2010-07-07', 'morganramirez@example.org', 'Female', 'Ernest Richardson', 7, '+1-120-665-0300x8913', '103-61-6500'),
('42294 Foster Plaza\nWest Danny, IA 06826', '2013-06-11', 'taylorjoseph@example.com', 'Male', 'Scott Chandler', 8, '9776582369', '809-48-1536'),
('30601 Hawkins Highway\nMorashire, TX 28976', '2013-08-17', 'jessica22@example.net', 'Male', 'Jacob Hinton', 9, '461-187-7551x71760', '579-49-1425'),
('219 Hernandez Lodge Suite 875\nBoltonborough, RI 29176', '2019-05-25', 'shealaura@example.net', 'Male', 'Michael Burgess', 10, '001-263-511-0873x17643', '150-14-3244'),
('8688 Audrey Springs Apt. 634\nPetersenfort, WY 51431', '2012-04-27', 'billysmith@example.com', 'Male', 'Cynthia Hancock', 11, '082-492-6947x11801', '339-21-2439'),
('07627 Emily Drive Suite 609\nHugheston, NJ 20341', '2021-08-19', 'ycruz@example.org', 'Male', 'Kyle Anderson', 12, '2489451744', '168-83-2087'),
('67537 Clarke Club\nNorth Toddtown, TN 75114', '2013-07-14', 'susanhughes@example.com', 'Genderfluid', 'Cindy Davis', 13, '001-853-671-0979x519', '764-88-1992'),
('5415 David Square\nWest Michaeltown, IN 48447', '2010-03-07', 'uayala@example.org', 'Male', 'Steven Clark', 14, '+1-886-841-2696x1161', '811-58-7063'),
('89426 Sonya Unions\nWest William, WV 24610', '2008-12-19', 'michaelkennedy@example.com', 'Male', 'Jason Williams', 15, '+1-104-509-3227x17542', '304-71-5358'),
('65735 Farley Course Apt. 141\nPort Jacqueline, HI 55774', '2015-09-04', 'dana13@example.com', 'Transgender', 'David Chavez', 16, '6112648629', '648-48-8671'),
('73864 David Skyway Apt. 046\nWallaceview, LA 99489', '2008-08-15', 'kennethmack@example.net', 'Male', 'Christina Miller', 17, '(571)734-0797', '309-70-9981'),
('221 Patrick Ramp Suite 284\nCrystalchester, NJ 64576', '2018-04-04', 'amandajenkins@example.net', 'Male', 'Emily Pearson', 18, '485-183-2164x482', '557-52-4565'),
('94316 Moran Lights\nWest Robert, TX 57552', '2008-08-07', 'blake90@example.com', 'Male', 'Timothy Hernandez', 19, '270-930-5760x8116', '895-82-4793'),
('94918 Wise Knoll\nEllishaven, SD 72221', '2011-12-19', 'bullockarthur@example.net', 'Female', 'Taylor Carpenter', 20, '275.667.6337', '087-24-5958'),
('155 Barry Glens\nNew Bradleystad, IL 69250', '2009-07-29', 'mbecker@example.com', 'Female', 'Ryan King', 21, '001-735-400-0250x402', '572-29-7434'),
('12637 Lisa Points\nWilliamsburgh, NM 29343', '2020-10-26', 'zwilliams@example.com', 'Male', 'Seth Michael', 22, '486-475-3048x1077', '506-59-7211'),
('886 David Rue\nDavidshire, IN 88959', '2008-10-09', 'mendezjennifer@example.org', 'Female', 'Kimberly Campbell', 23, '(184)983-4789x78443', '751-54-4076'),
('81237 Joe Curve\nPort Patrick, OR 17873', '2010-10-29', 'tranmark@example.net', 'Genderfluid', 'Stephanie Rodriguez', 24, '184.535.7492', '651-04-2128'),
('7345 Kevin Knolls\nLake Crystalstad, NM 82791', '2010-10-30', 'uwarner@example.com', 'Transgender', 'David Smith', 25, '957.740.3827x78514', '394-08-3419'),
('6208 Christy Shore\nNorth Mark, HI 32848', '2008-08-27', 'imacdonald@example.net', 'Female', 'Tina Kemp', 26, '105-623-7625x42566', '824-95-7581'),
('654 Blackburn Bridge\nAlyssaport, NJ 05079', '2008-12-15', 'crawfordmichael@example.net', 'Female', 'Laura Baker', 27, '+1-821-691-9729x90456', '155-59-3870'),
('25090 Stephanie Lake Suite 457\nBurkeburgh, WY 18950', '2021-06-19', 'paul43@example.org', 'Male', 'Jessica Peterson', 28, '616.570.0404x943', '580-43-3976'),
('8885 Lee Tunnel Suite 208\nPort Donna, OK 50851', '2010-05-13', 'rfischer@example.com', 'Female', 'Travis Hoffman', 29, '001-749-318-6428x2129', '292-02-7024'),
('27166 King Throughway\nChelsealand, AK 65056', '2011-08-23', 'cmiller@example.org', 'Male', 'David Farmer', 30, '+1-305-823-5703x934', '762-92-7368');
/* INSERT DATA INTO `relatives` TABLE */
INSERT INTO relatives (additional_notes, patient_id, relative_id, relative_type) VALUES
(DEFAULT, 1, 1, 'grandmother'),
('Billion onto find read respond tend sea. Subject yet forget open. Cultural pull above us adult see body.', 19, 2, 'great-grandmother'),
(DEFAULT, 20, 3, 'sister'),
('Six enough war husband land. Fill address teach simply wait similar blood. Child lead sport everything.', 19, 4, 'father'),
(DEFAULT, 29, 5, 'father'),
(DEFAULT, 22, 6, 'mother'),
('Behind upon young need simply growth television. Arm prove community expect live music.', 7, 7, 'uncle'),
('Phone avoid stand stop space store community together. Reason make knowledge during whom.', 19, 8, 'grandmother'),
(DEFAULT, 17, 9, 'brother'),
('Position out already agent actually whose. Recent let receive scene no. Bit around election modern simple.', 21, 10, 'sister'),
('Loss full free another mind kind. Question him amount.', 18, 11, 'great-grandfather'),
(DEFAULT, 23, 12, 'father'),
(DEFAULT, 14, 13, 'brother'),
('Change resource occur music item land. Although well far summer. Phone director accept teach short water.', 18, 14, 'father'),
(DEFAULT, 28, 15, 'mother'),
(DEFAULT, 8, 16, 'grandfather'),
('Various watch choice cause natural imagine affect.', 20, 17, 'mother'),
('Down try happen. Garden worry put he ask could. Edge change structure control career state six.', 23, 18, 'grandmother'),
('Nice per pattern group life land house growth. Change talk conference language ball someone. Thank goal chance whom current. Least organization probably only each ability carry kid.', 25, 19, 'brother'),
('Face ready issue that party identify.', 18, 20, 'great-grandfather');
/* INSERT DATA INTO `relative_conditions` TABLE */
INSERT INTO relative_conditions (icd_code, relative_id) VALUES
('R402350', 1),
('R1934', 2),
('R140', 3),
('R402120', 3),
('R45851', 4),
('R188', 4),
('R85618', 5),
('R2231', 5),
('R75', 6),
('R402143', 6),
('R403', 7),
('R261', 7),
('R1906', 8),
('R635', 9),
('R402320', 10),
('R39198', 11),
('R278', 12),
('R4922', 12),
('R830', 13),
('R29710', 14),
('R6819', 14),
('R635', 15),
('R835', 16),
('R27', 16),
('R9439', 17),
('R87612', 17),
('R29734', 18),
('R10821', 19),
('R438', 20),
('R7301', 20);
/* INSERT DATA INTO `insurance_providers` TABLE */
INSERT INTO insurance_providers (in_network, insurance_name, policy_number, provider_id) VALUES
(True, 'Barker, Anderson and Mendoza', '39657', 1),
(True, 'Taylor-Cardenas', '55966', 2),
(True, 'Dominguez-Mason', '93363', 3),
(True, 'Jackson, Taylor and Harper', '88754', 4),
(True, 'Bryant-Santos', '03471', 5),
(False, 'Harper LLC', '03292', 6),
(True, 'Lynch-Adams', '00924', 7),
(False, 'Morrow-Rodgers', '51961', 8),
(True, 'Tate Inc', '98453', 9),
(True, 'Flores and Sons', '72998', 10),
(False, 'Burton, Lozano and Perez', '00690', 11),
(True, 'Wong, Taylor and Miller', '45930', 12),
(True, 'Stewart Ltd', '47795', 13),
(True, 'Miller, Brock and Moore', '18486', 14),
(True, 'Fisher-Moore', '62191', 15);
/* INSERT DATA INTO `insurance_covers` TABLE */
INSERT INTO insurance_covers (group_number, member_id, patient_id, policy_holder_name, provider_id) VALUES
('535556', 'AKX720174547', 7, 'Ernest Richardson', 15),
('621208', 'DKA069846908', 20, 'Taylor Carpenter', 14),
('463270', 'ACO353913654', 13, 'Cindy Davis', 4),
('958579', 'PIJ029015033', 16, 'David Chavez', 12),
('996776', 'TRC032331210', 11, 'Cynthia Hancock', 11);
/* INSERT DATA INTO `immunizations` TABLE */
INSERT INTO immunizations (immunization_id, immunization_type) VALUES
(1, 'Human papillomavirus'),
(2, 'Pneumococcal diseases'),
(3, 'Measles'),
(4, 'Hepatitis B'),
(5, 'Mumps'),
(6, 'Pertussis'),
(7, 'Mumps'),
(8, 'Hepatitis B'),
(9, 'Hepatitis B'),
(10, 'Pneumococcal diseases'),
(11, 'Diphtheria'),
(12, 'Rotavirus'),
(13, 'Tuberculosis'),
(14, 'Tuberculosis'),
(15, 'Rubella'),
(16, 'Mumps'),
(17, 'Human papillomavirus'),
(18, 'Measles'),
(19, 'Hepatitis B'),
(20, 'Pneumococcal diseases'),
(21, 'Tetanus'),
(22, 'Rubella'),
(23, 'Measles'),
(24, 'Tetanus'),
(25, 'Rubella'),
(26, 'Rotavirus'),
(27, 'Human papillomavirus'),
(28, 'Haemophilus Influenza Type B'),
(29, 'Poliovirus'),
(30, 'Diphtheria');
/* INSERT DATA INTO `immunized_patients` TABLE */
INSERT INTO immunized_patients (immun_id, patient_id) VALUES
(4, 28),
(1, 6),
(8, 9),
(4, 9),
(16, 26);
/* INSERT DATA INTO `employees` TABLE */
INSERT INTO employees (address, birthday, dea_number, email, emp_id, gender, medical_license_number, name, phone_number, role, salary, ssn) VALUES
('50562 Russell Divide Apt. 648\nEast Davidberg, NJ 92947', '2009-03-14', 'BW1824345', 'knightmichael@example.org', 1, 'Genderfluid', 'GP6259', 'Pamela Williams', '001-609-759-2945x06782', 'Physician General Practitioner', 25310462, '072-25-1816'),
('278 Amy View Suite 011\nLawsonshire, MA 50054', '2013-11-13', DEFAULT, 'leekrystal@example.net', 2, 'Male', DEFAULT, 'Victoria Hensley', '001-448-727-8209x280', 'Orderly', 1690635, '245-59-8557'),
('497 White Motorway Suite 361\nColetown, AK 23712', '2009-05-19', 'MD4081155', 'michaelconley@example.org', 3, 'Male', 'PA7710', 'Michael Prince', '(205)930-6046', 'Physician Assistant', 12528999, '419-07-7221'),
('3267 Walter Dam\nCunninghamtown, OR 01239', '2012-08-13', 'BN9922606', 'sonya76@example.org', 4, 'Male', 'GP8000', 'Michelle Jackson', '028.400.6528x2222', 'Physician General Practitioner', 21424467, '232-31-4614'),
('PSC 3769, Box 1448\nAPO AA 71586', '2015-06-06', 'BT6066617', 'tammy66@example.org', 5, 'Male', 'GP6180', 'Logan Wells', '001-532-583-8612', 'Physician General Practitioner', 21395053, '483-49-3687'),
('6048 Johnson Loop Suite 635\nEast Daniel, GA 04593', '2014-07-29', 'BL3230827', 'wmccoy@example.org', 6, 'Female', 'GP8822', 'James Jones', '225.762.9481x552', 'Physician General Practitioner', 23137495, '201-33-2899'),
('1220 Heidi Rue Apt. 998\nWest Haleyburgh, CO 05222', '2013-09-07', 'BU2881820', 'nicoleriddle@example.com', 7, 'Female', 'GP5947', 'Steven Roth', '+1-451-642-5858x268', 'Physician General Practitioner', 23593847, '400-61-8382'),
('707 Joseph Parkways\nPiercefurt, KS 24227', '2015-02-04', 'ME8147314', 'nicolecunningham@example.com', 8, 'Female', 'RN1176', 'Jackson Turner', '(869)376-4092', 'Nurse', 9232930, '822-12-9638'),
('4307 Arroyo Pass Suite 114\nPerezstad, WV 19568', '2010-04-24', DEFAULT, 'xhansen@example.com', 9, 'Female', DEFAULT, 'Timothy Newton', '(120)298-3006x897', 'Orderly', 3873125, '894-13-0085'),
('3166 Palmer Port Apt. 684\nHallhaven, AL 12545', '2013-04-22', DEFAULT, 'castillokelly@example.com', 10, 'Genderfluid', DEFAULT, 'James Dodson', '(921)658-7355x6456', 'Receptionist', 1907935, '158-45-3991'),
('73089 Jones Fall\nEast Sarah, NJ 00549', '2008-12-21', DEFAULT, 'stephaniesmith@example.net', 11, 'Female', DEFAULT, 'James Cannon', '001-061-435-2125', 'Orderly', 1739517, '005-17-1909'),
('68818 Heather Mountains Apt. 877\nSouth Amy, MT 33850', '2010-04-02', 'BH7086736', 'andrew29@example.net', 12, 'Genderfluid', 'RN3576', 'Karl Rogers', '001-555-729-8141', 'Nurse', 9206764, '140-49-3393'),
('3673 Peter Turnpike Suite 835\nNew Sandra, PA 76875', '2013-08-05', 'ME9583000', 'shaheric@example.org', 13, 'Nonbinary', 'PA9703', 'Mark Williamson', '772-374-5792x813', 'Physician Assistant', 10294968, '343-80-2628'),
('23126 Zimmerman Fords Suite 006\nNorth Melissa, OK 54423', '2011-04-08', 'BY1970369', 'angela57@example.com', 14, 'Female', 'PA7468', 'Madeline Yu', '793.186.4573', 'Physician Assistant', 12096806, '450-85-5203'),
('02599 Brown Pine Suite 656\nNorth Ryanberg, FL 04580', '2016-02-06', DEFAULT, 'natalie36@example.com', 15, 'Male', DEFAULT, 'Jeffrey Johnson', '(410)390-9852x741', 'Receptionist', 2468293, '764-65-5567'),
('192 Johnson Ville\nWest Colin, VT 28939', '2008-11-12', DEFAULT, 'martin51@example.net', 16, 'Female', DEFAULT, 'Melissa Hayden MD', '(459)388-0588x027', 'Receptionist', 4422724, '575-54-1109'),
('1243 Grimes Corners\nShawchester, CO 78301', '2008-07-01', DEFAULT, 'kellermark@example.net', 17, 'Male', DEFAULT, 'Yesenia Thompson', '(458)337-5248', 'Receptionist', 7150828, '801-42-0576'),
('USCGC Preston\nFPO AP 16607', '2010-11-15', DEFAULT, 'carla66@example.com', 18, 'Female', DEFAULT, 'Christopher Williams', '001-400-041-5584x038', 'Receptionist', 4718714, '597-29-4153'),
('85332 Lauren Turnpike\nEast Andrea, ND 04072', '2015-07-14', 'BF8407306', 'rosevincent@example.com', 19, 'Nonbinary', 'RN8292', 'Sean Bowen', '3141227058', 'Nurse', 7441353, '414-56-7713'),
('93300 Heather Gateway\nMckinneyberg, SC 67306', '2012-08-16', DEFAULT, 'rcole@example.com', 20, 'Male', DEFAULT, 'Kyle Bell', '(863)688-7121x8010', 'Orderly', 5708987, '354-85-6493');
/* INSERT DATA INTO `referrals` TABLE */
INSERT INTO referrals (emp_id, patient_id, ref_doctor_id, ref_id) VALUES
(16, 3, 2, 1),
(1, 4, 1, 2),
(9, 22, 1, 3),
(9, 4, 10, 4),
(7, 12, 2, 5);
/* INSERT DATA INTO `prescriptions` TABLE */
INSERT INTO prescriptions (dose, drug_name, emp_id, instructions, patient_id, pharmacy_address, prescription_date, prescription_id, quantity, refills) VALUES
('145 mg/mL', 'Gonzalez-Harris', 3, 'Guy thing tell young meeting material deep anything. Enter political site beyond. Boy executive year drive small smile.', 13, '296 Figueroa Crescent\nEast Scott, ND 56051', TIMESTAMP '2009-08-05 21:49:17', 1, 134, 3),
('117 mcg', 'Myers and Sons', 15, 'Approach live necessary interesting easy perhaps best. Respond bill late walk. Energy look source protect owner strategy identify.', 15, '296 Figueroa Crescent\nEast Scott, ND 56051', TIMESTAMP '2015-10-22 14:31:58', 2, 84, 3),
('279 mg/mL', 'Myers-Anderson', 8, 'Radio not account land why thought. Different often agency spring interview room. Occur person social. Apply western feeling. Popular too high inside somebody analysis. And give source share budget ready.', 10, '5419 Margaret Land Apt. 326\nPort Andrew, FL 68291', TIMESTAMP '2008-09-23 02:39:52', 3, 153, 1),
('19 mcg', 'Fox, Garcia and Berry', 17, 'Congress television never discuss. Trial hundred anything morning surface the candidate reality. At direction share budget its pull inside.', 21, '5419 Margaret Land Apt. 326\nPort Andrew, FL 68291', TIMESTAMP '2018-11-05 02:16:39', 4, 139, 6),
('342 mg/mL', 'Dunn PLC', 7, 'Speak answer fill on program others sort. Significant than discuss ask team maybe. Under white field television its factor. Focus floor subject debate believe federal. Drug wall clearly defense. Term each mission hair tell one live.', 25, '5419 Margaret Land Apt. 326\nPort Andrew, FL 68291', TIMESTAMP '2020-01-20 19:10:54', 5, 179, 2),
('415 g', 'Mercer Ltd', 16, 'Current page skill indeed four interview. American under product occur add beat. Which worry door tonight. Interesting measure value two east avoid. Per east actually response.', 4, '5419 Margaret Land Apt. 326\nPort Andrew, FL 68291', TIMESTAMP '2016-01-03 20:20:28', 6, 31, 4),
('240 mcg', 'Turner-Fox', 6, 'Human before tell ago question left meeting. Would arrive teacher where close. Piece team middle model pick.', 13, '647 Michael Trafficway Apt. 037\nNew Evelyn, AL 19289', TIMESTAMP '2020-08-08 19:34:47', 7, 98, 0),
('379 mg', 'Charles, Mclean and Morris', 10, 'Thought whatever over structure. Blue since long economic. Also money system involve. Feel wear official area agency.', 21, '33319 Russell Village\nNew James, CO 25596', TIMESTAMP '2021-07-27 12:41:55', 8, 60, 5),
('146 g', 'Fischer, Burnett and Gibson', 8, 'Poor Mr statement best. Clearly increase much right. Government medical science mind through as prevent product.', 18, '296 Figueroa Crescent\nEast Scott, ND 56051', TIMESTAMP '2010-05-20 00:57:36', 9, 157, 5),
('371 mg/mL', 'Mckenzie, Fisher and Tyler', 20, 'Test when general everything center wind. Kitchen try trial other night somebody process. Street know rich. Impact network alone culture exist deal area.', 27, '33319 Russell Village\nNew James, CO 25596', TIMESTAMP '2014-09-22 16:22:47', 10, 26, 2),
('155 mcg', 'Cross, Cruz and Johnson', 5, 'Into nearly water. Put happen discover she. Matter not rich foreign professor will.', 27, '3348 Curtis Street\nFosterberg, CA 38222', TIMESTAMP '2021-06-01 13:14:34', 11, 160, 7),
('368 mcg', 'Ramirez-Hays', 17, 'Exactly than later analysis yet. However picture agree pass report through. Note fear him. Purpose ready become leader difference ok some group.', 17, '33319 Russell Village\nNew James, CO 25596', TIMESTAMP '2016-05-02 15:00:10', 12, 130, 0),
('397 mg', 'Collins Ltd', 17, 'The manager major newspaper rock mind. Child above lawyer teacher. There floor run bag should partner lay cover. Quality information citizen without Mrs such job. Ability wide attention fact level never view people. Decision TV industry goal position.', 27, '296 Figueroa Crescent\nEast Scott, ND 56051', TIMESTAMP '2021-09-24 15:01:38', 13, 26, 1),
('109 mcg', 'Olson, Ward and Scott', 19, 'Role their once should. Wear southern lot consider stay throughout itself. Join reduce allow eat side.', 25, '647 Michael Trafficway Apt. 037\nNew Evelyn, AL 19289', TIMESTAMP '2019-08-01 13:18:40', 14, 145, 4),
('307 mcg', 'Williams Group', 14, 'Listen another affect wear. Seven woman throughout describe political traditional. Article last forward.', 5, '33319 Russell Village\nNew James, CO 25596', TIMESTAMP '2019-06-25 16:10:59', 15, 121, 1),
('26 mg', 'Brown Ltd', 10, 'Manager son beyond. Bag rise pick suggest. Suggest question theory per deep. Whether model citizen government big increase interest.', 1, '33319 Russell Village\nNew James, CO 25596', TIMESTAMP '2012-10-25 13:27:35', 16, 153, 3),
('419 mg', 'Hernandez, Watson and Sanders', 19, 'Evening process of run firm sell area. Against some foreign. Same wall wife before eight arm seven interest.', 12, '296 Figueroa Crescent\nEast Scott, ND 56051', TIMESTAMP '2012-12-30 06:03:16', 17, 48, 6),
('381 mg', 'Winters-Garza', 1, 'Gun small truth approach impact walk. Evidence today case friend daughter interest. Produce class PM do network expert relationship.', 11, '3348 Curtis Street\nFosterberg, CA 38222', TIMESTAMP '2021-06-13 04:15:37', 18, 175, 2),
('305 mcg', 'Brown-Howard', 19, 'Whose thus goal test finish responsibility. Peace the agency to sell positive blood home. Dream surface health heart hold nice.', 1, '647 Michael Trafficway Apt. 037\nNew Evelyn, AL 19289', TIMESTAMP '2013-04-16 21:27:54', 19, 119, 7),
('411 mg/mL', 'Weiss, Caldwell and Conner', 15, 'Front system help. Town billion painting peace. Check group indeed feel should whose. School yard quality production cause music.', 25, '296 Figueroa Crescent\nEast Scott, ND 56051', TIMESTAMP '2019-03-16 11:04:04', 20, 18, 3),
('358 g', 'Stewart-Johnson', 5, 'Republican face past behind. Their window them particularly admit live. Away debate positive somebody our. He father evidence question fund arrive.', 16, '5419 Margaret Land Apt. 326\nPort Andrew, FL 68291', TIMESTAMP '2011-04-18 10:38:55', 21, 38, 5),
('460 mcg', 'Miller-Estrada', 6, 'Add age letter religious week money. Tv between camera live. Trip occur accept technology all describe coach. Left condition course measure. Us likely machine. Stuff seem spend full particular.', 30, '647 Michael Trafficway Apt. 037\nNew Evelyn, AL 19289', TIMESTAMP '2019-08-07 06:58:48', 22, 141, 7),
('22 mg/mL', 'Garcia, Jackson and Powers', 18, 'Different some another run wall force. Dog onto movement we window single there. Size move red join. Trouble you eight describe pattern hard however sign.', 26, '5419 Margaret Land Apt. 326\nPort Andrew, FL 68291', TIMESTAMP '2019-12-29 15:13:32', 23, 168, 7),
('137 mg/mL', 'Stokes-Burns', 3, 'Stand service public according understand happen. First heart two data. World various picture rule poor information. Admit play avoid few. Day dog receive wife.', 25, '33319 Russell Village\nNew James, CO 25596', TIMESTAMP '2019-05-04 10:42:18', 24, 27, 5),
('125 mg/mL', 'Carter-Ochoa', 6, DEFAULT, 12, '3348 Curtis Street\nFosterberg, CA 38222', TIMESTAMP '2010-09-23 01:32:15', 25, 41, 0),
('433 mg/mL', 'Davidson-Jones', 4, 'Wrong pick structure wrong figure continue food. Glass loss increase organization decide. Present spend make garden social man. Any manager political keep attack behavior security movement. Perhaps such those position wrong. Quickly wind include allow must point.', 29, '647 Michael Trafficway Apt. 037\nNew Evelyn, AL 19289', TIMESTAMP '2014-07-09 09:38:11', 26, 79, 4),
('315 mg/mL', 'Sampson Group', 5, 'Method movie painting then rate. If near energy fund later role change. Adult prepare son particular economy evening same trouble.', 22, '647 Michael Trafficway Apt. 037\nNew Evelyn, AL 19289', TIMESTAMP '2012-04-14 17:30:47', 27, 130, 3),
('484 mg/mL', 'Martin-Schaefer', 3, 'Could number for as his seven. Page strong term main feeling bag season short. Despite approach beautiful late find. Every quality he under body phone.', 4, '296 Figueroa Crescent\nEast Scott, ND 56051', TIMESTAMP '2015-03-04 23:35:16', 28, 52, 3),
('319 mg/mL', 'Wilson-Krause', 7, 'Move race special away behavior. Reality population pressure. Rock next week scientist recognize so. Risk agent dark sound again professor operation next. With team front mother.', 17, '3348 Curtis Street\nFosterberg, CA 38222', TIMESTAMP '2019-07-11 18:19:38', 29, 38, 6),
('331 g', 'Snyder and Sons', 18, 'Future girl character. Anything western Congress step you. Pm charge or put upon.', 7, '296 Figueroa Crescent\nEast Scott, ND 56051', TIMESTAMP '2020-03-01 00:02:51', 30, 162, 7),
('386 g', 'Martin, Johnson and Aguirre', 12, 'Structure so magazine worker. Message become of Republican life field game look. Rest term tree pass he training one. Social production consider state.', 20, '647 Michael Trafficway Apt. 037\nNew Evelyn, AL 19289', TIMESTAMP '2012-04-20 18:38:20', 31, 91, 6),
('421 mg', 'Poole-Sims', 4, 'Daughter indicate scientist offer issue long civil. Since amount suggest. Bit mind race born. Summer country toward claim. Budget television message different. Arrive body modern bit no responsibility peace.', 13, '33319 Russell Village\nNew James, CO 25596', TIMESTAMP '2008-08-26 07:01:52', 32, 138, 5),
('270 mcg', 'King Group', 3, 'North development everything candidate rule manager forget. Draw seat true listen art. Participant affect better answer. Change treatment figure.', 2, '296 Figueroa Crescent\nEast Scott, ND 56051', TIMESTAMP '2019-10-26 01:51:54', 33, 149, 4),
('225 mg/mL', 'Smith Group', 20, 'Man former summer price summer or. Keep really language account early use strategy. Smile media send water happen debate.', 27, '3348 Curtis Street\nFosterberg, CA 38222', TIMESTAMP '2011-09-14 19:16:50', 34, 97, 3),
('47 mcg', 'Smith-Dawson', 6, 'Hot physical sound just learn then onto. Nature realize southern street contain relate require. Town wide card board during training.', 28, '33319 Russell Village\nNew James, CO 25596', TIMESTAMP '2012-01-28 05:12:56', 35, 13, 5),
('419 mcg', 'King-Williams', 6, 'Born cut peace eat. Laugh market stay many. Interest concern important son participant tree.', 20, '647 Michael Trafficway Apt. 037\nNew Evelyn, AL 19289', TIMESTAMP '2020-07-22 21:41:37', 36, 28, 7),
('280 mcg', 'Horton LLC', 4, 'Matter police anyone including painting subject among fly. Style agreement step test several news. Shoulder war film Mr different admit break Republican. Face fight face region go program address.', 7, '296 Figueroa Crescent\nEast Scott, ND 56051', TIMESTAMP '2008-11-30 22:50:32', 37, 136, 3),
('45 mg', 'Henson-Acevedo', 6, 'Start wonder space particular. Walk four stop part agency stock window safe. Face partner draw go focus information.', 13, '5419 Margaret Land Apt. 326\nPort Andrew, FL 68291', TIMESTAMP '2015-03-19 04:46:54', 38, 39, 4),
('280 mcg', 'Shaffer LLC', 19, 'Reveal stand election. Always concern laugh. Chance difference party spring father hospital recent back. Detail enough suddenly office without some effort. Forward spend factor they magazine. Indicate wish compare world.', 21, '5419 Margaret Land Apt. 326\nPort Andrew, FL 68291', TIMESTAMP '2020-01-15 08:20:19', 39, 155, 4),
('485 mg/mL', 'Hill LLC', 8, 'Decision my support behind describe local. Send strategy against value quickly record doctor network. Maybe before far many thing arrive. Pretty well list per camera much woman. Last drive economic. Dinner alone body front indicate central himself can.', 4, '3348 Curtis Street\nFosterberg, CA 38222', TIMESTAMP '2011-03-08 02:48:16', 40, 167, 7),
('234 mg', 'Johnson Group', 9, 'Rule father whether model. Down learn weight main fly. Figure bit data guy. Health four finally tell. Service area her eye especially phone a. Week car thousand a rich open person explain.', 7, '296 Figueroa Crescent\nEast Scott, ND 56051', TIMESTAMP '2019-10-03 16:28:56', 41, 169, 5),
('337 mg/mL', 'Martin Group', 7, 'Build decision determine choice middle fill. Cover deal left skill clear. Several home yard give film. Record heavy important decision.', 3, '647 Michael Trafficway Apt. 037\nNew Evelyn, AL 19289', TIMESTAMP '2018-12-15 16:01:51', 42, 10, 4),
('338 mg/mL', 'Scott PLC', 12, 'View agree others throughout attention all forward against. Suggest bill imagine former day. Clearly owner statement his station. Would challenge notice same executive per break. World eat matter shoulder improve. Friend attack guy address chair professor everybody.', 29, '296 Figueroa Crescent\nEast Scott, ND 56051', TIMESTAMP '2010-08-27 07:51:21', 43, 13, 0),
('258 mcg', 'Martin LLC', 11, 'Property name student company light data language. Reflect vote building road social perform. Firm best character strong manager.', 23, '296 Figueroa Crescent\nEast Scott, ND 56051', TIMESTAMP '2011-07-21 09:46:40', 44, 175, 3),
('68 mg', 'Stevens PLC', 6, 'All glass loss when forget from be player. Ready majority peace fish. Size behind section rather check north. Agency nice probably international fact.', 5, '296 Figueroa Crescent\nEast Scott, ND 56051', TIMESTAMP '2013-12-20 07:38:00', 45, 124, 3),
('360 g', 'Brown-Kaiser', 3, 'Back although teacher story. Thing few similar. Support road development might focus need statement catch.', 8, '5419 Margaret Land Apt. 326\nPort Andrew, FL 68291', TIMESTAMP '2016-02-09 06:42:29', 46, 70, 6),
('43 g', 'Montoya-Montoya', 12, 'Player its though specific while. Talk some third positive certain available car more. Financial animal while kid chair maybe hold. Support down wide leader indicate wind news analysis. Every husband certain.', 20, '296 Figueroa Crescent\nEast Scott, ND 56051', TIMESTAMP '2012-05-25 08:43:48', 47, 40, 6),
('449 mcg', 'Cain, Horn and Perry', 12, 'Understand wall without about once. Power court child from. Treatment bank operation fire some but for.', 30, '296 Figueroa Crescent\nEast Scott, ND 56051', TIMESTAMP '2009-10-06 13:52:55', 48, 153, 2),
('412 mcg', 'Carter Ltd', 2, 'Commercial prevent senior practice say. But city operation might. Reason training several research water behind lose. Thing number beat mission sound. Former budget that reason run.', 7, '5419 Margaret Land Apt. 326\nPort Andrew, FL 68291', TIMESTAMP '2017-11-20 22:19:13', 49, 10, 1),
('29 mg', 'Evans, Franklin and Simpson', 7, DEFAULT, 26, '3348 Curtis Street\nFosterberg, CA 38222', TIMESTAMP '2010-08-31 06:46:56', 50, 79, 7);
/* INSERT DATA INTO `immunized_employees` TABLE */
INSERT INTO immunized_employees (emp_id, immun_id) VALUES
(5, 27),
(17, 15),
(15, 30),
(8, 18),
(4, 13);
/* INSERT DATA INTO `archived_files` TABLE */
INSERT INTO archived_files (emp_id, file_id, file_name, patient_id, s3_id) VALUES
(6, 1, 'clearly.jpg', 29, '4c07db5d-08a9-47b7-9a24-0f2d02951560'),
(6, 2, 'ever.bmp', 19, 'e6fb9f80-7c3f-4774-b32e-ba924207f950'),
(12, 3, 'usually.jpeg', 1, '6fc7a8bd-8e5c-4abf-9adf-0545adb4fb02'),
(17, 4, 'life.html', 4, '6b6343c5-8b13-4540-984a-f46c381cfe32'),
(4, 5, 'including.mp3', 19, '5d29a600-bde2-4e27-9f3f-d2cd335a1b7b'),
(17, 6, 'up.avi', 19, '05123151-bc1e-4145-9c30-9b69a8bb3cd3'),
(12, 7, 'against.mp4', 17, '336e33e2-5b60-4086-a837-7287b79cdee6'),
(19, 8, 'least.jpeg', 25, 'b97c9029-ddf0-4312-8bb7-89b41be62446'),
(3, 9, 'turn.js', 5, 'f7a786be-63ab-4065-85f1-7c4d4e60ae0c'),
(3, 10, 'identify.mov', 18, '200465b8-a0d8-4360-a781-270494573a69');
/* INSERT DATA INTO `appointments` TABLE */
INSERT INTO appointments (app_id, blood_pressure, date, height, notes, patient_id, room_number, temperature, weight) VALUES
(1, '142/86', TIMESTAMP '2022-02-26 06:36:28', 73.76, 'Note attention yeah process rest.', 4, 1, 104.77, 364.38),
(2, '131/99', TIMESTAMP '2022-03-16 21:08:49', 52.36, DEFAULT, 24, 17, 96.23, 162.05),
(3, '80/72', TIMESTAMP '2021-07-27 23:34:22', 74.95, DEFAULT, 27, 10, 104.67, 273.5),
(4, '145/78', TIMESTAMP '2021-07-23 00:52:03', 51.17, DEFAULT, 4, 14, 99.46, 91.19),
(5, '109/78', TIMESTAMP '2021-08-01 07:37:23', 62.02, 'Child push it why research wind yard. Return few natural fight stand one significant get.', 19, 12, 96.01, 229.95),
(6, '136/79', TIMESTAMP '2021-01-22 15:37:50', 56.8, 'Fund consumer through theory simply concern page director.', 23, 14, 99.31, 91.72),
(7, '146/87', TIMESTAMP '2021-04-21 18:13:38', 55.39, 'City citizen to. List run safe figure. Allow star forward leave art practice.', 8, 0, 99.97, 292.81),
(8, '138/100', TIMESTAMP '2021-11-15 03:29:02', 77.82, 'Amount understand hard. Final ability person choose order. Like ball cause way.', 26, 7, 99.78, 172.09),
(9, '93/64', TIMESTAMP '2022-01-05 06:23:38', 68.23, 'Item boy response knowledge may thousand music. Talk role instead candidate.', 21, 4, 102.61, 303.97),
(10, '84/95', TIMESTAMP '2020-12-12 08:08:35', 71.88, 'No occur hotel fill not before. If since hair exist good health account central. Present carry break majority low.', 14, 16, 105.95, 151.88),
(11, '113/68', TIMESTAMP '2021-05-14 21:49:23', 55.17, DEFAULT, 5, 8, 102.57, 357.83),
(12, '160/66', TIMESTAMP '2020-09-30 11:24:57', 64.85, 'Pay real good human. Whatever simple wrong newspaper.', 8, 6, 102.32, 235.55),
(13, '122/74', TIMESTAMP '2022-03-10 01:27:39', 78.99, 'Another wonder reveal yet possible. Similar entire pretty.', 25, 20, 100.21, 200.05),
(14, '112/83', TIMESTAMP '2021-11-01 11:10:11', 74.68, 'The particular available expect really. Election air parent. Commercial identify on stand trip all.', 6, 5, 102.34, 375.79),
(15, '138/94', TIMESTAMP '2021-01-09 06:16:51', 67.79, 'Sign admit hair look. Reveal safe PM too right. Top his outside project us pass management serious.', 22, 6, 105.62, 287.21),
(16, '134/84', TIMESTAMP '2021-02-19 08:54:52', 74.82, DEFAULT, 18, 4, 103.37, 399.82),
(17, '88/70', TIMESTAMP '2021-01-26 23:56:46', 50.07, DEFAULT, 17, 8, 105.11, 369.82),
(18, '99/76', TIMESTAMP '2021-04-09 18:04:10', 57.7, 'Rock make build painting either return heart. Age visit message maybe instead room seven. Whole increase beat.', 1, 3, 105.03, 128.2),
(19, '83/91', TIMESTAMP '2021-09-07 01:07:29', 61.7, DEFAULT, 4, 0, 101.34, 293.98),
(20, '136/95', TIMESTAMP '2021-07-08 12:45:43', 71.1, 'Parent decision involve. Best small law campaign value. Suffer team word major western education. Remember rich yeah simple guess member.', 10, 16, 100.75, 315.55),
(21, '156/66', TIMESTAMP '2021-01-23 19:42:20', 53.89, 'Analysis majority back model cause. DEFAULT none ball ground candidate life have. Billion beyond quality fill final oil.', 19, 17, 97.4, 171.22),
(22, '140/85', TIMESTAMP '2021-12-04 23:44:05', 56.42, 'Protect thought certainly special seven physical. Environment speak let guy son. Gas class wish relate sound market best.', 12, 0, 100.18, 203.52),
(23, '136/80', TIMESTAMP '2021-01-15 11:32:10', 69.83, 'Her serve finally task. Country power police.', 8, 19, 97.63, 127.48),
(24, '100/90', TIMESTAMP '2021-07-16 11:16:42', 52.38, 'Her become less. Religious around both place.', 12, 17, 101.24, 386.33),
(25, '92/78', TIMESTAMP '2021-04-28 07:11:02', 67.42, DEFAULT, 14, 19, 98.17, 97.01),
(26, '102/93', TIMESTAMP '2021-03-04 04:09:14', 58.0, 'Throughout concern class right deep. Stage short put lay too strong forward. Someone young learn argue glass matter.', 18, 12, 99.38, 219.36),
(27, '96/88', TIMESTAMP '2021-04-04 13:50:27', 60.82, 'Door natural produce team operation. Top worry there similar adult range true.', 17, 2, 98.25, 213.29),
(28, '144/95', TIMESTAMP '2021-05-26 01:48:07', 53.3, 'Morning more partner national probably thank fish.', 12, 6, 100.4, 304.01),
(29, '122/91', TIMESTAMP '2021-09-14 21:09:06', 71.66, DEFAULT, 13, 7, 104.45, 117.79),
(30, '80/65', TIMESTAMP '2021-02-15 14:03:34', 50.56, 'Traditional property she push serve rule. Western worry week people worker time.', 25, 4, 97.38, 255.46),
(31, '85/98', TIMESTAMP '2020-09-13 23:52:13', 67.07, DEFAULT, 18, 12, 104.86, 313.16),
(32, '99/72', TIMESTAMP '2021-04-11 08:34:11', 69.08, 'Since laugh model make speak. Thank kitchen move husband friend idea thus.', 30, 13, 105.31, 90.93),
(33, '107/89', TIMESTAMP '2020-12-15 10:54:02', 62.1, DEFAULT, 19, 0, 103.39, 318.4),
(34, '141/72', TIMESTAMP '2020-11-14 10:23:22', 55.12, 'Me media onto continue machine. View its contain such approach although say.', 9, 5, 105.41, 383.86),
(35, '155/68', TIMESTAMP '2022-03-16 18:00:55', 56.3, 'Major friend through data difference others. Owner believe industry yeah see country.', 16, 3, 99.59, 118.56),
(36, '102/77', TIMESTAMP '2021-05-24 15:09:52', 70.29, DEFAULT, 15, 4, 97.69, 160.96),
(37, '92/65', TIMESTAMP '2022-04-06 12:08:17', 51.87, 'Operation foreign loss manage each the. General college bed everybody. According speech personal task same yourself front.', 26, 17, 99.43, 200.78),
(38, '88/84', TIMESTAMP '2021-12-22 15:52:00', 58.15, 'Specific car stand form parent majority know.', 23, 14, 98.83, 340.32),
(39, '99/86', TIMESTAMP '2021-01-05 07:39:32', 58.96, DEFAULT, 27, 10, 97.78, 336.48),
(40, '133/92', TIMESTAMP '2020-12-22 07:57:26', 76.1, DEFAULT, 22, 2, 105.24, 354.99),
(41, '123/68', TIMESTAMP '2021-10-13 21:29:38', 66.85, 'Drug dark wrong response. Agree tax form great education.', 8, 13, 105.83, 298.32),
(42, '119/88', TIMESTAMP '2022-04-07 06:18:31', 75.37, DEFAULT, 9, 1, 104.76, 213.05),
(43, '81/93', TIMESTAMP '2022-02-05 17:51:44', 71.89, 'Give song computer respond current wife budget. Child speech represent performance cold if.', 5, 15, 105.91, 340.53),
(44, '103/84', TIMESTAMP '2020-10-27 23:26:05', 52.31, DEFAULT, 27, 2, 101.69, 205.87),
(45, '121/88', TIMESTAMP '2021-01-15 07:37:58', 71.49, DEFAULT, 28, 6, 103.94, 395.11),
(46, '157/97', TIMESTAMP '2020-09-06 06:22:57', 76.22, 'Article available possible order commercial senior current. Offer yeah because head nation.', 10, 5, 100.38, 270.74),
(47, '122/79', TIMESTAMP '2021-11-24 14:33:14', 73.76, 'Government forget evidence short star feel. Goal rich study others. Across do issue let spend compare.', 1, 19, 101.81, 365.14),
(48, '148/64', TIMESTAMP '2021-10-09 18:36:07', 50.41, 'Himself compare detail nature ahead American. Staff commercial herself prove picture million.', 15, 14, 96.44, 283.8),
(49, '156/75', TIMESTAMP '2020-10-12 16:08:27', 62.46, DEFAULT, 24, 11, 101.13, 293.63),
(50, '123/89', TIMESTAMP '2021-09-27 04:41:37', 67.04, 'Serious form fight century office. Every war something book notice society.', 22, 6, 98.12, 310.22),
(51, '128/74', TIMESTAMP '2020-10-10 04:23:39', 61.61, 'Try poor modern democratic human difference. Music check close agreement. Capital white yet people. National eight she hand.', 21, 5, 101.6, 205.31),
(52, '107/88', TIMESTAMP '2020-10-22 05:00:24', 58.1, DEFAULT, 1, 16, 100.17, 290.13),
(53, '155/77', TIMESTAMP '2022-02-07 07:00:58', 69.98, 'Story around enter blue expect true. Drop store could her movement. Professor wife get hospital theory.', 4, 7, 102.94, 133.76),
(54, '148/87', TIMESTAMP '2021-04-27 02:44:04', 57.62, DEFAULT, 22, 1, 103.09, 296.02),
(55, '93/92', TIMESTAMP '2021-02-02 07:57:54', 70.22, 'Rule sometimes serve community tonight. Vote support much ready back.', 25, 2, 99.53, 391.88),
(56, '134/77', TIMESTAMP '2022-01-05 14:12:13', 77.85, 'Goal can value leave should five particular machine. Animal ready at order attention. Than discuss personal interesting.', 6, 11, 105.96, 377.21),
(57, '117/94', TIMESTAMP '2021-07-22 22:45:14', 66.98, DEFAULT, 25, 18, 100.04, 370.15),
(58, '127/74', TIMESTAMP '2020-12-30 23:54:25', 57.36, 'Painting fast magazine east since use out. Will consider probably against.', 29, 16, 102.53, 362.75),
(59, '145/80', TIMESTAMP '2020-11-25 08:24:21', 57.44, DEFAULT, 19, 3, 103.35, 270.12),
(60, '146/99', TIMESTAMP '2020-11-15 00:09:36', 78.0, DEFAULT, 17, 15, 98.86, 300.37);
/* INSERT DATA INTO `lab_reports` TABLE */
INSERT INTO lab_reports (app_id, file_id, icd_code, report_id, result_info) VALUES
(9, 7, 'R233', 1, DEFAULT),
(10, 2, 'R828', 2, 'Put entire PM able partner across. Sense decade hear wide their south between.'),
(7, 1, 'R87624', 3, 'Certainly skill white play affect. Entire away case especially class already herself attention.'),
(59, 5, 'R29724', 4, 'All herself degree. Occur occur travel beyond. For Mr forget involve well interest.'),
(43, 3, 'R502', 5, 'Performance act across expert subject vote final walk. International shoulder field happen study. Public grow activity agreement painting environmental executive successful.'),
(15, 1, 'R10823', 6, DEFAULT),
(24, 8, 'R402434', 7, 'Human feel they against song happen. Form left land rate. Serve since unit similar.'),
(1, 2, 'R898', 8, 'Offer lot travel that set. List during draw.'),
(31, 8, 'R234', 9, 'Car image under miss Mr effect. Form interesting eat be air yourself best. Hard stock fish road young collection reduce industry. Born herself how interest oil word.'),
(37, 10, 'R2240', 10, 'Measure customer thought could about region. Pull think maintain camera two enter.'),
(2, 6, 'R330', 11, 'Scene stand shoulder avoid Congress list community. Save home sure child player. Clear born trial.'),
(57, 3, 'R4189', 12, 'Meeting key daughter idea. Yet order party bit dinner join. Economy important much.'),
(29, 7, 'R3912', 13, 'Tell medical pull join. People recent family I history exist.'),
(11, 1, 'R93429', 14, 'Sure edge arrive table similar bed option half.'),
(35, 3, 'R590', 15, DEFAULT),
(49, 2, 'R6813', 16, 'Those door will floor. Already partner smile finally wear. Organization cost fire else feel.'),
(57, 9, 'R413', 17, 'Foot opportunity mouth present life than two. Any cause computer throughout able how white.'),
(28, 6, 'R868', 18, DEFAULT),
(54, 3, 'R233', 19, DEFAULT),
(16, 5, 'R191', 20, 'Short space morning movement stay skill.'),
(29, 6, 'R402122', 21, 'Society Democrat here ever. Reveal all leg west pick minute. See civil forward simply less campaign.'),
(31, 4, 'R0600', 22, 'Area threat image arm. May race live near center your check if. Speak or activity agent.'),
(32, 7, 'R7879', 23, 'Seem medical goal tonight my surface. Event organization top through technology thing. Value two technology get.'),
(13, 2, 'R970', 24, 'New quite threat few. Travel soldier strong charge director compare might field. Range sit today book support size city.'),
(37, 9, 'R71', 25, 'These total sign know laugh. After beat entire think explain out purpose.'),
(25, 6, 'R402140', 26, 'I item organization arrive know. Fly season success foreign. Piece value education student line what. Peace seven full these technology size reflect.'),
(48, 9, 'R778', 27, 'Street director peace certainly condition.'),
(6, 10, 'R76', 28, 'In happen health learn west happy. Agent matter design prevent memory capital. Hotel check push fight case change.'),
(34, 10, 'R7989', 29, 'Western role modern stop blood listen poor draw. Positive same amount hear. Study window activity born alone.'),
(5, 3, 'R51', 30, 'Development base establish people. This three short so.'),
(39, 4, 'R10824', 31, 'Ability garden rather form ready special same. Ready meeting actually top one couple.'),
(32, 4, 'R4024', 32, 'How another not education. Quite improve kitchen hit imagine.'),
(14, 6, 'R7889', 33, DEFAULT),
(5, 4, 'R87614', 34, 'Can these bad sister science. Audience want bad continue certain drive. Food range Republican value effect.'),
(24, 1, 'R1010', 35, DEFAULT),
(58, 3, 'R861', 36, 'Born by easy finally contain list decision. Now various keep various south certain news. Exactly standard big affect consider occur common group.'),
(49, 2, 'R402143', 37, 'Study role travel lawyer.'),
(50, 6, 'R856', 38, 'Beat must determine. Will way ground wait.'),
(53, 3, 'R560', 39, 'Head successful source plant need friend do. Similar training politics.'),
(37, 5, 'R13', 40, 'List she thing west growth important serve. Bar military manage company.'),
(39, 5, 'R868', 41, 'They join century old. Current education find listen.'),
(47, 4, 'R402410', 42, DEFAULT),
(40, 7, 'R832', 43, 'Stage hope action share. Do arrive price behavior people management from.'),
(3, 3, 'R402422', 44, DEFAULT),
(9, 2, 'R402434', 45, 'First senior significant again former fine. Two letter form character opportunity. Friend throughout since go into hand record without.'),
(42, 9, 'R7881', 46, DEFAULT),
(10, 1, 'R1935', 47, 'Always help watch.'),
(3, 5, 'R931', 48, 'Recently pretty PM source clear dog. Data budget party action less. White enjoy join goal test.'),
(35, 3, 'R402322', 49, 'Tree behavior support peace glass. Nation fall very it eat likely town.'),
(47, 6, 'R10815', 50, 'Cold firm push student. Find paper dinner hundred doctor body result attorney. Bank condition reduce energy animal still by can.'),
(10, 2, 'R221', 51, 'People open spend piece power. Table boy her environmental.'),
(10, 2, 'R068', 52, 'Early shoulder blood left deal particularly. Plant audience owner ok stock hand red.'),
(5, 9, 'R834', 53, 'What person put see.'),
(20, 7, 'R402313', 54, 'Rise this network on shoulder behavior purpose. Likely service state building reduce pass gun. Buy adult enter need.'),
(59, 3, 'R569', 55, 'Seven west beyond toward plant support doctor. State early game.'),
(60, 7, 'R730', 56, 'Buy college next son impact ask. Agreement according mother protect pretty notice know. Different include forward.'),
(34, 3, 'R402342', 57, 'Life this drug itself prove enjoy someone. Present pattern court bill discussion while.'),
(39, 9, 'R941', 58, 'Drive inside nice indeed top.'),
(59, 5, 'R40244', 59, 'Close now yet thing century cost room. Anyone environmental couple fall. Skin event season quite affect pull thing consider.'),
(21, 1, 'R29711', 60, DEFAULT);
/* INSERT DATA INTO `report_creators` TABLE */
INSERT INTO report_creators (lab_id, report_id) VALUES
(8, 1),
(8, 2),
(8, 3),
(6, 4),
(3, 5),
(3, 6),
(10, 7),
(2, 8),
(5, 9),
(1, 10),
(6, 11),
(5, 12),
(3, 13),
(1, 14),
(4, 15),
(6, 16),
(8, 17),
(1, 18),
(2, 19),
(5, 20),
(9, 21),
(8, 22),
(8, 23),
(4, 24),
(10, 25),
(7, 26),
(1, 27),
(3, 28),
(5, 29),
(1, 30),
(9, 31),
(5, 32),
(6, 33),
(1, 34),
(3, 35),
(4, 36),
(6, 37),
(6, 38),
(7, 39),
(2, 40),
(6, 41),
(4, 42),
(7, 43),
(8, 44),
(4, 45),
(4, 46),
(6, 47),
(9, 48),
(7, 49),
(8, 50),
(8, 51),
(6, 52),
(7, 53),
(2, 54),
(7, 55),
(8, 56),
(1, 57),
(1, 58),
(8, 59),
(9, 60);
/* INSERT DATA INTO `exams` TABLE */
INSERT INTO exams (app_id, comment, exam_id, report_id) VALUES
(22, 'However professor down cold indicate there character.', 1, 2),
(1, DEFAULT, 2, 34),
(15, 'Good much spend off plant commercial. Region rise participant.', 3, 43),
(27, 'Score share push kid write box. Data wife send recognize accept purpose.', 4, 54),
(29, 'Culture others general recently way here under. Though huge this many term reflect shoulder.', 5, 23),
(41, 'Treat station suffer book.', 6, 24),
(27, DEFAULT, 7, 35),
(24, 'Concern happen resource out close. Good follow develop pass prove responsibility American.', 8, 40),
(8, 'Growth assume foreign Mr minute although talk begin.', 9, 2),
(36, DEFAULT, 10, 28),
(48, DEFAULT, 11, 19),
(20, 'Way process provide medical hour. Model perhaps his already doctor fact miss.', 12, 1),
(25, 'Him suffer lawyer light run decision. Source site identify Mr politics assume small.', 13, 47),
(46, DEFAULT, 14, 24),
(50, DEFAULT, 15, 35),
(46, 'Small some whom program movie perform much. Modern major meet southern during.', 16, 43),
(11, 'Rise direction he democratic me must whose.', 17, 2),
(21, DEFAULT, 18, 8),
(59, DEFAULT, 19, 53),
(59, 'Wrong no explain book stop.', 20, 24),
(52, 'Top north method position song husband. Building end return ever try.', 21, 1),
(41, DEFAULT, 22, 60),
(6, DEFAULT, 23, 49),
(25, 'Last simply dark life girl.', 24, 20),
(40, DEFAULT, 25, 5),
(49, 'Us significant age everyone. Tonight although middle hot affect friend glass.', 26, 34),
(39, 'Event time you man so officer. Sort add religious sing.', 27, 17),
(48, 'Significant now when test.', 28, 5),
(2, DEFAULT, 29, 34),
(15, 'Boy explain especially tell risk decade candidate. Arrive position herself around south ok lose.', 30, 2),
(49, 'Near film pay economy professor travel move. Answer occur ask force.', 31, 47),
(6, DEFAULT, 32, 34),
(35, DEFAULT, 33, 14),
(51, DEFAULT, 34, 27),
(28, 'Kid force wide house water. Perhaps data tend name effect lot give.', 35, 4),
(36, DEFAULT, 36, 3),
(58, DEFAULT, 37, 16),
(55, DEFAULT, 38, 23),
(1, DEFAULT, 39, 25),
(8, 'Suddenly between why result imagine artist customer.', 40, 39),
(40, DEFAULT, 41, 48),
(18, 'Wish offer difficult particular.', 42, 19),
(4, 'Adult size field his whom. About employee why response young.', 43, 14),
(17, 'Just able popular red.', 44, 28),
(58, 'Time keep herself myself policy bring.', 45, 29),
(49, 'Indicate decision southern growth skill unit notice memory. Any through development decision.', 46, 41),
(34, 'Among garden once good partner process know. Mother season behavior carry education room.', 47, 24),
(54, DEFAULT, 48, 6),
(36, 'Conference street take former.', 49, 45),
(5, 'Stop cover behavior rise employee. Modern thought common.', 50, 4),
(25, DEFAULT, 51, 44),
(30, DEFAULT, 52, 4),
(23, DEFAULT, 53, 51),
(44, 'Really against city write both.', 54, 14),
(17, DEFAULT, 55, 7),
(7, 'Six alone development. Police may include pressure.', 56, 48),
(10, DEFAULT, 57, 9),
(19, 'Only choose doctor artist whom value. Hear citizen scene.', 58, 16),
(35, 'Tend loss term final medical.', 59, 54),
(42, 'Home family writer partner vote out them. Affect wear anything admit table.', 60, 52);
/* INSERT DATA INTO `covid_exams` TABLE */
INSERT INTO covid_exams (exam_id, is_positive, test_type) VALUES
(2, True, 'PCR'),
(7, False, 'Antigen'),
(9, False, 'Antigen'),
(10, True, 'Antigen'),
(13, False, 'PCR'),
(14, False, 'PCR'),
(17, False, 'Antigen'),
(26, True, 'PCR'),
(27, False, 'PCR'),
(29, True, 'Antigen'),
(32, False, 'PCR'),
(33, False, 'Antigen'),
(36, True, 'PCR'),
(37, False, 'Antigen'),
(38, False, 'PCR'),
(42, False, 'Antigen'),
(46, False, 'PCR'),
(48, False, 'PCR'),
(49, False, 'PCR'),
(50, False, 'PCR'),
(58, False, 'PCR');
/* INSERT DATA INTO `blood_exams` TABLE */
INSERT INTO blood_exams (blood_sugar, blood_type, exam_id) VALUES
('104.5 mg/dL', 'O-', 5),
('111.25 mg/dL', 'B-', 6),
('100.29 mg/dL', 'AB-', 24),
('87.89 mg/dL', 'A-', 25),
('107.16 mg/dL', 'O+', 30),
('101.62 mg/dL', 'B-', 40),
('73.75 mg/dL', 'O-', 52),
('101.92 mg/dL', 'B-', 53),
('105.32 mg/dL', 'AB-', 54),
('81.47 mg/dL', 'O-', 56),
('79.64 mg/dL', 'A+', 57);
/* INSERT DATA INTO `administered_vaccines` TABLE */
INSERT INTO administered_vaccines (exam_id, vaccine_type) VALUES
(1, 'Tuberculosis'),
(3, 'Diphtheria'),
(4, 'Rubella'),
(8, 'Rotavirus'),
(11, 'Diphtheria'),
(12, 'Hepatitis B'),
(15, 'Pertussis'),
(16, 'Haemophilus Influenza Type B'),
(18, 'Rotavirus'),
(19, 'Rotavirus'),
(20, 'Tuberculosis'),
(21, 'Hepatitis B'),
(22, 'Diphtheria'),
(23, 'Pneumococcal diseases'),
(28, 'Diphtheria'),
(31, 'Measles'),
(34, 'Rotavirus'),
(35, 'Pertussis'),
(39, 'Hepatitis B'),
(41, 'Pertussis'),
(43, 'Rotavirus'),
(44, 'Hepatitis B'),
(45, 'Rotavirus'),
(47, 'Diphtheria'),
(51, 'Tuberculosis'),
(55, 'Tetanus'),
(59, 'Poliovirus'),
(60, 'Mumps');
/* INSERT DATA INTO `diagnoses` TABLE */
INSERT INTO diagnoses (app_id, comment, emp_id, icd_code, patient_id) VALUES
(1, 'Size offer consumer positive. Develop news like today wait work. Entire matter some man interview three economy.', 20, 'R7881', 4),
(3, DEFAULT, 16, 'R85612', 27),
(4, 'Future second reach leg bring accept employee. Grow make free month. Big person conference type start if.', 14, 'R2233', 4),
(4, 'Fine over red teach time information since both. Along son make time since. Direction security window send the live economic.', 14, 'R5382', 4),
(7, 'Clearly voice region until. Worry understand contain.', 5, 'R40244', 8),
(8, 'Culture ability beat. Politics town recent blue politics firm phone. Mouth dog magazine particularly. It message meeting free.', 14, 'R888', 26),
(8, 'All TV imagine common level let. Ok war actually official significant name. Thing bed concern worker drive.', 14, 'R29724', 26),
(9, 'His participant nation institution. West include environment president. Visit indeed school because.', 10, 'R87616', 21),
(9, 'Charge notice practice should size. Player degree window training. Learn exactly reach difficult represent deal strong.', 10, 'R94111', 21),
(12, DEFAULT, 12, 'R29891', 8),
(12, 'Kind win safe question.', 12, 'R4020', 8),
(13, 'May arrive kind by us analysis collection. Throughout believe project resource floor. Involve of service drive attack safe low.', 2, 'R200', 25),
(13, 'Effect six too trip then music. Party industry relate affect contain tell tough. Require along speech food seat actually actually.', 2, 'R231', 25),
(14, 'Support data happen try gun national minute. Water exist page school another sell. Model politics yet yes responsibility heavy.', 7, 'R1084', 6),
(15, 'Me fast bit hope service yourself. Ball stop enough decade raise issue.', 1, 'R94131', 22),
(15, 'Television conference staff discover society ready left. Born energy think hit truth become.', 1, 'R94113', 22),
(17, 'Important social artist hot work. Sometimes bill both. Expect affect himself.', 7, 'R402313', 17),
(17, DEFAULT, 7, 'R049', 17),
(18, 'Strategy various wall hear edge picture agency. Career whatever ten far available. Organization want build assume.', 9, 'R936', 1),
(21, 'Spend beat do put civil every. Successful film product. Thousand career professor ready politics order.', 11, 'R948', 19),
(21, 'Operation difference bar professor. High represent they language address social clear market. Fall cover character president defense.', 11, 'R151', 19),
(23, 'Study career including control. Amount figure customer top. Above education sit performance policy debate.', 9, 'R945', 8),
(24, 'Identify director forward sound task. Air senior challenge event. Single produce if prove but strong key. Because account final discover success reach.', 19, 'R465', 12),
(24, DEFAULT, 19, 'R064', 12),
(25, 'Half wait agreement available. Majority science between myself. To miss light after.', 4, 'R824', 14),
(25, 'International order herself new and rich attack serve. Ask increase particular scene set.', 4, 'R8279', 14),
(27, 'Television money student near then. However effect from program rich away option. Success list campaign happen.', 19, 'R07', 17),
(28, 'Structure one prepare organization. Leave world science reflect. Network language suffer land lot final safe pull.', 9, 'R191', 12),
(29, DEFAULT, 7, 'R483', 13),
(30, 'Three avoid population. Manager never similar identify usually site while. Control suffer letter at term spend agree.', 14, 'R402354', 25),
(30, 'Show party wall. Box campaign difference system rate myself.', 14, 'R3983', 25),
(33, 'Include increase discuss no stock ball behavior. Floor try indeed send girl likely. Allow example model town few.', 16, 'R234', 19),
(34, 'Series the sometimes interesting. Possible theory let pattern part which. Write usually design whether available.', 3, 'R87618', 9),
(35, 'Reduce find beat lay plan. Reflect stage visit strategy speak.', 17, 'R48', 16),
(38, 'Along could carry especially. Discover hour building spend suggest possible. Pick very southern thus.', 4, 'R452', 23),
(38, 'Accept popular line stage democratic sing. Reduce his science good major step along.', 4, 'R231', 23),
(39, DEFAULT, 8, 'R47', 27),
(42, 'Staff style win purpose case.', 12, 'R890', 9),
(42, 'Environment decade difficult gun single. Safe feeling out. Fast however industry buy score general behind.', 12, 'R683', 9),
(44, 'Sure beautiful study image education career. Believe expect election night.', 14, 'R863', 27),
(45, 'Glass picture run quite since population. Science send state former teach. Kitchen carry movement law.', 10, 'R87616', 28),
(46, 'Special cell save bank work turn. Ok something not better speech least. Manager pass arm couple building animal change fund. With teacher establish.', 3, 'R918', 10),
(46, 'Such begin body relationship next analysis indeed drop.', 3, 'R194', 10),
(48, 'Catch huge research item. Stage another common physical she peace should.', 5, 'R231', 15),
(51, 'Write certain wide give front manager course avoid. Old trouble individual recognize.', 12, 'R578', 21),
(51, 'Political natural road last. Government company already discussion service technology research.', 12, 'R0683', 21),
(52, 'Prove theory bring computer show church. Us fill analysis hope safe picture.', 3, 'R940', 1),
(53, 'Shake special current each certainly season region.', 7, 'R760', 4),
(57, 'Business our view herself option end song. Role partner management room safe sell present community. Little argue reason own rich.', 4, 'R9409', 25);
/* INSERT DATA INTO `appointment_medical_conditions` TABLE */
INSERT INTO appointment_medical_conditions (app_id, comment, icd_code) VALUES
(1, 'Attention opportunity study against must center. Such raise coach read church lose.', 'R109'),
(2, DEFAULT, 'R152'),
(3, 'Since thank boy find ever community.', 'R590'),
(4, DEFAULT, 'R457'),
(5, DEFAULT, 'R402114'),
(6, 'Need eye bag recent eye again space. Against interest fear always.', 'R848'),
(6, 'State same investment short else instead specific.', 'R1907'),
(7, DEFAULT, 'R85610'),
(7, DEFAULT, 'R62'),
(8, DEFAULT, 'R07'),
(9, DEFAULT, 'R939'),
(10, DEFAULT, 'R208'),
(10, 'Wall two everybody first above.', 'R152'),
(11, DEFAULT, 'R855'),
(12, 'Into build either relate discuss finish conference. True ability themselves.', 'R7981'),
(12, DEFAULT, 'R0981'),
(13, 'Mean respond place civil significant.', 'R710'),
(14, DEFAULT, 'R579'),
(15, 'Peace notice manage change particular want meet support. Common start college wall.', 'R878'),
(16, DEFAULT, 'R87615'),
(17, DEFAULT, 'R897'),
(17, DEFAULT, 'R87620'),
(18, DEFAULT, 'R402221'),
(18, DEFAULT, 'R29730'),
(19, 'Act range live along. Since training food low respond set.', 'R7309'),
(19, 'Author still reduce still thousand season program. Walk couple field eight.', 'R07'),
(20, DEFAULT, 'R0602'),
(21, 'Capital significant seat traditional goal deal.', 'R939'),
(22, DEFAULT, 'R635'),
(23, DEFAULT, 'R63'),
(24, DEFAULT, 'R97'),
(25, DEFAULT, 'R252'),
(25, DEFAULT, 'R599'),
(26, 'Though program arrive idea it tree onto.', 'R222'),
(27, 'Movement hand since become black. Home deal important current.', 'R079'),
(27, DEFAULT, 'R838'),
(28, 'Improve good save return father they hear very. Reflect including phone carry window.', 'R1082'),
(29, 'Together painting value alone could maintain. Relationship no decade.', 'R278'),
(30, DEFAULT, 'R488'),
(30, 'Modern young century again always car strategy.', 'R309'),
(31, DEFAULT, 'R94121'),
(32, 'Must end anything side low approach case. World visit which lead.', 'R29735'),
(32, DEFAULT, 'R6510'),
(33, 'Bar including even. Front free long hot.', 'R12'),
(34, DEFAULT, 'R3121'),
(35, DEFAULT, 'R6819'),
(36, 'Dinner participant cold machine our.', 'R52'),
(37, 'Manager believe day fly.', 'R293'),
(37, 'One quickly mission score stay question population. Side after art tell idea accept.', 'R0681'),
(38, DEFAULT, 'R29709'),
(38, DEFAULT, 'R37'),
(39, DEFAULT, 'R7612'),
(40, 'Case establish cost buy develop bar last. Practice century go east trip election.', 'R74'),
(41, 'Within threat black president heart. Husband heavy stuff cover training product.', 'R853'),
(42, 'Everything those whose.', 'R92'),
(42, 'Listen western treatment early wait agency change should. Community summer third fight project.', 'R15'),
(43, DEFAULT, 'R20'),
(44, DEFAULT, 'R842'),
(45, DEFAULT, 'R79'),
(45, DEFAULT, 'R783'),
(46, DEFAULT, 'R18'),
(47, 'Fire minute decade enough. Wind specific general must their.', 'R39192'),
(48, DEFAULT, 'R937'),
(48, 'Record wide suddenly game least tend throughout.', 'R509'),
(49, 'Clear environmental near future walk.', 'R825'),
(49, 'Bill during professional enough accept stay much. Term try wait side part.', 'R90'),
(50, DEFAULT, 'R358'),
(50, DEFAULT, 'R609'),
(51, DEFAULT, 'R402222'),
(51, 'Institution probably sort quality author.', 'R195'),
(52, 'Bill situation war way happy.', 'R498'),
(53, 'Matter ever stock decision sport.', 'R7889'),
(54, DEFAULT, 'R34'),
(54, DEFAULT, 'R10826'),
(55, 'Adult possible six life see.', 'R857'),
(56, 'Other set meet civil. Decade gun see individual.', 'R87612'),
(56, 'Enough American over road some stay TV.', 'R78'),
(57, DEFAULT, 'R79'),
(57, DEFAULT, 'R850'),
(58, DEFAULT, 'R29725'),
(59, DEFAULT, 'R41842'),
(60, DEFAULT, 'R402421'),
(60, DEFAULT, 'R790');
/* INSERT DATA INTO `appointment_employees` TABLE */
INSERT INTO appointment_employees (app_id, emp_id) VALUES
(1, 3),
(2, 2),
(3, 20),
(3, 12),
(4, 15),
(4, 14),
(4, 7),
(5, 2),
(5, 12),
(6, 17),
(6, 13),
(6, 15),
(7, 20),
(7, 13),
(7, 9),
(8, 19),
(8, 4),
(8, 6),
(9, 6),
(9, 18),
(10, 18),
(10, 13),
(10, 9),
(11, 19),
(12, 10),
(13, 10),
(13, 14),
(14, 1),
(14, 16),
(14, 7),
(15, 10),
(15, 7),
(15, 1),
(16, 17),
(16, 10),
(16, 4),
(17, 12),
(17, 13),
(18, 20),
(18, 13),
(19, 11),
(20, 2),
(21, 20),
(22, 14),
(22, 4),
(22, 20),
(23, 8),
(23, 11),
(24, 12),
(24, 20),
(25, 11),
(26, 3),
(26, 9),
(27, 9),
(27, 10),
(28, 14),
(29, 13),
(29, 8),
(29, 4),
(30, 9),
(31, 5),
(31, 10),
(32, 9),
(33, 1),
(34, 12),
(35, 4),
(35, 15),
(36, 2),
(36, 9),
(36, 5),
(37, 7),
(37, 8),
(38, 3),
(38, 4),
(39, 16),
(39, 15),
(40, 14),
(40, 12),
(41, 18),
(41, 6),
(41, 3),
(42, 5),
(43, 9),
(43, 3),
(44, 19),
(44, 10),
(44, 17),
(45, 16),
(46, 8),
(46, 12),
(47, 9),
(47, 11),
(48, 9),
(49, 4),
(50, 13),
(50, 20),
(51, 15),
(51, 4),
(52, 3),
(52, 18),
(52, 8),
(53, 15),
(54, 19),
(55, 9),
(55, 2),
(56, 1),
(57, 12),
(57, 15),
(57, 10),
(58, 19),
(58, 10),
(58, 11),
(59, 1),
(60, 10),
(60, 6),
(60, 1);
/* UPDATE AUTOINCREMENT START VALUES BASED ON MOCK DATA INSERTS */
select setval('patients_patient_id_seq', 30);
select setval('insurance_providers_provider_id_seq', 15);
select setval('employees_emp_id_seq', 20);
select setval('prescriptions_prescription_id_seq', 50);
select setval('relatives_relative_id_seq', 20);
select setval('referrals_ref_id_seq', 5);
select setval('immunizations_immunization_id_seq', 30);
select setval('appointments_app_id_seq', 60);
select setval('tests_test_id_seq', 40);
select setval('archived_files_file_id_seq', 10);
select setval('lab_reports_report_id_seq', 60);
select setval('exams_exam_id_seq', 60);
select setval('specialized_labs_lab_id_seq', 10);
select setval('referrable_doctors_ref_doctor_id_seq', 10);
